timestamp,fold,fold_equity,continuous_equity,step_return,continuous_drawdown_pct
2025-06-22 08:00:00+00:00,1,1.0,1.0,0.0,0.0
2025-06-22 09:00:00+00:00,1,1.0,1.0,0.0,0.0
2025-06-22 10:00:00+00:00,1,1.0,1.0,0.0,0.0
2025-06-22 11:00:00+00:00,1,1.0,1.0,0.0,0.0
2025-06-22 12:00:00+00:00,1,1.0,1.0,0.0,0.0
2025-06-22 13:00:00+00:00,1,1.0,1.0,0.0,0.0
2025-06-22 14:00:00+00:00,1,1.0,1.0,0.0,0.0
2025-06-22 15:00:00+00:00,1,1.0,1.0,0.0,0.0
2025-06-22 16:00:00+00:00,1,1.0,1.0,0.0,0.0
2025-06-22 17:00:00+00:00,1,1.0,1.0,0.0,0.0
2025-06-22 18:00:00+00:00,1,1.0,1.0,0.0,0.0
2025-06-22 19:00:00+00:00,1,1.0,1.0,0.0,0.0
2025-06-22 20:00:00+00:00,1,1.0,1.0,0.0,0.0
2025-06-22 21:00:00+00:00,1,1.0,1.0,0.0,0.0
2025-06-22 22:00:00+00:00,1,1.0,1.0,0.0,0.0
2025-06-22 23:00:00+00:00,1,1.0,1.0,0.0,0.0
2025-06-23 00:00:00+00:00,1,1.0,1.0,0.0,0.0
2025-06-23 01:00:00+00:00,1,1.0,1.0,0.0,0.0
2025-06-23 02:00:00+00:00,1,1.0,1.0,0.0,0.0
2025-06-23 03:00:00+00:00,1,1.0,1.0,0.0,0.0
2025-06-23 04:00:00+00:00,1,1.0,1.0,0.0,0.0
2025-06-23 05:00:00+00:00,1,1.0,1.0,0.0,0.0
2025-06-23 06:00:00+00:00,1,1.0,1.0,0.0,0.0
2025-06-23 07:00:00+00:00,1,1.0,1.0,0.0,0.0
2025-06-23 08:00:00+00:00,1,1.0,1.0,0.0,0.0
2025-06-23 09:00:00+00:00,1,1.0,1.0,0.0,0.0
2025-06-23 10:00:00+00:00,1,1.0,1.0,0.0,0.0
2025-06-23 11:00:00+00:00,1,1.0,1.0,0.0,0.0
2025-06-23 12:00:00+00:00,1,1.0,1.0,0.0,0.0
2025-06-23 13:00:00+00:00,1,1.0,1.0,0.0,0.0
2025-06-23 14:00:00+00:00,1,1.0,1.0,0.0,0.0
2025-06-23 15:00:00+00:00,1,1.0,1.0,0.0,0.0
2025-06-23 16:00:00+00:00,1,1.0,1.0,0.0,0.0
2025-06-23 17:00:00+00:00,1,1.0,1.0,0.0,0.0
2025-06-23 18:00:00+00:00,1,1.0,1.0,0.0,0.0
2025-06-23 19:00:00+00:00,1,1.0,1.0,0.0,0.0
2025-06-23 20:00:00+00:00,1,1.0,1.0,0.0,0.0
2025-06-23 21:00:00+00:00,1,1.0,1.0,0.0,0.0
2025-06-23 22:00:00+00:00,1,1.0,1.0,0.0,0.0
2025-06-23 23:00:00+00:00,1,1.0,1.0,0.0,0.0
2025-06-24 00:00:00+00:00,1,1.0,1.0,0.0,0.0
2025-06-24 01:00:00+00:00,1,1.0,1.0,0.0,0.0
2025-06-24 02:00:00+00:00,1,1.0,1.0,0.0,0.0
2025-06-24 03:00:00+00:00,1,1.0,1.0,0.0,0.0
2025-06-24 04:00:00+00:00,1,1.0,1.0,0.0,0.0
2025-06-24 05:00:00+00:00,1,1.0,1.0,0.0,0.0
2025-06-24 06:00:00+00:00,1,1.0,1.0,0.0,0.0
2025-06-24 07:00:00+00:00,1,1.0,1.0,0.0,0.0
2025-06-24 08:00:00+00:00,1,1.0,1.0,0.0,0.0
2025-06-24 09:00:00+00:00,1,1.0,1.0,0.0,0.0
2025-06-24 10:00:00+00:00,1,1.0,1.0,0.0,0.0
2025-06-24 11:00:00+00:00,1,1.0,1.0,0.0,0.0
2025-06-24 12:00:00+00:00,1,1.0,1.0,0.0,0.0
2025-06-24 13:00:00+00:00,1,1.0,1.0,0.0,0.0
2025-06-24 14:00:00+00:00,1,1.0,1.0,0.0,0.0
2025-06-24 15:00:00+00:00,1,1.0,1.0,0.0,0.0
2025-06-24 16:00:00+00:00,1,1.0,1.0,0.0,0.0
2025-06-24 17:00:00+00:00,1,1.0,1.0,0.0,0.0
2025-06-24 18:00:00+00:00,1,1.0,1.0,0.0,0.0
2025-06-24 19:00:00+00:00,1,1.003853,1.003853,0.003853,0.0
2025-06-24 20:00:00+00:00,1,1.003253,1.003253,-0.000598,0.0598
2025-06-24 21:00:00+00:00,1,1.001555,1.001554,-0.001693,0.229
2025-06-24 22:00:00+00:00,1,1.000955,1.000954,-0.000599,0.2888
2025-06-24 23:00:00+00:00,1,1.000955,1.000954,0.0,0.2888
2025-06-25 00:00:00+00:00,1,1.000955,1.000954,0.0,0.2888
2025-06-25 01:00:00+00:00,1,1.000955,1.000954,0.0,0.2888
2025-06-25 02:00:00+00:00,1,1.000955,1.000954,0.0,0.2888
2025-06-25 03:00:00+00:00,1,1.000955,1.000954,0.0,0.2888
2025-06-25 04:00:00+00:00,1,1.000955,1.000954,0.0,0.2888
2025-06-25 05:00:00+00:00,1,1.000955,1.000954,0.0,0.2888
2025-06-25 06:00:00+00:00,1,1.000955,1.000954,0.0,0.2888
2025-06-25 07:00:00+00:00,1,1.000955,1.000954,0.0,0.2888
2025-06-25 08:00:00+00:00,1,1.000955,1.000954,0.0,0.2888
2025-06-25 09:00:00+00:00,1,1.000955,1.000954,0.0,0.2888
2025-06-25 10:00:00+00:00,1,1.000955,1.000954,0.0,0.2888
2025-06-25 11:00:00+00:00,1,1.000955,1.000954,0.0,0.2888
2025-06-25 12:00:00+00:00,1,1.000955,1.000954,0.0,0.2888
2025-06-25 13:00:00+00:00,1,1.000955,1.000954,0.0,0.2888
2025-06-25 14:00:00+00:00,1,1.000955,1.000954,0.0,0.2888
2025-06-25 15:00:00+00:00,1,1.000955,1.000954,0.0,0.2888
2025-06-25 16:00:00+00:00,1,1.000955,1.000954,0.0,0.2888
2025-06-25 17:00:00+00:00,1,1.000955,1.000954,0.0,0.2888
2025-06-25 18:00:00+00:00,1,1.000955,1.000954,0.0,0.2888
2025-06-25 19:00:00+00:00,1,1.000955,1.000954,0.0,0.2888
2025-06-25 20:00:00+00:00,1,1.000955,1.000954,0.0,0.2888
2025-06-25 21:00:00+00:00,1,1.000955,1.000954,0.0,0.2888
2025-06-25 22:00:00+00:00,1,1.000955,1.000954,0.0,0.2888
2025-06-25 23:00:00+00:00,1,1.000955,1.000954,0.0,0.2888
2025-06-26 00:00:00+00:00,1,1.000955,1.000954,0.0,0.2888
2025-06-26 01:00:00+00:00,1,1.000955,1.000954,0.0,0.2888
2025-06-26 02:00:00+00:00,1,1.000955,1.000954,0.0,0.2888
2025-06-26 03:00:00+00:00,1,1.000955,1.000954,0.0,0.2888
2025-06-26 04:00:00+00:00,1,1.000955,1.000954,0.0,0.2888
2025-06-26 05:00:00+00:00,1,1.000955,1.000954,0.0,0.2888
2025-06-26 06:00:00+00:00,1,1.000955,1.000954,0.0,0.2888
2025-06-26 07:00:00+00:00,1,1.000955,1.000954,0.0,0.2888
2025-06-26 08:00:00+00:00,1,1.000955,1.000954,0.0,0.2888
2025-06-26 09:00:00+00:00,1,1.000955,1.000954,0.0,0.2888
2025-06-26 10:00:00+00:00,1,1.000955,1.000954,0.0,0.2888
2025-06-26 11:00:00+00:00,1,1.000955,1.000954,0.0,0.2888
2025-06-26 12:00:00+00:00,1,1.000955,1.000954,0.0,0.2888
2025-06-26 13:00:00+00:00,1,1.000955,1.000954,0.0,0.2888
2025-06-26 14:00:00+00:00,1,1.000955,1.000954,0.0,0.2888
2025-06-26 15:00:00+00:00,1,1.000955,1.000954,0.0,0.2888
2025-06-26 16:00:00+00:00,1,1.000955,1.000954,0.0,0.2888
2025-06-26 17:00:00+00:00,1,1.000955,1.000954,0.0,0.2888
2025-06-26 18:00:00+00:00,1,1.000955,1.000954,0.0,0.2888
2025-06-26 19:00:00+00:00,1,1.000955,1.000954,0.0,0.2888
2025-06-26 20:00:00+00:00,1,1.000955,1.000954,0.0,0.2888
2025-06-26 21:00:00+00:00,1,1.000955,1.000954,0.0,0.2888
2025-06-26 22:00:00+00:00,1,1.000955,1.000954,0.0,0.2888
2025-06-26 23:00:00+00:00,1,1.000955,1.000954,0.0,0.2888
2025-06-27 00:00:00+00:00,1,1.000955,1.000954,0.0,0.2888
2025-06-27 01:00:00+00:00,1,1.000955,1.000954,0.0,0.2888
2025-06-27 02:00:00+00:00,1,1.000955,1.000954,0.0,0.2888
2025-06-27 03:00:00+00:00,1,1.000955,1.000954,0.0,0.2888
2025-06-27 04:00:00+00:00,1,1.000955,1.000954,0.0,0.2888
2025-06-27 05:00:00+00:00,1,1.000955,1.000954,0.0,0.2888
2025-06-27 06:00:00+00:00,1,1.000955,1.000954,0.0,0.2888
2025-06-27 07:00:00+00:00,1,1.000955,1.000954,0.0,0.2888
2025-06-27 08:00:00+00:00,1,1.000955,1.000954,0.0,0.2888
2025-06-27 09:00:00+00:00,1,1.000955,1.000954,0.0,0.2888
2025-06-27 10:00:00+00:00,1,1.000955,1.000954,0.0,0.2888
2025-06-27 11:00:00+00:00,1,1.000955,1.000954,0.0,0.2888
2025-06-27 12:00:00+00:00,1,1.000955,1.000954,0.0,0.2888
2025-06-27 13:00:00+00:00,1,1.000955,1.000954,0.0,0.2888
2025-06-27 14:00:00+00:00,1,1.000955,1.000954,0.0,0.2888
2025-06-27 15:00:00+00:00,1,1.000955,1.000954,0.0,0.2888
2025-06-27 16:00:00+00:00,1,1.000955,1.000954,0.0,0.2888
2025-06-27 17:00:00+00:00,1,1.000955,1.000954,0.0,0.2888
2025-06-27 18:00:00+00:00,1,1.000955,1.000954,0.0,0.2888
2025-06-27 19:00:00+00:00,1,1.000955,1.000954,0.0,0.2888
2025-06-27 20:00:00+00:00,1,1.000955,1.000954,0.0,0.2888
2025-06-27 21:00:00+00:00,1,1.000955,1.000954,0.0,0.2888
2025-06-27 22:00:00+00:00,1,1.000955,1.000954,0.0,0.2888
2025-06-27 23:00:00+00:00,1,1.000955,1.000954,0.0,0.2888
2025-06-28 00:00:00+00:00,1,1.000955,1.000954,0.0,0.2888
2025-06-28 01:00:00+00:00,1,1.000955,1.000954,0.0,0.2888
2025-06-28 02:00:00+00:00,1,1.000955,1.000954,0.0,0.2888
2025-06-28 03:00:00+00:00,1,1.000955,1.000954,0.0,0.2888
2025-06-28 04:00:00+00:00,1,1.000955,1.000954,0.0,0.2888
2025-06-28 05:00:00+00:00,1,1.000955,1.000954,0.0,0.2888
2025-06-28 06:00:00+00:00,1,1.000955,1.000954,0.0,0.2888
2025-06-28 07:00:00+00:00,1,1.000955,1.000954,0.0,0.2888
2025-06-28 08:00:00+00:00,1,1.000955,1.000954,0.0,0.2888
2025-06-28 09:00:00+00:00,1,1.000955,1.000954,0.0,0.2888
2025-06-28 10:00:00+00:00,1,1.000955,1.000954,0.0,0.2888
2025-06-28 11:00:00+00:00,1,1.000955,1.000954,0.0,0.2888
2025-06-28 12:00:00+00:00,1,1.000955,1.000954,0.0,0.2888
2025-06-28 13:00:00+00:00,1,1.000955,1.000954,0.0,0.2888
2025-06-28 14:00:00+00:00,1,1.000955,1.000954,0.0,0.2888
2025-06-28 15:00:00+00:00,1,1.000955,1.000954,0.0,0.2888
2025-06-28 16:00:00+00:00,1,1.000955,1.000954,0.0,0.2888
2025-06-28 17:00:00+00:00,1,1.000955,1.000954,0.0,0.2888
2025-06-28 18:00:00+00:00,1,1.000955,1.000954,0.0,0.2888
2025-06-28 19:00:00+00:00,1,1.000955,1.000954,0.0,0.2888
2025-06-28 20:00:00+00:00,1,1.007634,1.007634,0.006673,0.0
2025-06-28 21:00:00+00:00,1,1.007816,1.007816,0.000181,0.0
2025-06-28 22:00:00+00:00,1,1.007216,1.007216,-0.000595,0.0595
2025-06-28 23:00:00+00:00,1,1.007216,1.007216,0.0,0.0595
2025-06-29 00:00:00+00:00,1,1.007216,1.007216,0.0,0.0595
2025-06-29 01:00:00+00:00,1,1.007216,1.007216,0.0,0.0595
2025-06-29 02:00:00+00:00,1,1.007216,1.007216,0.0,0.0595
2025-06-29 03:00:00+00:00,1,1.007216,1.007216,0.0,0.0595
2025-06-29 04:00:00+00:00,1,1.007216,1.007216,0.0,0.0595
2025-06-29 05:00:00+00:00,1,1.007216,1.007216,0.0,0.0595
2025-06-29 06:00:00+00:00,1,1.007216,1.007216,0.0,0.0595
2025-06-29 07:00:00+00:00,1,1.007216,1.007216,0.0,0.0595
2025-06-29 08:00:00+00:00,1,1.007216,1.007216,0.0,0.0595
2025-06-29 09:00:00+00:00,1,1.007216,1.007216,0.0,0.0595
2025-06-29 10:00:00+00:00,1,1.007216,1.007216,0.0,0.0595
2025-06-29 11:00:00+00:00,1,1.007216,1.007216,0.0,0.0595
2025-06-29 12:00:00+00:00,1,1.007216,1.007216,0.0,0.0595
2025-06-29 13:00:00+00:00,1,1.007216,1.007216,0.0,0.0595
2025-06-29 14:00:00+00:00,1,1.007216,1.007216,0.0,0.0595
2025-06-29 15:00:00+00:00,1,1.007216,1.007216,0.0,0.0595
2025-06-29 16:00:00+00:00,1,1.007707,1.007707,0.000487,0.0108
2025-06-29 17:00:00+00:00,1,1.007107,1.007107,-0.000595,0.0704
2025-06-29 18:00:00+00:00,1,1.007107,1.007107,0.0,0.0704
2025-06-29 19:00:00+00:00,1,1.007107,1.007107,0.0,0.0704
2025-06-29 20:00:00+00:00,1,1.007107,1.007107,0.0,0.0704
2025-06-29 21:00:00+00:00,1,1.007107,1.007107,0.0,0.0704
2025-06-29 22:00:00+00:00,1,1.007107,1.007107,0.0,0.0704
2025-06-29 23:00:00+00:00,1,1.007107,1.007107,0.0,0.0704
2025-06-30 00:00:00+00:00,1,1.007107,1.007107,0.0,0.0704
2025-06-30 01:00:00+00:00,1,1.007107,1.007107,0.0,0.0704
2025-06-30 02:00:00+00:00,1,1.007107,1.007107,0.0,0.0704
2025-06-30 03:00:00+00:00,1,1.007107,1.007107,0.0,0.0704
2025-06-30 04:00:00+00:00,1,1.007107,1.007107,0.0,0.0704
2025-06-30 05:00:00+00:00,1,1.007107,1.007107,0.0,0.0704
2025-06-30 06:00:00+00:00,1,1.007107,1.007107,0.0,0.0704
2025-06-30 07:00:00+00:00,1,1.007107,1.007107,0.0,0.0704
2025-06-30 08:00:00+00:00,1,1.007107,1.007107,0.0,0.0704
2025-06-30 09:00:00+00:00,1,1.007107,1.007107,0.0,0.0704
2025-06-30 10:00:00+00:00,1,1.007107,1.007107,0.0,0.0704
2025-06-30 11:00:00+00:00,1,1.007107,1.007107,0.0,0.0704
2025-06-30 12:00:00+00:00,1,1.007107,1.007107,0.0,0.0704
2025-06-30 13:00:00+00:00,1,1.007107,1.007107,0.0,0.0704
2025-06-30 14:00:00+00:00,1,1.007107,1.007107,0.0,0.0704
2025-06-30 15:00:00+00:00,1,1.007107,1.007107,0.0,0.0704
2025-06-30 16:00:00+00:00,1,1.007107,1.007107,0.0,0.0704
2025-06-30 17:00:00+00:00,1,1.007107,1.007107,0.0,0.0704
2025-06-30 18:00:00+00:00,1,1.007107,1.007107,0.0,0.0704
2025-06-30 19:00:00+00:00,1,1.007107,1.007107,0.0,0.0704
2025-06-30 20:00:00+00:00,1,1.007107,1.007107,0.0,0.0704
2025-06-30 21:00:00+00:00,1,1.007107,1.007107,0.0,0.0704
2025-06-30 22:00:00+00:00,1,1.007107,1.007107,0.0,0.0704
2025-06-30 23:00:00+00:00,1,1.007107,1.007107,0.0,0.0704
2025-07-01 00:00:00+00:00,1,1.007107,1.007107,0.0,0.0704
2025-07-01 01:00:00+00:00,1,1.007107,1.007107,0.0,0.0704
2025-07-01 02:00:00+00:00,1,1.007107,1.007107,0.0,0.0704
2025-07-01 03:00:00+00:00,1,1.007107,1.007107,0.0,0.0704
2025-07-01 04:00:00+00:00,1,1.007107,1.007107,0.0,0.0704
2025-07-01 05:00:00+00:00,1,1.007107,1.007107,0.0,0.0704
2025-07-01 06:00:00+00:00,1,1.007107,1.007107,0.0,0.0704
2025-07-01 07:00:00+00:00,1,1.007107,1.007107,0.0,0.0704
2025-07-01 08:00:00+00:00,1,1.007107,1.007107,0.0,0.0704
2025-07-01 09:00:00+00:00,1,1.007107,1.007107,0.0,0.0704
2025-07-01 10:00:00+00:00,1,1.007107,1.007107,0.0,0.0704
2025-07-01 11:00:00+00:00,1,1.007107,1.007107,0.0,0.0704
2025-07-01 12:00:00+00:00,1,1.007107,1.007107,0.0,0.0704
2025-07-01 13:00:00+00:00,1,1.007107,1.007107,0.0,0.0704
2025-07-01 14:00:00+00:00,1,1.007107,1.007107,0.0,0.0704
2025-07-01 15:00:00+00:00,1,1.007107,1.007107,0.0,0.0704
2025-07-01 16:00:00+00:00,1,1.007107,1.007107,0.0,0.0704
2025-07-01 17:00:00+00:00,1,1.007107,1.007107,0.0,0.0704
2025-07-01 18:00:00+00:00,1,1.007107,1.007107,0.0,0.0704
2025-07-01 19:00:00+00:00,1,1.007107,1.007107,0.0,0.0704
2025-07-01 20:00:00+00:00,1,1.007107,1.007107,0.0,0.0704
2025-07-01 21:00:00+00:00,1,1.007107,1.007107,0.0,0.0704
2025-07-01 22:00:00+00:00,1,1.007107,1.007107,0.0,0.0704
2025-07-01 23:00:00+00:00,1,1.007107,1.007107,0.0,0.0704
2025-07-02 00:00:00+00:00,1,1.007107,1.007107,0.0,0.0704
2025-07-02 01:00:00+00:00,1,1.007107,1.007107,0.0,0.0704
2025-07-02 02:00:00+00:00,1,1.007107,1.007107,0.0,0.0704
2025-07-02 03:00:00+00:00,1,1.007107,1.007107,0.0,0.0704
2025-07-02 04:00:00+00:00,1,1.007107,1.007107,0.0,0.0704
2025-07-02 05:00:00+00:00,1,1.007107,1.007107,0.0,0.0704
2025-07-02 06:00:00+00:00,1,1.007107,1.007107,0.0,0.0704
2025-07-02 07:00:00+00:00,1,1.007107,1.007107,0.0,0.0704
2025-07-02 08:00:00+00:00,1,1.007107,1.007107,0.0,0.0704
2025-07-02 09:00:00+00:00,1,1.007107,1.007107,0.0,0.0704
2025-07-02 10:00:00+00:00,1,1.007107,1.007107,0.0,0.0704
2025-07-02 11:00:00+00:00,1,1.007107,1.007107,0.0,0.0704
2025-07-02 12:00:00+00:00,1,1.007107,1.007107,0.0,0.0704
2025-07-02 13:00:00+00:00,1,1.007107,1.007107,0.0,0.0704
2025-07-02 14:00:00+00:00,1,1.007107,1.007107,0.0,0.0704
2025-07-02 15:00:00+00:00,1,1.007107,1.007107,0.0,0.0704
2025-07-02 16:00:00+00:00,1,1.007107,1.007107,0.0,0.0704
2025-07-02 17:00:00+00:00,1,1.007107,1.007107,0.0,0.0704
2025-07-02 18:00:00+00:00,1,1.007107,1.007107,0.0,0.0704
2025-07-02 19:00:00+00:00,1,1.005013,1.005014,-0.002079,0.278
2025-07-02 20:00:00+00:00,1,1.002807,1.002807,-0.002196,0.497
2025-07-02 21:00:00+00:00,1,1.0034,1.0034,0.000592,0.4382
2025-07-02 22:00:00+00:00,1,1.005623,1.005623,0.002215,0.2176
2025-07-02 23:00:00+00:00,1,1.005023,1.005022,-0.000597,0.2772
2025-07-03 00:00:00+00:00,1,1.004236,1.004235,-0.000783,0.3553
2025-07-03 01:00:00+00:00,1,1.006318,1.006317,0.002073,0.1487
2025-07-03 02:00:00+00:00,1,1.005718,1.005717,-0.000596,0.2083
2025-07-03 03:00:00+00:00,1,1.008319,1.008319,0.002587,0.0
2025-07-03 04:00:00+00:00,1,1.007719,1.007719,-0.000595,0.0595
2025-07-03 05:00:00+00:00,1,1.007719,1.007719,0.0,0.0595
2025-07-03 06:00:00+00:00,1,1.007719,1.007719,0.0,0.0595
2025-07-03 07:00:00+00:00,1,1.007719,1.007719,0.0,0.0595
2025-07-03 08:00:00+00:00,1,1.007719,1.007719,0.0,0.0595
2025-07-03 09:00:00+00:00,1,1.007719,1.007719,0.0,0.0595
2025-07-03 10:00:00+00:00,1,1.007719,1.007719,0.0,0.0595
2025-07-03 11:00:00+00:00,1,1.007719,1.007719,0.0,0.0595
2025-07-03 12:00:00+00:00,1,1.007719,1.007719,0.0,0.0595
2025-07-03 13:00:00+00:00,1,1.007719,1.007719,0.0,0.0595
2025-07-03 14:00:00+00:00,1,1.007719,1.007719,0.0,0.0595
2025-07-03 15:00:00+00:00,1,1.007719,1.007719,0.0,0.0595
2025-07-03 16:00:00+00:00,1,1.007719,1.007719,0.0,0.0595
2025-07-03 17:00:00+00:00,1,1.007719,1.007719,0.0,0.0595
2025-07-03 18:00:00+00:00,1,1.007719,1.007719,0.0,0.0595
2025-07-03 19:00:00+00:00,1,1.007719,1.007719,0.0,0.0595
2025-07-03 20:00:00+00:00,1,1.007719,1.007719,0.0,0.0595
2025-07-03 21:00:00+00:00,1,1.007719,1.007719,0.0,0.0595
2025-07-03 22:00:00+00:00,1,1.007719,1.007719,0.0,0.0595
2025-07-03 23:00:00+00:00,1,1.007719,1.007719,0.0,0.0595
2025-07-04 00:00:00+00:00,1,1.007719,1.007719,0.0,0.0595
2025-07-04 01:00:00+00:00,1,1.007719,1.007719,0.0,0.0595
2025-07-04 02:00:00+00:00,1,1.007719,1.007719,0.0,0.0595
2025-07-04 03:00:00+00:00,1,1.007719,1.007719,0.0,0.0595
2025-07-04 04:00:00+00:00,1,1.007719,1.007719,0.0,0.0595
2025-07-04 05:00:00+00:00,1,1.007719,1.007719,0.0,0.0595
2025-07-04 06:00:00+00:00,1,1.007224,1.007224,-0.000491,0.1086
2025-07-04 07:00:00+00:00,1,1.006624,1.006624,-0.000596,0.1681
2025-07-04 08:00:00+00:00,1,1.006624,1.006624,0.0,0.1681
2025-07-04 09:00:00+00:00,1,1.006624,1.006624,0.0,0.1681
2025-07-04 10:00:00+00:00,1,1.006624,1.006624,0.0,0.1681
2025-07-04 11:00:00+00:00,1,1.006624,1.006624,0.0,0.1681
2025-07-04 12:00:00+00:00,1,1.006624,1.006624,0.0,0.1681
2025-07-04 13:00:00+00:00,1,1.006624,1.006624,0.0,0.1681
2025-07-04 14:00:00+00:00,1,1.006624,1.006624,0.0,0.1681
2025-07-04 15:00:00+00:00,1,1.006624,1.006624,0.0,0.1681
2025-07-04 16:00:00+00:00,1,1.006624,1.006624,0.0,0.1681
2025-07-04 17:00:00+00:00,1,1.006624,1.006624,0.0,0.1681
2025-07-04 18:00:00+00:00,1,1.006624,1.006624,0.0,0.1681
2025-07-04 19:00:00+00:00,1,1.006624,1.006624,0.0,0.1681
2025-07-04 20:00:00+00:00,1,1.006624,1.006624,0.0,0.1681
2025-07-04 21:00:00+00:00,1,1.006624,1.006624,0.0,0.1681
2025-07-04 22:00:00+00:00,1,1.006624,1.006624,0.0,0.1681
2025-07-04 23:00:00+00:00,1,1.006624,1.006624,0.0,0.1681
2025-07-05 00:00:00+00:00,1,1.006624,1.006624,0.0,0.1681
2025-07-05 01:00:00+00:00,1,1.006624,1.006624,0.0,0.1681
2025-07-05 02:00:00+00:00,1,1.006624,1.006624,0.0,0.1681
2025-07-05 03:00:00+00:00,1,1.006624,1.006624,0.0,0.1681
2025-07-05 04:00:00+00:00,1,1.006624,1.006624,0.0,0.1681
2025-07-05 05:00:00+00:00,1,1.006624,1.006624,0.0,0.1681
2025-07-05 06:00:00+00:00,1,1.006624,1.006624,0.0,0.1681
2025-07-05 07:00:00+00:00,1,1.006624,1.006624,0.0,0.1681
2025-07-05 08:00:00+00:00,1,1.006624,1.006624,0.0,0.1681
2025-07-05 09:00:00+00:00,1,1.006624,1.006624,0.0,0.1681
2025-07-05 10:00:00+00:00,1,1.006624,1.006624,0.0,0.1681
2025-07-05 11:00:00+00:00,1,1.006624,1.006624,0.0,0.1681
2025-07-05 12:00:00+00:00,1,1.006624,1.006624,0.0,0.1681
2025-07-05 13:00:00+00:00,1,1.006624,1.006624,0.0,0.1681
2025-07-05 14:00:00+00:00,1,1.006624,1.006624,0.0,0.1681
2025-07-05 15:00:00+00:00,1,1.006624,1.006624,0.0,0.1681
2025-07-05 16:00:00+00:00,1,1.006624,1.006624,0.0,0.1681
2025-07-05 17:00:00+00:00,1,1.006624,1.006624,0.0,0.1681
2025-07-05 18:00:00+00:00,1,1.006624,1.006624,0.0,0.1681
2025-07-05 19:00:00+00:00,1,1.003117,1.003116,-0.003485,0.516
2025-07-05 20:00:00+00:00,1,1.00376,1.00376,0.000642,0.4521
2025-07-05 21:00:00+00:00,1,1.00316,1.00316,-0.000598,0.5116
2025-07-05 22:00:00+00:00,1,1.00316,1.00316,0.0,0.5116
2025-07-05 23:00:00+00:00,1,1.00316,1.00316,0.0,0.5116
2025-07-06 00:00:00+00:00,1,1.00316,1.00316,0.0,0.5116
2025-07-06 01:00:00+00:00,1,1.00316,1.00316,0.0,0.5116
2025-07-06 02:00:00+00:00,1,1.00316,1.00316,0.0,0.5116
2025-07-06 03:00:00+00:00,1,1.00316,1.00316,0.0,0.5116
2025-07-06 04:00:00+00:00,1,1.004822,1.004822,0.001657,0.3468
2025-07-06 05:00:00+00:00,1,1.004222,1.004222,-0.000597,0.4063
2025-07-06 06:00:00+00:00,1,1.004222,1.004222,0.0,0.4063
2025-07-06 07:00:00+00:00,1,1.004192,1.004192,-3e-05,0.4093
2025-07-06 08:00:00+00:00,1,1.005453,1.005453,0.001256,0.2842
2025-07-06 09:00:00+00:00,1,1.00655,1.00655,0.001091,0.1754
2025-07-06 10:00:00+00:00,1,1.00595,1.00595,-0.000596,0.2349
2025-07-06 11:00:00+00:00,1,1.00595,1.00595,0.0,0.2349
2025-07-06 12:00:00+00:00,1,1.00595,1.00595,0.0,0.2349
2025-07-06 13:00:00+00:00,1,1.00595,1.00595,0.0,0.2349
2025-07-06 14:00:00+00:00,1,1.00595,1.00595,0.0,0.2349
2025-07-06 15:00:00+00:00,1,1.00595,1.00595,0.0,0.2349
2025-07-06 16:00:00+00:00,1,1.00595,1.00595,0.0,0.2349
2025-07-06 17:00:00+00:00,1,1.00595,1.00595,0.0,0.2349
2025-07-06 18:00:00+00:00,1,1.00595,1.00595,0.0,0.2349
2025-07-06 19:00:00+00:00,1,0.999277,0.999278,-0.006633,0.8966
2025-07-06 20:00:00+00:00,1,0.998677,0.998678,-0.0006,0.9561
2025-07-06 21:00:00+00:00,1,0.998677,0.998678,0.0,0.9561
2025-07-06 22:00:00+00:00,1,0.998677,0.998678,0.0,0.9561
2025-07-06 23:00:00+00:00,1,0.998677,0.998678,0.0,0.9561
2025-07-07 00:00:00+00:00,1,0.998677,0.998678,0.0,0.9561
2025-07-07 01:00:00+00:00,1,0.998677,0.998678,0.0,0.9561
2025-07-07 02:00:00+00:00,1,0.998677,0.998678,0.0,0.9561
2025-07-07 03:00:00+00:00,1,0.998677,0.998678,0.0,0.9561
2025-07-07 04:00:00+00:00,1,0.998677,0.998678,0.0,0.9561
2025-07-07 05:00:00+00:00,1,0.998677,0.998678,0.0,0.9561
2025-07-07 06:00:00+00:00,1,0.998677,0.998678,0.0,0.9561
2025-07-07 07:00:00+00:00,1,0.998677,0.998678,0.0,0.9561
2025-07-07 08:00:00+00:00,1,0.998677,0.998678,0.0,0.9561
2025-07-07 09:00:00+00:00,1,0.998677,0.998678,0.0,0.9561
2025-07-07 10:00:00+00:00,1,0.998677,0.998678,0.0,0.9561
2025-07-07 11:00:00+00:00,1,0.998677,0.998678,0.0,0.9561
2025-07-07 12:00:00+00:00,1,0.998677,0.998678,0.0,0.9561
2025-07-07 13:00:00+00:00,1,0.998677,0.998678,0.0,0.9561
2025-07-07 14:00:00+00:00,1,0.998677,0.998678,0.0,0.9561
2025-07-07 15:00:00+00:00,1,0.998677,0.998678,0.0,0.9561
2025-07-07 16:00:00+00:00,1,0.998677,0.998678,0.0,0.9561
2025-07-07 17:00:00+00:00,1,0.998677,0.998678,0.0,0.9561
2025-07-07 18:00:00+00:00,1,0.998677,0.998678,0.0,0.9561
2025-07-07 19:00:00+00:00,1,0.998677,0.998678,0.0,0.9561
2025-07-07 20:00:00+00:00,1,0.998677,0.998678,0.0,0.9561
2025-07-07 21:00:00+00:00,1,0.998677,0.998678,0.0,0.9561
2025-07-07 22:00:00+00:00,1,0.998677,0.998678,0.0,0.9561
2025-07-07 23:00:00+00:00,1,0.998677,0.998678,0.0,0.9561
2025-07-08 00:00:00+00:00,1,0.998677,0.998678,0.0,0.9561
2025-07-08 01:00:00+00:00,1,0.988833,0.988834,-0.009857,1.9324
2025-07-08 02:00:00+00:00,1,0.988233,0.988234,-0.000607,1.9919
2025-07-08 03:00:00+00:00,1,0.988233,0.988234,0.0,1.9919
2025-07-08 04:00:00+00:00,1,0.988233,0.988234,0.0,1.9919
2025-07-08 05:00:00+00:00,1,0.988233,0.988234,0.0,1.9919
2025-07-08 06:00:00+00:00,1,0.988233,0.988234,0.0,1.9919
2025-07-08 07:00:00+00:00,1,0.988233,0.988234,0.0,1.9919
2025-07-08 08:00:00+00:00,1,0.988233,0.988234,0.0,1.9919
2025-07-08 09:00:00+00:00,1,0.988233,0.988234,0.0,1.9919
2025-07-08 10:00:00+00:00,1,0.988233,0.988234,0.0,1.9919
2025-07-08 11:00:00+00:00,1,0.988233,0.988234,0.0,1.9919
2025-07-08 12:00:00+00:00,1,0.988233,0.988234,0.0,1.9919
2025-07-08 13:00:00+00:00,1,0.988233,0.988234,0.0,1.9919
2025-07-08 14:00:00+00:00,1,0.988233,0.988234,0.0,1.9919
2025-07-08 15:00:00+00:00,1,0.988233,0.988234,0.0,1.9919
2025-07-08 16:00:00+00:00,1,0.988233,0.988234,0.0,1.9919
2025-07-08 17:00:00+00:00,1,0.988233,0.988234,0.0,1.9919
2025-07-08 18:00:00+00:00,1,0.988233,0.988234,0.0,1.9919
2025-07-08 19:00:00+00:00,1,0.988233,0.988234,0.0,1.9919
2025-07-08 20:00:00+00:00,1,0.988233,0.988234,0.0,1.9919
2025-07-08 21:00:00+00:00,1,0.988233,0.988234,0.0,1.9919
2025-07-08 22:00:00+00:00,1,0.997097,0.997098,0.008969,1.1128
2025-07-08 23:00:00+00:00,1,0.996497,0.996497,-0.000602,1.1724
2025-07-09 00:00:00+00:00,1,0.996497,0.996497,0.0,1.1724
2025-07-09 01:00:00+00:00,1,0.997579,0.99758,0.001086,1.065
2025-07-09 02:00:00+00:00,1,0.996979,0.99698,-0.000601,1.1245
2025-07-09 03:00:00+00:00,1,0.996979,0.99698,0.0,1.1245
2025-07-09 04:00:00+00:00,1,0.996979,0.99698,0.0,1.1245
2025-07-09 05:00:00+00:00,1,0.996979,0.99698,0.0,1.1245
2025-07-09 06:00:00+00:00,1,0.996979,0.99698,0.0,1.1245
2025-07-09 07:00:00+00:00,1,0.996979,0.99698,0.0,1.1245
2025-07-09 08:00:00+00:00,1,0.996979,0.99698,0.0,1.1245
2025-07-09 09:00:00+00:00,1,0.996979,0.99698,0.0,1.1245
2025-07-09 10:00:00+00:00,1,0.996979,0.99698,0.0,1.1245
2025-07-09 11:00:00+00:00,1,0.996979,0.99698,0.0,1.1245
2025-07-09 12:00:00+00:00,1,0.996979,0.99698,0.0,1.1245
2025-07-09 13:00:00+00:00,1,0.996979,0.99698,0.0,1.1245
2025-07-09 14:00:00+00:00,1,0.996979,0.99698,0.0,1.1245
2025-07-09 15:00:00+00:00,1,0.996979,0.99698,0.0,1.1245
2025-07-09 16:00:00+00:00,1,0.996979,0.99698,0.0,1.1245
2025-07-09 17:00:00+00:00,1,0.996979,0.99698,0.0,1.1245
2025-07-09 18:00:00+00:00,1,0.996979,0.99698,0.0,1.1245
2025-07-09 19:00:00+00:00,1,0.996979,0.99698,0.0,1.1245
2025-07-09 20:00:00+00:00,1,0.996979,0.99698,0.0,1.1245
2025-07-09 21:00:00+00:00,1,0.996979,0.99698,0.0,1.1245
2025-07-09 22:00:00+00:00,1,0.996979,0.99698,0.0,1.1245
2025-07-09 23:00:00+00:00,1,0.996979,0.99698,0.0,1.1245
2025-07-10 00:00:00+00:00,1,0.996979,0.99698,0.0,1.1245
2025-07-10 01:00:00+00:00,1,0.996979,0.99698,0.0,1.1245
2025-07-10 02:00:00+00:00,1,0.996979,0.99698,0.0,1.1245
2025-07-10 03:00:00+00:00,1,0.996979,0.99698,0.0,1.1245
2025-07-10 04:00:00+00:00,1,0.996979,0.99698,0.0,1.1245
2025-07-10 05:00:00+00:00,1,0.996979,0.99698,0.0,1.1245
2025-07-10 06:00:00+00:00,1,0.996979,0.99698,0.0,1.1245
2025-07-10 07:00:00+00:00,1,0.996979,0.99698,0.0,1.1245
2025-07-10 08:00:00+00:00,1,0.996979,0.99698,0.0,1.1245
2025-07-10 09:00:00+00:00,1,0.996979,0.99698,0.0,1.1245
2025-07-10 10:00:00+00:00,1,0.996979,0.99698,0.0,1.1245
2025-07-10 11:00:00+00:00,1,0.996979,0.99698,0.0,1.1245
2025-07-10 12:00:00+00:00,1,0.996979,0.99698,0.0,1.1245
2025-07-10 13:00:00+00:00,1,0.996979,0.99698,0.0,1.1245
2025-07-10 14:00:00+00:00,1,0.996979,0.99698,0.0,1.1245
2025-07-10 15:00:00+00:00,1,0.996979,0.99698,0.0,1.1245
2025-07-10 16:00:00+00:00,1,0.996979,0.99698,0.0,1.1245
2025-07-10 17:00:00+00:00,1,0.996979,0.99698,0.0,1.1245
2025-07-10 18:00:00+00:00,1,0.996979,0.99698,0.0,1.1245
2025-07-10 19:00:00+00:00,1,0.996979,0.99698,0.0,1.1245
2025-07-10 20:00:00+00:00,1,0.996979,0.99698,0.0,1.1245
2025-07-10 21:00:00+00:00,1,0.997153,0.997154,0.000175,1.1073
2025-07-10 22:00:00+00:00,1,0.996553,0.996554,-0.000602,1.1668
2025-07-10 23:00:00+00:00,1,0.996553,0.996554,0.0,1.1668
2025-07-11 00:00:00+00:00,1,0.996553,0.996554,0.0,1.1668
2025-07-11 01:00:00+00:00,1,0.996553,0.996554,0.0,1.1668
2025-07-11 02:00:00+00:00,1,0.996553,0.996554,0.0,1.1668
2025-07-11 03:00:00+00:00,1,0.996553,0.996554,0.0,1.1668
2025-07-11 04:00:00+00:00,1,0.996553,0.996554,0.0,1.1668
2025-07-11 05:00:00+00:00,1,0.996553,0.996554,0.0,1.1668
2025-07-11 06:00:00+00:00,1,0.996553,0.996554,0.0,1.1668
2025-07-11 07:00:00+00:00,1,0.996553,0.996554,0.0,1.1668
2025-07-11 08:00:00+00:00,1,0.996553,0.996554,0.0,1.1668
2025-07-11 09:00:00+00:00,1,0.996553,0.996554,0.0,1.1668
2025-07-11 10:00:00+00:00,1,0.996553,0.996554,0.0,1.1668
2025-07-11 11:00:00+00:00,1,0.996553,0.996554,0.0,1.1668
2025-07-11 12:00:00+00:00,1,0.996553,0.996554,0.0,1.1668
2025-07-11 13:00:00+00:00,1,0.996553,0.996554,0.0,1.1668
2025-07-11 14:00:00+00:00,1,0.996553,0.996554,0.0,1.1668
2025-07-11 15:00:00+00:00,1,0.996553,0.996554,0.0,1.1668
2025-07-11 16:00:00+00:00,1,0.996553,0.996554,0.0,1.1668
2025-07-11 17:00:00+00:00,1,0.996553,0.996554,0.0,1.1668
2025-07-11 18:00:00+00:00,1,0.996553,0.996554,0.0,1.1668
2025-07-11 19:00:00+00:00,1,0.996553,0.996554,0.0,1.1668
2025-07-11 20:00:00+00:00,1,0.996553,0.996554,0.0,1.1668
2025-07-11 21:00:00+00:00,1,0.996553,0.996554,0.0,1.1668
2025-07-11 22:00:00+00:00,1,0.996553,0.996554,0.0,1.1668
2025-07-11 23:00:00+00:00,1,0.996553,0.996554,0.0,1.1668
2025-07-12 00:00:00+00:00,1,0.996553,0.996554,0.0,1.1668
2025-07-12 01:00:00+00:00,1,0.996553,0.996554,0.0,1.1668
2025-07-12 02:00:00+00:00,1,0.996553,0.996554,0.0,1.1668
2025-07-12 03:00:00+00:00,1,0.996553,0.996554,0.0,1.1668
2025-07-12 04:00:00+00:00,1,0.996553,0.996554,0.0,1.1668
2025-07-12 05:00:00+00:00,1,0.996553,0.996554,0.0,1.1668
2025-07-12 06:00:00+00:00,1,0.996553,0.996554,0.0,1.1668
2025-07-12 07:00:00+00:00,1,0.996553,0.996554,0.0,1.1668
2025-07-12 08:00:00+00:00,1,0.996553,0.996554,0.0,1.1668
2025-07-12 09:00:00+00:00,1,0.996553,0.996554,0.0,1.1668
2025-07-12 10:00:00+00:00,1,0.996553,0.996554,0.0,1.1668
2025-07-12 11:00:00+00:00,1,0.996553,0.996554,0.0,1.1668
2025-07-12 12:00:00+00:00,1,0.996553,0.996554,0.0,1.1668
2025-07-12 13:00:00+00:00,1,0.996553,0.996554,0.0,1.1668
2025-07-12 14:00:00+00:00,1,0.996553,0.996554,0.0,1.1668
2025-07-12 15:00:00+00:00,1,0.996553,0.996554,0.0,1.1668
2025-07-12 16:00:00+00:00,1,0.996553,0.996554,0.0,1.1668
2025-07-12 17:00:00+00:00,1,0.996553,0.996554,0.0,1.1668
2025-07-12 18:00:00+00:00,1,0.996553,0.996554,0.0,1.1668
2025-07-12 19:00:00+00:00,1,0.996553,0.996554,0.0,1.1668
2025-07-12 20:00:00+00:00,1,0.996553,0.996554,0.0,1.1668
2025-07-12 21:00:00+00:00,1,0.996553,0.996554,0.0,1.1668
2025-07-12 22:00:00+00:00,1,0.996553,0.996554,0.0,1.1668
2025-07-12 23:00:00+00:00,1,0.996553,0.996554,0.0,1.1668
2025-07-13 00:00:00+00:00,1,0.996553,0.996554,0.0,1.1668
2025-07-13 01:00:00+00:00,1,0.996553,0.996554,0.0,1.1668
2025-07-13 02:00:00+00:00,1,0.996553,0.996554,0.0,1.1668
2025-07-13 03:00:00+00:00,1,0.996553,0.996554,0.0,1.1668
2025-07-13 04:00:00+00:00,1,0.996553,0.996554,0.0,1.1668
2025-07-13 05:00:00+00:00,1,0.996553,0.996554,0.0,1.1668
2025-07-13 06:00:00+00:00,1,0.987067,0.987068,-0.009519,2.1076
2025-07-13 07:00:00+00:00,1,0.986467,0.986468,-0.000608,2.1671
2025-07-13 08:00:00+00:00,1,0.986467,0.986468,0.0,2.1671
2025-07-13 09:00:00+00:00,1,0.988661,0.988662,0.002224,1.9495
2025-07-13 10:00:00+00:00,1,0.987438,0.987439,-0.001237,2.0708
2025-07-13 11:00:00+00:00,1,0.985211,0.985212,-0.002255,2.2916
2025-07-13 12:00:00+00:00,1,0.982759,0.98276,-0.002489,2.5348
2025-07-13 13:00:00+00:00,1,0.982159,0.982159,-0.000611,2.5944
2025-07-13 14:00:00+00:00,1,0.982159,0.982159,0.0,2.5944
2025-07-13 15:00:00+00:00,1,0.982159,0.982159,0.0,2.5944
2025-07-13 16:00:00+00:00,1,0.982159,0.982159,0.0,2.5944
2025-07-13 17:00:00+00:00,1,0.982159,0.982159,0.0,2.5944
2025-07-13 18:00:00+00:00,1,0.988962,0.988962,0.006926,1.9197
2025-07-13 19:00:00+00:00,1,0.971543,0.971543,-0.017613,3.6473
2025-07-13 20:00:00+00:00,1,0.974752,0.974753,0.003304,3.3289
2025-07-13 21:00:00+00:00,1,0.981423,0.981424,0.006844,2.6673
2025-07-13 22:00:00+00:00,1,0.982973,0.982973,0.001578,2.5137
2025-07-13 23:00:00+00:00,1,0.982373,0.982374,-0.00061,2.5731
2025-07-14 00:00:00+00:00,1,0.97922,0.979221,-0.003209,2.8858
2025-07-14 01:00:00+00:00,1,0.979245,0.979246,2.5e-05,2.8833
2025-07-14 02:00:00+00:00,1,0.988791,0.988791,0.009748,1.9367
2025-07-14 03:00:00+00:00,1,0.988191,0.988191,-0.000607,1.9962
2025-07-14 04:00:00+00:00,1,0.988191,0.988191,0.0,1.9962
2025-07-14 05:00:00+00:00,1,0.988191,0.988191,0.0,1.9962
2025-07-14 06:00:00+00:00,1,0.988191,0.988191,0.0,1.9962
2025-07-14 07:00:00+00:00,1,0.984176,0.984177,-0.004062,2.3943
2025-07-14 08:00:00+00:00,1,0.985564,0.985565,0.00141,2.2566
2025-07-14 09:00:00+00:00,1,0.984964,0.984965,-0.000609,2.3161
2025-07-14 10:00:00+00:00,1,0.984964,0.984965,0.0,2.3161
2025-07-14 11:00:00+00:00,1,0.984964,0.984965,0.0,2.3161
2025-07-14 12:00:00+00:00,1,0.984964,0.984965,0.0,2.3161
2025-07-14 13:00:00+00:00,1,0.984964,0.984965,0.0,2.3161
2025-07-14 14:00:00+00:00,1,0.984964,0.984965,0.0,2.3161
2025-07-14 15:00:00+00:00,1,0.984964,0.984965,0.0,2.3161
2025-07-14 16:00:00+00:00,1,0.984964,0.984965,0.0,2.3161
2025-07-14 17:00:00+00:00,1,0.984964,0.984965,0.0,2.3161
2025-07-14 18:00:00+00:00,1,0.984964,0.984965,0.0,2.3161
2025-07-14 19:00:00+00:00,1,0.984964,0.984965,0.0,2.3161
2025-07-14 20:00:00+00:00,1,0.984964,0.984965,0.0,2.3161
2025-07-14 21:00:00+00:00,1,0.984964,0.984965,0.0,2.3161
2025-07-14 22:00:00+00:00,1,0.984964,0.984965,0.0,2.3161
2025-07-14 23:00:00+00:00,1,0.984964,0.984965,0.0,2.3161
2025-07-15 00:00:00+00:00,1,0.984964,0.984965,0.0,2.3161
2025-07-15 01:00:00+00:00,1,0.984964,0.984965,0.0,2.3161
2025-07-15 02:00:00+00:00,1,0.984964,0.984965,0.0,2.3161
2025-07-15 03:00:00+00:00,1,0.984964,0.984965,0.0,2.3161
2025-07-15 04:00:00+00:00,1,0.984964,0.984965,0.0,2.3161
2025-07-15 05:00:00+00:00,1,0.984964,0.984965,0.0,2.3161
2025-07-15 06:00:00+00:00,1,0.984964,0.984965,0.0,2.3161
2025-07-15 07:00:00+00:00,1,0.984964,0.984965,0.0,2.3161
2025-07-15 08:00:00+00:00,1,0.984964,0.984965,0.0,2.3161
2025-07-15 09:00:00+00:00,1,0.984964,0.984965,0.0,2.3161
2025-07-15 10:00:00+00:00,1,0.984964,0.984965,0.0,2.3161
2025-07-15 11:00:00+00:00,1,0.984964,0.984965,0.0,2.3161
2025-07-15 12:00:00+00:00,1,0.984964,0.984965,0.0,2.3161
2025-07-15 13:00:00+00:00,1,0.984964,0.984965,0.0,2.3161
2025-07-15 14:00:00+00:00,1,0.984964,0.984965,0.0,2.3161
2025-07-15 15:00:00+00:00,1,0.984964,0.984965,0.0,2.3161
2025-07-15 16:00:00+00:00,1,0.984964,0.984965,0.0,2.3161
2025-07-15 17:00:00+00:00,1,0.984964,0.984965,0.0,2.3161
2025-07-15 18:00:00+00:00,1,0.987829,0.98783,0.002909,2.032
2025-07-15 19:00:00+00:00,1,0.987229,0.98723,-0.000607,2.0915
2025-07-15 20:00:00+00:00,1,0.987229,0.98723,0.0,2.0915
2025-07-15 21:00:00+00:00,1,0.987229,0.98723,0.0,2.0915
2025-07-15 22:00:00+00:00,1,0.987229,0.98723,0.0,2.0915
2025-07-15 23:00:00+00:00,1,0.987229,0.98723,0.0,2.0915
2025-07-16 00:00:00+00:00,1,0.987229,0.98723,0.0,2.0915
2025-07-16 01:00:00+00:00,1,0.987229,0.98723,0.0,2.0915
2025-07-16 02:00:00+00:00,1,0.987229,0.98723,0.0,2.0915
2025-07-16 03:00:00+00:00,1,0.987229,0.98723,0.0,2.0915
2025-07-16 04:00:00+00:00,1,0.987229,0.98723,0.0,2.0915
2025-07-16 05:00:00+00:00,1,0.987229,0.98723,0.0,2.0915
2025-07-16 06:00:00+00:00,1,0.987229,0.98723,0.0,2.0915
2025-07-16 07:00:00+00:00,1,0.987229,0.98723,0.0,2.0915
2025-07-16 08:00:00+00:00,1,0.987229,0.98723,0.0,2.0915
2025-07-16 09:00:00+00:00,1,0.987229,0.98723,0.0,2.0915
2025-07-16 10:00:00+00:00,1,0.987229,0.98723,0.0,2.0915
2025-07-16 11:00:00+00:00,1,0.987229,0.98723,0.0,2.0915
2025-07-16 12:00:00+00:00,1,0.987229,0.98723,0.0,2.0915
2025-07-16 13:00:00+00:00,1,0.987229,0.98723,0.0,2.0915
2025-07-16 14:00:00+00:00,1,0.987229,0.98723,0.0,2.0915
2025-07-16 15:00:00+00:00,1,0.987229,0.98723,0.0,2.0915
2025-07-16 16:00:00+00:00,1,0.987229,0.98723,0.0,2.0915
2025-07-16 17:00:00+00:00,1,0.987229,0.98723,0.0,2.0915
2025-07-16 18:00:00+00:00,1,0.987229,0.98723,0.0,2.0915
2025-07-16 19:00:00+00:00,1,0.981367,0.981369,-0.005937,2.6728
2025-07-16 20:00:00+00:00,1,0.979044,0.979045,-0.002368,2.9032
2025-07-16 21:00:00+00:00,1,0.976495,0.976497,-0.002603,3.1559
2025-07-16 22:00:00+00:00,1,0.975895,0.975897,-0.000614,3.2155
2025-07-16 23:00:00+00:00,1,0.975895,0.975897,0.0,3.2155
2025-07-17 00:00:00+00:00,1,0.975895,0.975897,0.0,3.2155
2025-07-17 01:00:00+00:00,1,0.975895,0.975897,0.0,3.2155
2025-07-17 02:00:00+00:00,1,0.975895,0.975897,0.0,3.2155
2025-07-17 03:00:00+00:00,1,0.975895,0.975897,0.0,3.2155
2025-07-17 04:00:00+00:00,1,0.975895,0.975897,0.0,3.2155
2025-07-17 05:00:00+00:00,1,0.975895,0.975897,0.0,3.2155
2025-07-17 06:00:00+00:00,1,0.975895,0.975897,0.0,3.2155
2025-07-17 07:00:00+00:00,1,0.975895,0.975897,0.0,3.2155
2025-07-17 08:00:00+00:00,1,0.975895,0.975897,0.0,3.2155
2025-07-17 09:00:00+00:00,1,0.975895,0.975897,0.0,3.2155
2025-07-17 10:00:00+00:00,1,0.975895,0.975897,0.0,3.2155
2025-07-17 11:00:00+00:00,1,0.975895,0.975897,0.0,3.2155
2025-07-17 12:00:00+00:00,1,0.975895,0.975897,0.0,3.2155
2025-07-17 13:00:00+00:00,1,0.975895,0.975897,0.0,3.2155
2025-07-17 14:00:00+00:00,1,0.975895,0.975897,0.0,3.2155
2025-07-17 15:00:00+00:00,1,0.975895,0.975897,0.0,3.2155
2025-07-17 16:00:00+00:00,1,0.975895,0.975897,0.0,3.2155
2025-07-17 17:00:00+00:00,1,0.975895,0.975897,0.0,3.2155
2025-07-17 18:00:00+00:00,1,0.975895,0.975897,0.0,3.2155
2025-07-17 19:00:00+00:00,1,0.975895,0.975897,0.0,3.2155
2025-07-17 20:00:00+00:00,1,0.975895,0.975897,0.0,3.2155
2025-07-17 21:00:00+00:00,1,0.975895,0.975897,0.0,3.2155
2025-07-17 22:00:00+00:00,1,0.975895,0.975897,0.0,3.2155
2025-07-17 23:00:00+00:00,1,0.975895,0.975897,0.0,3.2155
2025-07-18 00:00:00+00:00,1,0.975895,0.975897,0.0,3.2155
2025-07-18 01:00:00+00:00,1,0.975895,0.975897,0.0,3.2155
2025-07-18 02:00:00+00:00,1,0.975895,0.975897,0.0,3.2155
2025-07-18 03:00:00+00:00,1,0.975895,0.975897,0.0,3.2155
2025-07-18 04:00:00+00:00,1,0.975895,0.975897,0.0,3.2155
2025-07-18 05:00:00+00:00,1,0.975895,0.975897,0.0,3.2155
2025-07-18 06:00:00+00:00,1,0.975895,0.975897,0.0,3.2155
2025-07-18 07:00:00+00:00,1,0.975895,0.975897,0.0,3.2155
2025-07-18 08:00:00+00:00,1,0.975895,0.975897,0.0,3.2155
2025-07-18 09:00:00+00:00,1,0.975895,0.975897,0.0,3.2155
2025-07-18 10:00:00+00:00,1,0.975895,0.975897,0.0,3.2155
2025-07-18 11:00:00+00:00,1,0.975895,0.975897,0.0,3.2155
2025-07-18 12:00:00+00:00,1,0.975895,0.975897,0.0,3.2155
2025-07-18 13:00:00+00:00,1,0.975895,0.975897,0.0,3.2155
2025-07-18 14:00:00+00:00,1,0.975895,0.975897,0.0,3.2155
2025-07-18 15:00:00+00:00,1,0.975895,0.975897,0.0,3.2155
2025-07-18 16:00:00+00:00,1,0.975895,0.975897,0.0,3.2155
2025-07-18 17:00:00+00:00,1,0.975895,0.975897,0.0,3.2155
2025-07-18 18:00:00+00:00,1,0.975895,0.975897,0.0,3.2155
2025-07-18 19:00:00+00:00,1,0.975895,0.975897,0.0,3.2155
2025-07-18 20:00:00+00:00,1,0.975895,0.975897,0.0,3.2155
2025-07-18 21:00:00+00:00,1,0.975895,0.975897,0.0,3.2155
2025-07-18 22:00:00+00:00,1,0.975895,0.975897,0.0,3.2155
2025-07-18 23:00:00+00:00,1,0.975895,0.975897,0.0,3.2155
2025-07-19 00:00:00+00:00,1,0.975895,0.975897,0.0,3.2155
2025-07-19 01:00:00+00:00,1,0.975895,0.975897,0.0,3.2155
2025-07-19 02:00:00+00:00,1,0.975895,0.975897,0.0,3.2155
2025-07-19 03:00:00+00:00,1,0.975895,0.975897,0.0,3.2155
2025-07-19 04:00:00+00:00,1,0.973512,0.973514,-0.002442,3.4518
2025-07-19 05:00:00+00:00,1,0.974233,0.974235,0.000741,3.3803
2025-07-19 06:00:00+00:00,1,0.97385,0.973851,-0.000394,3.4184
2025-07-19 07:00:00+00:00,1,0.97325,0.973252,-0.000616,3.4778
2025-07-19 08:00:00+00:00,1,0.97325,0.973252,0.0,3.4778
2025-07-19 09:00:00+00:00,1,0.97325,0.973252,0.0,3.4778
2025-07-19 10:00:00+00:00,1,0.97325,0.973252,0.0,3.4778
2025-07-19 11:00:00+00:00,1,0.978719,0.978721,0.00562,2.9354
2025-07-19 12:00:00+00:00,1,0.978119,0.978121,-0.000613,2.9949
2025-07-19 13:00:00+00:00,1,0.978119,0.978121,0.0,2.9949
2025-07-19 14:00:00+00:00,1,0.978119,0.978121,0.0,2.9949
2025-07-19 15:00:00+00:00,1,0.978119,0.978121,0.0,2.9949
2025-07-19 16:00:00+00:00,1,0.978119,0.978121,0.0,2.9949
2025-07-19 17:00:00+00:00,1,0.978119,0.978121,0.0,2.9949
2025-07-19 18:00:00+00:00,1,0.978119,0.978121,0.0,2.9949
2025-07-19 19:00:00+00:00,1,0.978119,0.978121,0.0,2.9949
2025-07-19 20:00:00+00:00,1,0.978119,0.978121,0.0,2.9949
2025-07-19 21:00:00+00:00,1,0.978119,0.978121,0.0,2.9949
2025-07-19 22:00:00+00:00,1,0.978428,0.978429,0.000315,2.9643
2025-07-19 23:00:00+00:00,1,0.977828,0.97783,-0.000613,3.0237
2025-07-20 00:00:00+00:00,1,0.977828,0.97783,0.0,3.0237
2025-07-20 01:00:00+00:00,1,0.977828,0.97783,0.0,3.0237
2025-07-20 02:00:00+00:00,1,0.977828,0.97783,0.0,3.0237
2025-07-20 03:00:00+00:00,1,0.977828,0.97783,0.0,3.0237
2025-07-20 04:00:00+00:00,1,0.977828,0.97783,0.0,3.0237
2025-07-20 05:00:00+00:00,1,0.977828,0.97783,0.0,3.0237
2025-07-20 06:00:00+00:00,1,0.977828,0.97783,0.0,3.0237
2025-07-20 07:00:00+00:00,1,0.977828,0.97783,0.0,3.0237
2025-07-20 08:00:00+00:00,1,0.977828,0.97783,0.0,3.0237
2025-07-20 09:00:00+00:00,1,0.977828,0.97783,0.0,3.0237
2025-07-20 10:00:00+00:00,1,0.977828,0.97783,0.0,3.0237
2025-07-20 11:00:00+00:00,1,0.977828,0.97783,0.0,3.0237
2025-07-20 12:00:00+00:00,1,0.977828,0.97783,0.0,3.0237
2025-07-20 13:00:00+00:00,1,0.977828,0.97783,0.0,3.0237
2025-07-20 14:00:00+00:00,1,0.977828,0.97783,0.0,3.0237
2025-07-20 15:00:00+00:00,1,0.977828,0.97783,0.0,3.0237
2025-07-20 16:00:00+00:00,1,0.977828,0.97783,0.0,3.0237
2025-07-20 17:00:00+00:00,1,0.977828,0.97783,0.0,3.0237
2025-07-20 18:00:00+00:00,1,0.977828,0.97783,0.0,3.0237
2025-07-20 19:00:00+00:00,1,0.977828,0.97783,0.0,3.0237
2025-07-20 20:00:00+00:00,1,0.977828,0.97783,0.0,3.0237
2025-07-20 21:00:00+00:00,1,0.977828,0.97783,0.0,3.0237
2025-07-20 22:00:00+00:00,1,0.981494,0.981496,0.003749,2.6602
2025-07-20 23:00:00+00:00,1,0.980894,0.980896,-0.000611,2.7197
2025-07-21 00:00:00+00:00,1,0.980894,0.980896,0.0,2.7197
2025-07-21 01:00:00+00:00,1,0.980894,0.980896,0.0,2.7197
2025-07-21 02:00:00+00:00,1,0.980894,0.980896,0.0,2.7197
2025-07-21 03:00:00+00:00,1,0.980894,0.980896,0.0,2.7197
2025-07-21 04:00:00+00:00,1,0.980894,0.980896,0.0,2.7197
2025-07-21 05:00:00+00:00,1,0.980894,0.980896,0.0,2.7197
2025-07-21 06:00:00+00:00,1,0.980894,0.980896,0.0,2.7197
2025-07-21 07:00:00+00:00,1,0.980894,0.980896,0.0,2.7197
2025-07-21 08:00:00+00:00,1,0.980894,0.980896,0.0,2.7197
2025-07-21 09:00:00+00:00,1,0.980894,0.980896,0.0,2.7197
2025-07-21 10:00:00+00:00,1,0.980894,0.980896,0.0,2.7197
2025-07-21 11:00:00+00:00,1,0.980894,0.980896,0.0,2.7197
2025-07-21 12:00:00+00:00,1,0.980894,0.980896,0.0,2.7197
2025-07-21 13:00:00+00:00,1,0.980894,0.980896,0.0,2.7197
2025-07-21 14:00:00+00:00,1,0.980894,0.980896,0.0,2.7197
2025-07-21 15:00:00+00:00,1,0.980894,0.980896,0.0,2.7197
2025-07-21 16:00:00+00:00,1,0.980894,0.980896,0.0,2.7197
2025-07-21 17:00:00+00:00,1,0.980894,0.980896,0.0,2.7197
2025-07-21 18:00:00+00:00,1,0.980894,0.980896,0.0,2.7197
2025-07-21 19:00:00+00:00,1,0.987172,0.987174,0.0064,2.0971
2025-07-21 20:00:00+00:00,1,0.990198,0.9902,0.003066,1.797
2025-07-21 21:00:00+00:00,1,0.989598,0.9896,-0.000606,1.8565
2025-07-21 22:00:00+00:00,1,0.989598,0.9896,0.0,1.8565
2025-07-21 23:00:00+00:00,1,0.989598,0.9896,0.0,1.8565
2025-07-22 00:00:00+00:00,1,0.989598,0.9896,0.0,1.8565
2025-07-22 01:00:00+00:00,1,0.989598,0.9896,0.0,1.8565
2025-07-22 02:00:00+00:00,1,0.989598,0.9896,0.0,1.8565
2025-07-22 03:00:00+00:00,1,0.989598,0.9896,0.0,1.8565
2025-07-22 04:00:00+00:00,1,0.989598,0.9896,0.0,1.8565
2025-07-22 05:00:00+00:00,1,0.989598,0.9896,0.0,1.8565
2025-07-22 06:00:00+00:00,1,0.989598,0.9896,0.0,1.8565
2025-07-22 07:00:00+00:00,1,0.989598,0.9896,0.0,1.8565
2025-07-22 08:00:00+00:00,1,0.989598,0.9896,0.0,1.8565
2025-07-22 09:00:00+00:00,1,0.989598,0.9896,0.0,1.8565
2025-07-22 10:00:00+00:00,1,0.989598,0.9896,0.0,1.8565
2025-07-22 11:00:00+00:00,1,0.989598,0.9896,0.0,1.8565
2025-07-22 12:00:00+00:00,1,0.989598,0.9896,0.0,1.8565
2025-07-22 13:00:00+00:00,1,0.989598,0.9896,0.0,1.8565
2025-07-22 14:00:00+00:00,1,0.989598,0.9896,0.0,1.8565
2025-07-22 15:00:00+00:00,1,0.989598,0.9896,0.0,1.8565
2025-07-22 16:00:00+00:00,1,0.989598,0.9896,0.0,1.8565
2025-07-22 17:00:00+00:00,1,0.989598,0.9896,0.0,1.8565
2025-07-22 18:00:00+00:00,1,0.989598,0.9896,0.0,1.8565
2025-07-22 19:00:00+00:00,1,0.989598,0.9896,0.0,1.8565
2025-07-22 20:00:00+00:00,1,0.989598,0.9896,0.0,1.8565
2025-07-22 21:00:00+00:00,1,0.989598,0.9896,0.0,1.8565
2025-07-22 22:00:00+00:00,1,0.989598,0.9896,0.0,1.8565
2025-07-22 23:00:00+00:00,1,0.989598,0.9896,0.0,1.8565
2025-07-23 00:00:00+00:00,1,0.989598,0.9896,0.0,1.8565
2025-07-23 01:00:00+00:00,1,0.989598,0.9896,0.0,1.8565
2025-07-23 02:00:00+00:00,1,0.989598,0.9896,0.0,1.8565
2025-07-23 03:00:00+00:00,1,0.989598,0.9896,0.0,1.8565
2025-07-23 04:00:00+00:00,1,0.989598,0.9896,0.0,1.8565
2025-07-23 05:00:00+00:00,1,0.989598,0.9896,0.0,1.8565
2025-07-23 06:00:00+00:00,1,0.989598,0.9896,0.0,1.8565
2025-07-23 07:00:00+00:00,1,0.980524,0.980526,-0.00917,2.7564
2025-07-23 08:00:00+00:00,1,0.979924,0.979925,-0.000612,2.816
2025-07-23 09:00:00+00:00,1,0.979924,0.979925,0.0,2.816
2025-07-23 10:00:00+00:00,1,0.979924,0.979925,0.0,2.816
2025-07-23 11:00:00+00:00,1,0.979924,0.979925,0.0,2.816
2025-07-23 12:00:00+00:00,1,0.979924,0.979925,0.0,2.816
2025-07-23 13:00:00+00:00,1,0.979924,0.979925,0.0,2.816
2025-07-23 14:00:00+00:00,1,0.979924,0.979925,0.0,2.816
2025-07-23 15:00:00+00:00,1,0.979924,0.979925,0.0,2.816
2025-07-23 16:00:00+00:00,1,0.979924,0.979925,0.0,2.816
2025-07-23 17:00:00+00:00,1,0.979924,0.979925,0.0,2.816
2025-07-23 18:00:00+00:00,1,0.980254,0.980256,0.000337,2.7831
2025-07-23 19:00:00+00:00,1,0.969658,0.969659,-0.01081,3.8341
2025-07-23 20:00:00+00:00,1,0.969058,0.969059,-0.000619,3.8936
2025-07-23 21:00:00+00:00,1,0.972293,0.972294,0.003338,3.5728
2025-07-23 22:00:00+00:00,1,0.971098,0.971099,-0.001229,3.6913
2025-07-23 23:00:00+00:00,1,0.970498,0.970499,-0.000618,3.7508
2025-07-24 00:00:00+00:00,1,0.970498,0.970499,0.0,3.7508
2025-07-24 01:00:00+00:00,1,0.972819,0.972819,0.002391,3.5207
2025-07-24 02:00:00+00:00,1,0.972219,0.972219,-0.000617,3.5802
2025-07-24 03:00:00+00:00,1,0.972219,0.972219,0.0,3.5802
2025-07-24 04:00:00+00:00,1,0.972219,0.972219,0.0,3.5802
2025-07-24 05:00:00+00:00,1,0.972219,0.972219,0.0,3.5802
2025-07-24 06:00:00+00:00,1,0.972219,0.972219,0.0,3.5802
2025-07-24 07:00:00+00:00,1,0.972219,0.972219,0.0,3.5802
2025-07-24 08:00:00+00:00,1,0.972219,0.972219,0.0,3.5802
2025-07-24 09:00:00+00:00,1,0.972219,0.972219,0.0,3.5802
2025-07-24 10:00:00+00:00,1,0.972219,0.972219,0.0,3.5802
2025-07-24 11:00:00+00:00,1,0.972219,0.972219,0.0,3.5802
2025-07-24 12:00:00+00:00,1,0.972219,0.972219,0.0,3.5802
2025-07-24 13:00:00+00:00,1,0.972219,0.972219,0.0,3.5802
2025-07-24 14:00:00+00:00,1,0.972219,0.972219,0.0,3.5802
2025-07-24 15:00:00+00:00,1,0.972219,0.972219,0.0,3.5802
2025-07-24 16:00:00+00:00,1,0.972219,0.972219,0.0,3.5802
2025-07-24 17:00:00+00:00,1,0.972219,0.972219,0.0,3.5802
2025-07-24 18:00:00+00:00,1,0.972219,0.972219,0.0,3.5802
2025-07-24 19:00:00+00:00,1,0.972219,0.972219,0.0,3.5802
2025-07-24 20:00:00+00:00,1,0.972219,0.972219,0.0,3.5802
2025-07-24 21:00:00+00:00,1,0.972219,0.972219,0.0,3.5802
2025-07-24 22:00:00+00:00,1,0.972219,0.972219,0.0,3.5802
2025-07-24 23:00:00+00:00,1,0.972219,0.972219,0.0,3.5802
2025-07-25 00:00:00+00:00,1,0.972219,0.972219,0.0,3.5802
2025-07-25 01:00:00+00:00,1,0.972219,0.972219,0.0,3.5802
2025-07-25 02:00:00+00:00,1,0.972219,0.972219,0.0,3.5802
2025-07-25 03:00:00+00:00,1,0.972219,0.972219,0.0,3.5802
2025-07-25 04:00:00+00:00,1,0.972219,0.972219,0.0,3.5802
2025-07-25 05:00:00+00:00,1,0.972219,0.972219,0.0,3.5802
2025-07-25 06:00:00+00:00,1,0.972219,0.972219,0.0,3.5802
2025-07-25 07:00:00+00:00,1,0.972219,0.972219,0.0,3.5802
2025-07-25 08:00:00+00:00,1,0.972219,0.972219,0.0,3.5802
2025-07-25 09:00:00+00:00,1,0.972219,0.972219,0.0,3.5802
2025-07-25 10:00:00+00:00,1,0.972219,0.972219,0.0,3.5802
2025-07-25 11:00:00+00:00,1,0.972219,0.972219,0.0,3.5802
2025-07-25 12:00:00+00:00,1,0.972219,0.972219,0.0,3.5802
2025-07-25 13:00:00+00:00,1,0.972219,0.972219,0.0,3.5802
2025-07-25 14:00:00+00:00,1,0.972219,0.972219,0.0,3.5802
2025-07-25 15:00:00+00:00,1,0.972219,0.972219,0.0,3.5802
2025-07-25 16:00:00+00:00,1,0.972219,0.972219,0.0,3.5802
2025-07-25 17:00:00+00:00,1,0.972219,0.972219,0.0,3.5802
2025-07-25 18:00:00+00:00,1,0.972219,0.972219,0.0,3.5802
2025-07-25 19:00:00+00:00,1,0.972219,0.972219,0.0,3.5802
2025-07-25 20:00:00+00:00,1,0.972219,0.972219,0.0,3.5802
2025-07-25 21:00:00+00:00,1,0.972219,0.972219,0.0,3.5802
2025-07-25 22:00:00+00:00,1,0.972219,0.972219,0.0,3.5802
2025-07-25 23:00:00+00:00,1,0.972219,0.972219,0.0,3.5802
2025-07-26 00:00:00+00:00,1,0.972219,0.972219,0.0,3.5802
2025-07-26 01:00:00+00:00,1,0.972219,0.972219,0.0,3.5802
2025-07-26 02:00:00+00:00,1,0.972219,0.972219,0.0,3.5802
2025-07-26 03:00:00+00:00,1,0.972219,0.972219,0.0,3.5802
2025-07-26 04:00:00+00:00,1,0.972219,0.972219,0.0,3.5802
2025-07-26 05:00:00+00:00,1,0.972219,0.972219,0.0,3.5802
2025-07-26 06:00:00+00:00,1,0.972219,0.972219,0.0,3.5802
2025-07-26 07:00:00+00:00,1,0.972219,0.972219,0.0,3.5802
2025-07-26 08:00:00+00:00,1,0.972219,0.972219,0.0,3.5802
2025-07-26 09:00:00+00:00,1,0.972219,0.972219,0.0,3.5802
2025-07-26 10:00:00+00:00,1,0.972219,0.972219,0.0,3.5802
2025-07-26 11:00:00+00:00,1,0.972219,0.972219,0.0,3.5802
2025-07-26 12:00:00+00:00,1,0.972219,0.972219,0.0,3.5802
2025-07-26 13:00:00+00:00,1,0.973028,0.973028,0.000832,3.5
2025-07-26 14:00:00+00:00,1,0.972428,0.972427,-0.000617,3.5596
2025-07-26 15:00:00+00:00,1,0.972428,0.972427,0.0,3.5596
2025-07-26 16:00:00+00:00,1,0.972428,0.972427,0.0,3.5596
2025-07-26 17:00:00+00:00,1,0.972428,0.972427,0.0,3.5596
2025-07-26 18:00:00+00:00,1,0.972428,0.972427,0.0,3.5596
2025-07-26 19:00:00+00:00,1,0.972428,0.972427,0.0,3.5596
2025-07-26 20:00:00+00:00,1,0.973384,0.973384,0.000984,3.4647
2025-07-26 21:00:00+00:00,1,0.972784,0.972785,-0.000616,3.5241
2025-07-26 22:00:00+00:00,1,0.972784,0.972785,0.0,3.5241
2025-07-26 23:00:00+00:00,1,0.973082,0.973082,0.000306,3.4946
2025-07-27 00:00:00+00:00,1,0.972482,0.972482,-0.000617,3.5541
2025-07-27 01:00:00+00:00,1,0.972482,0.972482,0.0,3.5541
2025-07-27 02:00:00+00:00,1,0.972482,0.972482,0.0,3.5541
2025-07-27 03:00:00+00:00,1,0.972482,0.972482,0.0,3.5541
2025-07-27 04:00:00+00:00,1,0.972482,0.972482,0.0,3.5541
2025-07-27 05:00:00+00:00,1,0.971203,0.971203,-0.001315,3.681
2025-07-27 06:00:00+00:00,1,0.96951,0.96951,-0.001743,3.8489
2025-07-27 07:00:00+00:00,1,0.96891,0.96891,-0.000619,3.9084
2025-07-27 08:00:00+00:00,1,0.96891,0.96891,0.0,3.9084
2025-07-27 09:00:00+00:00,1,0.96891,0.96891,0.0,3.9084
2025-07-27 10:00:00+00:00,1,0.96891,0.96891,0.0,3.9084
2025-07-27 11:00:00+00:00,1,0.96891,0.96891,0.0,3.9084
2025-07-27 12:00:00+00:00,1,0.96891,0.96891,0.0,3.9084
2025-07-27 13:00:00+00:00,1,0.968648,0.968648,-0.000271,3.9344
2025-07-27 14:00:00+00:00,1,0.968048,0.968048,-0.000619,3.9939
2025-07-27 15:00:00+00:00,1,0.968048,0.968048,0.0,3.9939
2025-07-27 16:00:00+00:00,1,0.968048,0.968048,0.0,3.9939
2025-07-27 17:00:00+00:00,1,0.968048,0.968048,0.0,3.9939
2025-07-27 18:00:00+00:00,1,0.968048,0.968048,0.0,3.9939
2025-07-27 19:00:00+00:00,1,0.968048,0.968048,0.0,3.9939
2025-07-27 20:00:00+00:00,1,0.968048,0.968048,0.0,3.9939
2025-07-27 21:00:00+00:00,1,0.970241,0.970242,0.002266,3.7763
2025-07-27 22:00:00+00:00,1,0.970527,0.970527,0.000294,3.748
2025-07-27 23:00:00+00:00,1,0.969927,0.969927,-0.000618,3.8075
2025-07-28 00:00:00+00:00,1,0.969927,0.969927,0.0,3.8075
2025-07-28 01:00:00+00:00,1,0.969927,0.969927,0.0,3.8075
2025-07-28 02:00:00+00:00,1,0.97009,0.97009,0.000168,3.7914
2025-07-28 03:00:00+00:00,1,0.96949,0.96949,-0.000618,3.8509
2025-07-28 04:00:00+00:00,1,0.96949,0.96949,0.0,3.8509
2025-07-28 05:00:00+00:00,1,0.96949,0.96949,0.0,3.8509
2025-07-28 06:00:00+00:00,1,0.96949,0.96949,0.0,3.8509
2025-07-28 07:00:00+00:00,1,0.96949,0.96949,0.0,3.8509
2025-07-28 08:00:00+00:00,1,0.96949,0.96949,0.0,3.8509
2025-07-28 09:00:00+00:00,1,0.96949,0.96949,0.0,3.8509
2025-07-28 10:00:00+00:00,1,0.96949,0.96949,0.0,3.8509
2025-07-28 11:00:00+00:00,1,0.96949,0.96949,0.0,3.8509
2025-07-28 12:00:00+00:00,1,0.96949,0.96949,0.0,3.8509
2025-07-28 13:00:00+00:00,1,0.96949,0.96949,0.0,3.8509
2025-07-28 14:00:00+00:00,1,0.96949,0.96949,0.0,3.8509
2025-07-28 15:00:00+00:00,1,0.96949,0.96949,0.0,3.8509
2025-07-28 16:00:00+00:00,1,0.96949,0.96949,0.0,3.8509
2025-07-28 17:00:00+00:00,1,0.96949,0.96949,0.0,3.8509
2025-07-28 18:00:00+00:00,1,0.96949,0.96949,0.0,3.8509
2025-07-28 19:00:00+00:00,1,0.977441,0.977441,0.008201,3.0623
2025-07-28 20:00:00+00:00,1,0.976841,0.976841,-0.000614,3.1218
2025-07-28 21:00:00+00:00,1,0.974047,0.974047,-0.00286,3.3989
2025-07-28 22:00:00+00:00,1,0.973447,0.973447,-0.000616,3.4584
2025-07-28 23:00:00+00:00,1,0.973447,0.973447,0.0,3.4584
2025-07-29 00:00:00+00:00,1,0.973447,0.973447,0.0,3.4584
2025-07-29 01:00:00+00:00,1,0.973447,0.973447,0.0,3.4584
2025-07-29 02:00:00+00:00,1,0.973447,0.973447,0.0,3.4584
2025-07-29 03:00:00+00:00,1,0.973447,0.973447,0.0,3.4584
2025-07-29 04:00:00+00:00,1,0.973447,0.973447,0.0,3.4584
2025-07-29 05:00:00+00:00,1,0.973447,0.973447,0.0,3.4584
2025-07-29 06:00:00+00:00,1,0.973447,0.973447,0.0,3.4584
2025-07-29 07:00:00+00:00,1,0.973447,0.973447,0.0,3.4584
2025-07-29 08:00:00+00:00,1,0.973447,0.973447,0.0,3.4584
2025-07-29 09:00:00+00:00,1,0.973447,0.973447,0.0,3.4584
2025-07-29 10:00:00+00:00,1,0.973447,0.973447,0.0,3.4584
2025-07-29 11:00:00+00:00,1,0.973447,0.973447,0.0,3.4584
2025-07-29 12:00:00+00:00,1,0.973447,0.973447,0.0,3.4584
2025-07-29 13:00:00+00:00,1,0.973447,0.973447,0.0,3.4584
2025-07-29 14:00:00+00:00,1,0.973447,0.973447,0.0,3.4584
2025-07-29 15:00:00+00:00,1,0.973447,0.973447,0.0,3.4584
2025-07-29 16:00:00+00:00,1,0.973447,0.973447,0.0,3.4584
2025-07-29 17:00:00+00:00,1,0.973447,0.973447,0.0,3.4584
2025-07-29 18:00:00+00:00,1,0.973447,0.973447,0.0,3.4584
2025-07-29 19:00:00+00:00,1,0.973447,0.973447,0.0,3.4584
2025-07-29 20:00:00+00:00,1,0.973447,0.973447,0.0,3.4584
2025-07-29 21:00:00+00:00,1,0.973447,0.973447,0.0,3.4584
2025-07-29 22:00:00+00:00,1,0.973447,0.973447,0.0,3.4584
2025-07-29 23:00:00+00:00,1,0.973447,0.973447,0.0,3.4584
2025-07-30 00:00:00+00:00,1,0.965629,0.965629,-0.008032,4.2338
2025-07-30 01:00:00+00:00,1,0.965029,0.965029,-0.000621,4.2933
2025-07-30 02:00:00+00:00,1,0.965029,0.965029,0.0,4.2933
2025-07-30 03:00:00+00:00,1,0.965029,0.965029,0.0,4.2933
2025-07-30 04:00:00+00:00,1,0.965029,0.965029,0.0,4.2933
2025-07-30 05:00:00+00:00,1,0.965029,0.965029,0.0,4.2933
2025-07-30 06:00:00+00:00,1,0.965029,0.965029,0.0,4.2933
2025-07-30 07:00:00+00:00,1,0.969732,0.969732,0.004874,3.8269
2025-07-30 08:00:00+00:00,1,0.969132,0.969132,-0.000619,3.8864
2025-07-30 09:00:00+00:00,1,0.969132,0.969132,0.0,3.8864
2025-07-30 10:00:00+00:00,1,0.969132,0.969132,0.0,3.8864
2025-07-30 11:00:00+00:00,1,0.969132,0.969132,0.0,3.8864
2025-07-30 12:00:00+00:00,1,0.969132,0.969132,0.0,3.8864
2025-07-30 13:00:00+00:00,1,0.964612,0.964612,-0.004664,4.3346
2025-07-30 14:00:00+00:00,1,0.967328,0.967328,0.002815,4.0653
2025-07-30 15:00:00+00:00,1,0.966728,0.966728,-0.00062,4.1248
2025-07-30 16:00:00+00:00,1,0.966728,0.966728,0.0,4.1248
2025-07-30 17:00:00+00:00,1,0.966728,0.966728,0.0,4.1248
2025-07-30 18:00:00+00:00,1,0.966728,0.966728,0.0,4.1248
2025-07-30 19:00:00+00:00,1,0.976839,0.976839,0.010459,3.122
2025-07-30 20:00:00+00:00,1,0.974626,0.974625,-0.002266,3.3416
2025-07-30 21:00:00+00:00,1,0.971734,0.971734,-0.002967,3.6283
2025-07-30 22:00:00+00:00,1,0.966702,0.966702,-0.005178,4.1274
2025-07-30 23:00:00+00:00,1,0.961776,0.961776,-0.005096,4.6159
2025-07-31 00:00:00+00:00,1,0.957482,0.957481,-0.004465,5.0419
2025-07-31 01:00:00+00:00,1,0.956882,0.956881,-0.000627,5.1014
2025-07-31 02:00:00+00:00,1,0.956882,0.956881,0.0,5.1014
2025-07-31 03:00:00+00:00,1,0.956882,0.956881,0.0,5.1014
2025-07-31 04:00:00+00:00,1,0.957608,0.957607,0.000759,5.0294
2025-07-31 05:00:00+00:00,1,0.957008,0.957007,-0.000627,5.0889
2025-07-31 06:00:00+00:00,1,0.957008,0.957007,0.0,5.0889
2025-07-31 07:00:00+00:00,1,0.957008,0.957007,0.0,5.0889
2025-07-31 08:00:00+00:00,1,0.957008,0.957007,0.0,5.0889
2025-07-31 09:00:00+00:00,1,0.957008,0.957007,0.0,5.0889
2025-07-31 10:00:00+00:00,1,0.957008,0.957007,0.0,5.0889
2025-07-31 11:00:00+00:00,1,0.954032,0.954031,-0.00311,5.384
2025-07-31 12:00:00+00:00,1,0.95642,0.956418,0.002503,5.1473
2025-07-31 13:00:00+00:00,1,0.953899,0.953897,-0.002636,5.3973
2025-07-31 14:00:00+00:00,1,0.953972,0.95397,7.6e-05,5.3901
2025-07-31 15:00:00+00:00,1,0.953372,0.95337,-0.000629,5.4496
2025-07-31 16:00:00+00:00,1,0.954754,0.954752,0.00145,5.3125
2025-07-31 17:00:00+00:00,1,0.953352,0.95335,-0.001469,5.4515
2025-07-31 18:00:00+00:00,1,0.951991,0.951989,-0.001427,5.5865
2025-07-31 19:00:00+00:00,1,0.951391,0.951389,-0.00063,5.646
2025-07-31 20:00:00+00:00,1,0.948612,0.94861,-0.002921,5.9216
2025-07-31 21:00:00+00:00,1,0.951635,0.951633,0.003186,5.6218
2025-07-31 22:00:00+00:00,1,0.951035,0.951033,-0.00063,5.6813
2025-07-31 23:00:00+00:00,1,0.947093,0.947091,-0.004145,6.0723
2025-08-01 00:00:00+00:00,1,0.946264,0.946263,-0.000874,6.1544
2025-08-01 01:00:00+00:00,1,0.950907,0.950906,0.004906,5.6939
2025-08-01 02:00:00+00:00,1,0.950307,0.950306,-0.000631,5.7534
2025-08-01 03:00:00+00:00,1,0.950307,0.950306,0.0,5.7534
2025-08-01 04:00:00+00:00,1,0.950307,0.950306,0.0,5.7534
2025-08-01 05:00:00+00:00,1,0.950307,0.950306,0.0,5.7534
2025-08-01 06:00:00+00:00,1,0.950307,0.950306,0.0,5.7534
2025-08-01 07:00:00+00:00,1,0.950307,0.950306,0.0,5.7534
2025-08-01 08:00:00+00:00,1,0.950307,0.950306,0.0,5.7534
2025-08-01 09:00:00+00:00,1,0.950307,0.950306,0.0,5.7534
2025-08-01 10:00:00+00:00,1,0.950307,0.950306,0.0,5.7534
2025-08-01 11:00:00+00:00,1,0.950307,0.950306,0.0,5.7534
2025-08-01 12:00:00+00:00,1,0.950307,0.950306,0.0,5.7534
2025-08-01 13:00:00+00:00,1,0.950307,0.950306,0.0,5.7534
2025-08-01 14:00:00+00:00,1,0.950307,0.950306,0.0,5.7534
2025-08-01 15:00:00+00:00,1,0.950307,0.950306,0.0,5.7534
2025-08-01 16:00:00+00:00,1,0.950307,0.950306,0.0,5.7534
2025-08-01 17:00:00+00:00,1,0.950307,0.950306,0.0,5.7534
2025-08-01 18:00:00+00:00,1,0.950307,0.950306,0.0,5.7534
2025-08-01 19:00:00+00:00,1,0.950307,0.950306,0.0,5.7534
2025-08-01 20:00:00+00:00,1,0.950307,0.950306,0.0,5.7534
2025-08-01 21:00:00+00:00,1,0.950307,0.950306,0.0,5.7534
2025-08-01 22:00:00+00:00,1,0.950307,0.950306,0.0,5.7534
2025-08-01 23:00:00+00:00,1,0.950307,0.950306,0.0,5.7534
2025-08-02 00:00:00+00:00,1,0.950307,0.950306,0.0,5.7534
2025-08-02 01:00:00+00:00,1,0.950307,0.950306,0.0,5.7534
2025-08-02 02:00:00+00:00,1,0.950307,0.950306,0.0,5.7534
2025-08-02 03:00:00+00:00,1,0.950307,0.950306,0.0,5.7534
2025-08-02 04:00:00+00:00,1,0.950307,0.950306,0.0,5.7534
2025-08-02 05:00:00+00:00,1,0.950307,0.950306,0.0,5.7534
2025-08-02 06:00:00+00:00,1,0.950307,0.950306,0.0,5.7534
2025-08-02 07:00:00+00:00,1,0.950307,0.950306,0.0,5.7534
2025-08-02 08:00:00+00:00,1,0.950307,0.950306,0.0,5.7534
2025-08-02 09:00:00+00:00,1,0.950307,0.950306,0.0,5.7534
2025-08-02 10:00:00+00:00,1,0.950307,0.950306,0.0,5.7534
2025-08-02 11:00:00+00:00,1,0.950307,0.950306,0.0,5.7534
2025-08-02 12:00:00+00:00,1,0.950307,0.950306,0.0,5.7534
2025-08-02 13:00:00+00:00,1,0.950307,0.950306,0.0,5.7534
2025-08-02 14:00:00+00:00,1,0.950307,0.950306,0.0,5.7534
2025-08-02 15:00:00+00:00,1,0.950307,0.950306,0.0,5.7534
2025-08-02 16:00:00+00:00,1,0.950307,0.950306,0.0,5.7534
2025-08-02 17:00:00+00:00,1,0.950307,0.950306,0.0,5.7534
2025-08-02 18:00:00+00:00,1,0.950307,0.950306,0.0,5.7534
2025-08-02 19:00:00+00:00,1,0.950307,0.950306,0.0,5.7534
2025-08-02 20:00:00+00:00,1,0.950307,0.950306,0.0,5.7534
2025-08-02 21:00:00+00:00,1,0.950307,0.950306,0.0,5.7534
2025-08-02 22:00:00+00:00,1,0.950307,0.950306,0.0,5.7534
2025-08-02 23:00:00+00:00,1,0.950307,0.950306,0.0,5.7534
2025-08-03 00:00:00+00:00,1,0.950307,0.950306,0.0,5.7534
2025-08-03 01:00:00+00:00,1,0.950307,0.950306,0.0,5.7534
2025-08-03 02:00:00+00:00,1,0.950307,0.950306,0.0,5.7534
2025-08-03 03:00:00+00:00,1,0.950307,0.950306,0.0,5.7534
2025-08-03 04:00:00+00:00,1,0.950307,0.950306,0.0,5.7534
2025-08-03 05:00:00+00:00,1,0.950307,0.950306,0.0,5.7534
2025-08-03 06:00:00+00:00,1,0.950307,0.950306,0.0,5.7534
2025-08-03 07:00:00+00:00,1,0.950307,0.950306,0.0,5.7534
2025-08-03 08:00:00+00:00,1,0.950307,0.950306,0.0,5.7534
2025-08-03 09:00:00+00:00,1,0.950382,0.950381,7.9e-05,5.746
2025-08-03 10:00:00+00:00,1,0.949782,0.949781,-0.000631,5.8055
2025-08-03 11:00:00+00:00,1,0.949782,0.949781,0.0,5.8055
2025-08-03 12:00:00+00:00,1,0.949782,0.949781,0.0,5.8055
2025-08-03 13:00:00+00:00,1,0.951775,0.951775,0.002099,5.6077
2025-08-03 14:00:00+00:00,1,0.951175,0.951175,-0.00063,5.6673
2025-08-03 15:00:00+00:00,1,0.951175,0.951175,0.0,5.6673
2025-08-03 16:00:00+00:00,1,0.951175,0.951175,0.0,5.6673
2025-08-03 17:00:00+00:00,1,0.951175,0.951175,0.0,5.6673
2025-08-03 18:00:00+00:00,1,0.95428,0.95428,0.003264,5.3593
2025-08-03 19:00:00+00:00,1,0.95368,0.95368,-0.000629,5.4188
2025-08-03 20:00:00+00:00,1,0.95221,0.95221,-0.001541,5.5646
2025-08-03 21:00:00+00:00,1,0.954249,0.954248,0.00214,5.3625
2025-08-03 22:00:00+00:00,1,0.953649,0.953647,-0.000629,5.4221
2025-08-03 23:00:00+00:00,1,0.953649,0.953647,0.0,5.4221
2025-08-04 00:00:00+00:00,1,0.953649,0.953647,0.0,5.4221
2025-08-04 01:00:00+00:00,1,0.953649,0.953647,0.0,5.4221
2025-08-04 02:00:00+00:00,1,0.953649,0.953647,0.0,5.4221
2025-08-04 03:00:00+00:00,1,0.953649,0.953647,0.0,5.4221
2025-08-04 04:00:00+00:00,1,0.953649,0.953647,0.0,5.4221
2025-08-04 05:00:00+00:00,1,0.953649,0.953647,0.0,5.4221
2025-08-04 06:00:00+00:00,1,0.953649,0.953647,0.0,5.4221
2025-08-04 07:00:00+00:00,1,0.953649,0.953647,0.0,5.4221
2025-08-04 08:00:00+00:00,1,0.953649,0.953647,0.0,5.4221
2025-08-04 09:00:00+00:00,1,0.953649,0.953647,0.0,5.4221
2025-08-04 10:00:00+00:00,1,0.953649,0.953647,0.0,5.4221
2025-08-04 11:00:00+00:00,1,0.953649,0.953647,0.0,5.4221
2025-08-04 12:00:00+00:00,1,0.953649,0.953647,0.0,5.4221
2025-08-04 13:00:00+00:00,1,0.953649,0.953647,0.0,5.4221
2025-08-04 14:00:00+00:00,1,0.953649,0.953647,0.0,5.4221
2025-08-04 15:00:00+00:00,1,0.953649,0.953647,0.0,5.4221
2025-08-04 16:00:00+00:00,1,0.953649,0.953647,0.0,5.4221
2025-08-04 17:00:00+00:00,1,0.953649,0.953647,0.0,5.4221
2025-08-04 18:00:00+00:00,1,0.953649,0.953647,0.0,5.4221
2025-08-04 19:00:00+00:00,1,0.953649,0.953647,0.0,5.4221
2025-08-04 20:00:00+00:00,1,0.953649,0.953647,0.0,5.4221
2025-08-04 21:00:00+00:00,1,0.953649,0.953647,0.0,5.4221
2025-08-04 22:00:00+00:00,1,0.953649,0.953647,0.0,5.4221
2025-08-04 23:00:00+00:00,1,0.953649,0.953647,0.0,5.4221
2025-08-05 00:00:00+00:00,1,0.953649,0.953647,0.0,5.4221
2025-08-05 01:00:00+00:00,1,0.953649,0.953647,0.0,5.4221
2025-08-05 02:00:00+00:00,1,0.953649,0.953647,0.0,5.4221
2025-08-05 03:00:00+00:00,1,0.953649,0.953647,0.0,5.4221
2025-08-05 04:00:00+00:00,1,0.953649,0.953647,0.0,5.4221
2025-08-05 05:00:00+00:00,1,0.953649,0.953647,0.0,5.4221
2025-08-05 06:00:00+00:00,1,0.953649,0.953647,0.0,5.4221
2025-08-05 07:00:00+00:00,1,0.953649,0.953647,0.0,5.4221
2025-08-05 08:00:00+00:00,1,0.953649,0.953647,0.0,5.4221
2025-08-05 09:00:00+00:00,1,0.953649,0.953647,0.0,5.4221
2025-08-05 10:00:00+00:00,1,0.953649,0.953647,0.0,5.4221
2025-08-05 11:00:00+00:00,1,0.953649,0.953647,0.0,5.4221
2025-08-05 12:00:00+00:00,1,0.953649,0.953647,0.0,5.4221
2025-08-05 13:00:00+00:00,1,0.953649,0.953647,0.0,5.4221
2025-08-05 14:00:00+00:00,1,0.953649,0.953647,0.0,5.4221
2025-08-05 15:00:00+00:00,1,0.953649,0.953647,0.0,5.4221
2025-08-05 16:00:00+00:00,1,0.953649,0.953647,0.0,5.4221
2025-08-05 17:00:00+00:00,1,0.953649,0.953647,0.0,5.4221
2025-08-05 18:00:00+00:00,1,0.953649,0.953647,0.0,5.4221
2025-08-05 19:00:00+00:00,1,0.953649,0.953647,0.0,5.4221
2025-08-05 20:00:00+00:00,1,0.953649,0.953647,0.0,5.4221
2025-08-05 21:00:00+00:00,1,0.953649,0.953647,0.0,5.4221
2025-08-05 22:00:00+00:00,1,0.953649,0.953647,0.0,5.4221
2025-08-05 23:00:00+00:00,1,0.953649,0.953647,0.0,5.4221
2025-08-06 00:00:00+00:00,1,0.953649,0.953647,0.0,5.4221
2025-08-06 01:00:00+00:00,1,0.953649,0.953647,0.0,5.4221
2025-08-06 02:00:00+00:00,1,0.953649,0.953647,0.0,5.4221
2025-08-06 03:00:00+00:00,1,0.953649,0.953647,0.0,5.4221
2025-08-06 04:00:00+00:00,1,0.953649,0.953647,0.0,5.4221
2025-08-06 05:00:00+00:00,1,0.953649,0.953647,0.0,5.4221
2025-08-06 06:00:00+00:00,1,0.953649,0.953647,0.0,5.4221
2025-08-06 07:00:00+00:00,1,0.953649,0.953647,0.0,5.4221
2025-08-06 08:00:00+00:00,1,0.953649,0.953647,0.0,5.4221
2025-08-06 09:00:00+00:00,1,0.953649,0.953647,0.0,5.4221
2025-08-06 10:00:00+00:00,1,0.953649,0.953647,0.0,5.4221
2025-08-06 11:00:00+00:00,1,0.953649,0.953647,0.0,5.4221
2025-08-06 12:00:00+00:00,1,0.953649,0.953647,0.0,5.4221
2025-08-06 13:00:00+00:00,1,0.953649,0.953647,0.0,5.4221
2025-08-06 14:00:00+00:00,1,0.953649,0.953647,0.0,5.4221
2025-08-06 15:00:00+00:00,1,0.953649,0.953647,0.0,5.4221
2025-08-06 16:00:00+00:00,1,0.953649,0.953647,0.0,5.4221
2025-08-06 17:00:00+00:00,1,0.953649,0.953647,0.0,5.4221
2025-08-06 18:00:00+00:00,1,0.953649,0.953647,0.0,5.4221
2025-08-06 19:00:00+00:00,1,0.953649,0.953647,0.0,5.4221
2025-08-06 20:00:00+00:00,1,0.953649,0.953647,0.0,5.4221
2025-08-06 21:00:00+00:00,1,0.952933,0.952932,-0.00075,5.493
2025-08-06 22:00:00+00:00,1,0.952333,0.952332,-0.00063,5.5525
2025-08-06 23:00:00+00:00,1,0.952333,0.952332,0.0,5.5525
2025-08-07 00:00:00+00:00,1,0.952333,0.952332,0.0,5.5525
2025-08-07 01:00:00+00:00,1,0.952333,0.952332,0.0,5.5525
2025-08-07 02:00:00+00:00,1,0.952333,0.952332,0.0,5.5525
2025-08-07 03:00:00+00:00,1,0.952333,0.952332,0.0,5.5525
2025-08-07 04:00:00+00:00,1,0.952333,0.952332,0.0,5.5525
2025-08-07 05:00:00+00:00,1,0.952333,0.952332,0.0,5.5525
2025-08-07 06:00:00+00:00,1,0.952333,0.952332,0.0,5.5525
2025-08-07 07:00:00+00:00,1,0.952333,0.952332,0.0,5.5525
2025-08-07 08:00:00+00:00,1,0.952333,0.952332,0.0,5.5525
2025-08-07 09:00:00+00:00,1,0.952333,0.952332,0.0,5.5525
2025-08-07 10:00:00+00:00,1,0.952333,0.952332,0.0,5.5525
2025-08-07 11:00:00+00:00,1,0.952333,0.952332,0.0,5.5525
2025-08-07 12:00:00+00:00,1,0.952333,0.952332,0.0,5.5525
2025-08-07 13:00:00+00:00,1,0.952333,0.952332,0.0,5.5525
2025-08-07 14:00:00+00:00,1,0.952333,0.952332,0.0,5.5525
2025-08-07 15:00:00+00:00,1,0.952333,0.952332,0.0,5.5525
2025-08-07 16:00:00+00:00,1,0.952333,0.952332,0.0,5.5525
2025-08-07 17:00:00+00:00,1,0.952333,0.952332,0.0,5.5525
2025-08-07 18:00:00+00:00,1,0.952333,0.952332,0.0,5.5525
2025-08-07 19:00:00+00:00,1,0.952333,0.952332,0.0,5.5525
2025-08-07 20:00:00+00:00,1,0.952333,0.952332,0.0,5.5525
2025-08-07 21:00:00+00:00,1,0.952333,0.952332,0.0,5.5525
2025-08-07 22:00:00+00:00,1,0.952333,0.952332,0.0,5.5525
2025-08-07 23:00:00+00:00,1,0.952333,0.952332,0.0,5.5525
2025-08-08 00:00:00+00:00,1,0.952333,0.952332,0.0,5.5525
2025-08-08 01:00:00+00:00,1,0.952333,0.952332,0.0,5.5525
2025-08-08 02:00:00+00:00,1,0.952333,0.952332,0.0,5.5525
2025-08-08 03:00:00+00:00,1,0.952333,0.952332,0.0,5.5525
2025-08-08 04:00:00+00:00,1,0.952333,0.952332,0.0,5.5525
2025-08-08 05:00:00+00:00,1,0.952333,0.952332,0.0,5.5525
2025-08-08 06:00:00+00:00,1,0.952333,0.952332,0.0,5.5525
2025-08-08 07:00:00+00:00,1,0.952333,0.952332,0.0,5.5525
2025-08-08 08:00:00+00:00,1,0.952333,0.952332,0.0,5.5525
2025-08-08 09:00:00+00:00,1,0.952333,0.952332,0.0,5.5525
2025-08-08 10:00:00+00:00,1,0.952333,0.952332,0.0,5.5525
2025-08-08 11:00:00+00:00,1,0.952333,0.952332,0.0,5.5525
2025-08-08 12:00:00+00:00,1,0.952333,0.952332,0.0,5.5525
2025-08-08 13:00:00+00:00,1,0.952333,0.952332,0.0,5.5525
2025-08-08 14:00:00+00:00,1,0.952333,0.952332,0.0,5.5525
2025-08-08 15:00:00+00:00,1,0.952333,0.952332,0.0,5.5525
2025-08-08 16:00:00+00:00,1,0.952333,0.952332,0.0,5.5525
2025-08-08 17:00:00+00:00,1,0.952333,0.952332,0.0,5.5525
2025-08-08 18:00:00+00:00,1,0.952333,0.952332,0.0,5.5525
2025-08-08 19:00:00+00:00,1,0.952333,0.952332,0.0,5.5525
2025-08-08 20:00:00+00:00,1,0.952333,0.952332,0.0,5.5525
2025-08-08 21:00:00+00:00,1,0.952333,0.952332,0.0,5.5525
2025-08-08 22:00:00+00:00,1,0.952333,0.952332,0.0,5.5525
2025-08-08 23:00:00+00:00,1,0.952333,0.952332,0.0,5.5525
2025-08-09 00:00:00+00:00,1,0.952333,0.952332,0.0,5.5525
2025-08-09 01:00:00+00:00,1,0.952333,0.952332,0.0,5.5525
2025-08-09 02:00:00+00:00,1,0.952333,0.952332,0.0,5.5525
2025-08-09 03:00:00+00:00,1,0.952333,0.952332,0.0,5.5525
2025-08-09 04:00:00+00:00,1,0.952333,0.952332,0.0,5.5525
2025-08-09 05:00:00+00:00,1,0.952333,0.952332,0.0,5.5525
2025-08-09 06:00:00+00:00,1,0.952333,0.952332,0.0,5.5525
2025-08-09 07:00:00+00:00,1,0.952333,0.952332,0.0,5.5525
2025-08-09 08:00:00+00:00,1,0.950585,0.950584,-0.001835,5.7259
2025-08-09 09:00:00+00:00,1,0.949985,0.949984,-0.000631,5.7854
2025-08-09 10:00:00+00:00,1,0.949985,0.949984,0.0,5.7854
2025-08-09 11:00:00+00:00,1,0.949985,0.949984,0.0,5.7854
2025-08-09 12:00:00+00:00,1,0.949985,0.949984,0.0,5.7854
2025-08-09 13:00:00+00:00,1,0.949985,0.949984,0.0,5.7854
2025-08-09 14:00:00+00:00,1,0.949985,0.949984,0.0,5.7854
2025-08-09 15:00:00+00:00,1,0.949985,0.949984,0.0,5.7854
2025-08-09 16:00:00+00:00,1,0.949985,0.949984,0.0,5.7854
2025-08-09 17:00:00+00:00,1,0.949985,0.949984,0.0,5.7854
2025-08-09 18:00:00+00:00,1,0.952292,0.952291,0.002428,5.5566
2025-08-09 19:00:00+00:00,1,0.951692,0.951691,-0.00063,5.6161
2025-08-09 20:00:00+00:00,1,0.951692,0.951691,0.0,5.6161
2025-08-09 21:00:00+00:00,1,0.951692,0.951691,0.0,5.6161
2025-08-09 22:00:00+00:00,1,0.951692,0.951691,0.0,5.6161
2025-08-09 23:00:00+00:00,1,0.951692,0.951691,0.0,5.6161
2025-08-10 00:00:00+00:00,1,0.951692,0.951691,0.0,5.6161
2025-08-10 01:00:00+00:00,1,0.951692,0.951691,0.0,5.6161
2025-08-10 02:00:00+00:00,1,0.951692,0.951691,0.0,5.6161
2025-08-10 03:00:00+00:00,1,0.951692,0.951691,0.0,5.6161
2025-08-10 04:00:00+00:00,1,0.951692,0.951691,0.0,5.6161
2025-08-10 05:00:00+00:00,1,0.951692,0.951691,0.0,5.6161
2025-08-10 06:00:00+00:00,1,0.951692,0.951691,0.0,5.6161
2025-08-10 07:00:00+00:00,1,0.951692,0.951691,0.0,5.6161
2025-08-10 08:00:00+00:00,1,0.951692,0.951691,0.0,5.6161
2025-08-10 09:00:00+00:00,1,0.951692,0.951691,0.0,5.6161
2025-08-10 10:00:00+00:00,1,0.951692,0.951691,0.0,5.6161
2025-08-10 11:00:00+00:00,1,0.951692,0.951691,0.0,5.6161
2025-08-10 12:00:00+00:00,1,0.951692,0.951691,0.0,5.6161
2025-08-10 13:00:00+00:00,1,0.951692,0.951691,0.0,5.6161
2025-08-10 14:00:00+00:00,1,0.951692,0.951691,0.0,5.6161
2025-08-10 15:00:00+00:00,1,0.951692,0.951691,0.0,5.6161
2025-08-10 16:00:00+00:00,1,0.951692,0.951691,0.0,5.6161
2025-08-10 17:00:00+00:00,1,0.951692,0.951691,0.0,5.6161
2025-08-10 18:00:00+00:00,1,0.951692,0.951691,0.0,5.6161
2025-08-10 19:00:00+00:00,1,0.951692,0.951691,0.0,5.6161
2025-08-10 20:00:00+00:00,1,0.951692,0.951691,0.0,5.6161
2025-08-10 21:00:00+00:00,1,0.951692,0.951691,0.0,5.6161
2025-08-10 22:00:00+00:00,1,0.951692,0.951691,0.0,5.6161
2025-08-10 23:00:00+00:00,1,0.951692,0.951691,0.0,5.6161
2025-08-11 00:00:00+00:00,1,0.951692,0.951691,0.0,5.6161
2025-08-11 01:00:00+00:00,1,0.951692,0.951691,0.0,5.6161
2025-08-11 02:00:00+00:00,1,0.951692,0.951691,0.0,5.6161
2025-08-11 03:00:00+00:00,1,0.951692,0.951691,0.0,5.6161
2025-08-11 04:00:00+00:00,1,0.951692,0.951691,0.0,5.6161
2025-08-11 05:00:00+00:00,1,0.951692,0.951691,0.0,5.6161
2025-08-11 06:00:00+00:00,1,0.951692,0.951691,0.0,5.6161
2025-08-11 07:00:00+00:00,1,0.951692,0.951691,0.0,5.6161
2025-08-11 08:00:00+00:00,1,0.951692,0.951691,0.0,5.6161
2025-08-11 09:00:00+00:00,1,0.951692,0.951691,0.0,5.6161
2025-08-11 10:00:00+00:00,1,0.951692,0.951691,0.0,5.6161
2025-08-11 11:00:00+00:00,1,0.951692,0.951691,0.0,5.6161
2025-08-11 12:00:00+00:00,1,0.951692,0.951691,0.0,5.6161
2025-08-11 13:00:00+00:00,1,0.951692,0.951691,0.0,5.6161
2025-08-11 14:00:00+00:00,1,0.951692,0.951691,0.0,5.6161
2025-08-11 15:00:00+00:00,1,0.951692,0.951691,0.0,5.6161
2025-08-11 16:00:00+00:00,1,0.951692,0.951691,0.0,5.6161
2025-08-11 17:00:00+00:00,1,0.951692,0.951691,0.0,5.6161
2025-08-11 18:00:00+00:00,1,0.951692,0.951691,0.0,5.6161
2025-08-11 19:00:00+00:00,1,0.951692,0.951691,0.0,5.6161
2025-08-11 20:00:00+00:00,1,0.951692,0.951691,0.0,5.6161
2025-08-11 21:00:00+00:00,1,0.951692,0.951691,0.0,5.6161
2025-08-11 22:00:00+00:00,1,0.951692,0.951691,0.0,5.6161
2025-08-11 23:00:00+00:00,1,0.951692,0.951691,0.0,5.6161
2025-08-12 00:00:00+00:00,1,0.951692,0.951691,0.0,5.6161
2025-08-12 01:00:00+00:00,1,0.951692,0.951691,0.0,5.6161
2025-08-12 02:00:00+00:00,1,0.951692,0.951691,0.0,5.6161
2025-08-12 03:00:00+00:00,1,0.951692,0.951691,0.0,5.6161
2025-08-12 04:00:00+00:00,1,0.951692,0.951691,0.0,5.6161
2025-08-12 05:00:00+00:00,1,0.951692,0.951691,0.0,5.6161
2025-08-12 06:00:00+00:00,1,0.951692,0.951691,0.0,5.6161
2025-08-12 07:00:00+00:00,1,0.951692,0.951691,0.0,5.6161
2025-08-12 08:00:00+00:00,1,0.951692,0.951691,0.0,5.6161
2025-08-12 09:00:00+00:00,1,0.951692,0.951691,0.0,5.6161
2025-08-12 10:00:00+00:00,1,0.951692,0.951691,0.0,5.6161
2025-08-12 11:00:00+00:00,1,0.951692,0.951691,0.0,5.6161
2025-08-12 12:00:00+00:00,1,0.950733,0.950732,-0.001008,5.7112
2025-08-12 13:00:00+00:00,1,0.950133,0.950132,-0.000631,5.7707
2025-08-12 14:00:00+00:00,1,0.950133,0.950132,0.0,5.7707
2025-08-12 15:00:00+00:00,1,0.950133,0.950132,0.0,5.7707
2025-08-12 16:00:00+00:00,1,0.950133,0.950132,0.0,5.7707
2025-08-12 17:00:00+00:00,1,0.950133,0.950132,0.0,5.7707
2025-08-12 18:00:00+00:00,1,0.946038,0.946037,-0.00431,6.1768
2025-08-12 19:00:00+00:00,1,0.948995,0.948994,0.003126,5.8836
2025-08-12 20:00:00+00:00,1,0.944667,0.944667,-0.00456,6.3127
2025-08-12 21:00:00+00:00,1,0.941545,0.941545,-0.003305,6.6223
2025-08-12 22:00:00+00:00,1,0.941974,0.941974,0.000456,6.5798
2025-08-12 23:00:00+00:00,1,0.943329,0.943328,0.001438,6.4455
2025-08-13 00:00:00+00:00,1,0.942729,0.942729,-0.000636,6.5049
2025-08-13 01:00:00+00:00,1,0.941492,0.941492,-0.001312,6.6276
2025-08-13 02:00:00+00:00,1,0.941756,0.941755,0.00028,6.6015
2025-08-13 03:00:00+00:00,1,0.944841,0.944841,0.003277,6.2954
2025-08-13 04:00:00+00:00,1,0.944241,0.944241,-0.000635,6.3549
2025-08-13 05:00:00+00:00,1,0.942739,0.942739,-0.001591,6.5039
2025-08-13 06:00:00+00:00,1,0.942139,0.94214,-0.000636,6.5633
2025-08-13 07:00:00+00:00,1,0.942139,0.94214,0.0,6.5633
2025-08-13 08:00:00+00:00,1,0.943688,0.943688,0.001644,6.4098
2025-08-13 09:00:00+00:00,1,0.94261,0.942611,-0.001142,6.5166
2025-08-13 10:00:00+00:00,1,0.94381,0.943811,0.001273,6.3976
2025-08-13 11:00:00+00:00,1,0.94321,0.94321,-0.000636,6.4572
2025-08-13 12:00:00+00:00,1,0.941609,0.94161,-0.001697,6.6159
2025-08-13 13:00:00+00:00,1,0.940994,0.940995,-0.000653,6.6769
2025-08-13 14:00:00+00:00,1,0.940394,0.940395,-0.000638,6.7364
2025-08-13 15:00:00+00:00,1,0.941155,0.941155,0.000809,6.661
2025-08-13 16:00:00+00:00,1,0.942154,0.942154,0.001061,6.5619
2025-08-13 17:00:00+00:00,1,0.939325,0.939325,-0.003003,6.8425
2025-08-13 18:00:00+00:00,1,0.938725,0.938724,-0.000639,6.9021
2025-08-13 19:00:00+00:00,1,0.938725,0.938724,0.0,6.9021
2025-08-13 20:00:00+00:00,1,0.937127,0.937128,-0.001701,7.0604
2025-08-13 21:00:00+00:00,1,0.937752,0.937752,0.000666,6.9985
2025-08-13 22:00:00+00:00,1,0.937152,0.937152,-0.00064,7.058
2025-08-13 23:00:00+00:00,1,0.937152,0.937152,0.0,7.058
2025-08-14 00:00:00+00:00,1,0.937152,0.937152,0.0,7.058
2025-08-14 01:00:00+00:00,1,0.937152,0.937152,0.0,7.058
2025-08-14 02:00:00+00:00,1,0.937152,0.937152,0.0,7.058
2025-08-14 03:00:00+00:00,1,0.937152,0.937152,0.0,7.058
2025-08-14 04:00:00+00:00,1,0.937152,0.937152,0.0,7.058
2025-08-14 05:00:00+00:00,1,0.937152,0.937152,0.0,7.058
2025-08-14 06:00:00+00:00,1,0.937152,0.937152,0.0,7.058
2025-08-14 07:00:00+00:00,1,0.937152,0.937152,0.0,7.058
2025-08-14 08:00:00+00:00,1,0.937152,0.937152,0.0,7.058
2025-08-14 09:00:00+00:00,1,0.937152,0.937152,0.0,7.058
2025-08-14 10:00:00+00:00,1,0.937152,0.937152,0.0,7.058
2025-08-14 11:00:00+00:00,1,0.937152,0.937152,0.0,7.058
2025-08-14 12:00:00+00:00,1,0.937152,0.937152,0.0,7.058
2025-08-14 13:00:00+00:00,1,0.937152,0.937152,0.0,7.058
2025-08-14 14:00:00+00:00,1,0.937152,0.937152,0.0,7.058
2025-08-14 15:00:00+00:00,1,0.937152,0.937152,0.0,7.058
2025-08-14 16:00:00+00:00,1,0.937152,0.937152,0.0,7.058
2025-08-14 17:00:00+00:00,1,0.937152,0.937152,0.0,7.058
2025-08-14 18:00:00+00:00,1,0.937152,0.937152,0.0,7.058
2025-08-14 19:00:00+00:00,1,0.937152,0.937152,0.0,7.058
2025-08-14 20:00:00+00:00,1,0.937152,0.937152,0.0,7.058
2025-08-14 21:00:00+00:00,1,0.937152,0.937152,0.0,7.058
2025-08-14 22:00:00+00:00,1,0.937152,0.937152,0.0,7.058
2025-08-14 23:00:00+00:00,1,0.937152,0.937152,0.0,7.058
2025-08-15 00:00:00+00:00,1,0.937152,0.937152,0.0,7.058
2025-08-15 01:00:00+00:00,1,0.937152,0.937152,0.0,7.058
2025-08-15 02:00:00+00:00,1,0.937152,0.937152,0.0,7.058
2025-08-15 03:00:00+00:00,1,0.937152,0.937152,0.0,7.058
2025-08-15 04:00:00+00:00,1,0.937152,0.937152,0.0,7.058
2025-08-15 05:00:00+00:00,1,0.937152,0.937152,0.0,7.058
2025-08-15 06:00:00+00:00,1,0.937152,0.937152,0.0,7.058
2025-08-15 07:00:00+00:00,1,0.937152,0.937152,0.0,7.058
2025-08-15 08:00:00+00:00,1,0.937152,0.937152,0.0,7.058
2025-08-15 09:00:00+00:00,1,0.937152,0.937152,0.0,7.058
2025-08-15 10:00:00+00:00,1,0.937152,0.937152,0.0,7.058
2025-08-15 11:00:00+00:00,1,0.937152,0.937152,0.0,7.058
2025-08-15 12:00:00+00:00,1,0.937152,0.937152,0.0,7.058
2025-08-15 13:00:00+00:00,1,0.937152,0.937152,0.0,7.058
2025-08-15 14:00:00+00:00,1,0.937152,0.937152,0.0,7.058
2025-08-15 15:00:00+00:00,1,0.937152,0.937152,0.0,7.058
2025-08-15 16:00:00+00:00,1,0.937152,0.937152,0.0,7.058
2025-08-15 17:00:00+00:00,1,0.937152,0.937152,0.0,7.058
2025-08-15 18:00:00+00:00,1,0.937152,0.937152,0.0,7.058
2025-08-15 19:00:00+00:00,1,0.937152,0.937152,0.0,7.058
2025-08-15 20:00:00+00:00,1,0.937152,0.937152,0.0,7.058
2025-08-15 21:00:00+00:00,1,0.937152,0.937152,0.0,7.058
2025-08-15 22:00:00+00:00,1,0.937152,0.937152,0.0,7.058
2025-08-15 23:00:00+00:00,1,0.937152,0.937152,0.0,7.058
2025-08-16 00:00:00+00:00,1,0.937152,0.937152,0.0,7.058
2025-08-16 01:00:00+00:00,1,0.937152,0.937152,0.0,7.058
2025-08-16 02:00:00+00:00,1,0.937152,0.937152,0.0,7.058
2025-08-16 03:00:00+00:00,1,0.937152,0.937152,0.0,7.058
2025-08-16 04:00:00+00:00,1,0.937152,0.937152,0.0,7.058
2025-08-16 05:00:00+00:00,1,0.937152,0.937152,0.0,7.058
2025-08-16 06:00:00+00:00,1,0.928402,0.928401,-0.009337,7.9259
2025-08-16 07:00:00+00:00,1,0.927802,0.927802,-0.000646,7.9853
2025-08-16 08:00:00+00:00,1,0.927802,0.927802,0.0,7.9853
2025-08-16 09:00:00+00:00,1,0.927802,0.927802,0.0,7.9853
2025-08-16 10:00:00+00:00,1,0.927802,0.927802,0.0,7.9853
2025-08-16 11:00:00+00:00,1,0.927802,0.927802,0.0,7.9853
2025-08-16 12:00:00+00:00,1,0.927802,0.927802,0.0,7.9853
2025-08-16 13:00:00+00:00,1,0.927802,0.927802,0.0,7.9853
2025-08-16 14:00:00+00:00,1,0.927802,0.927802,0.0,7.9853
2025-08-16 15:00:00+00:00,1,0.927364,0.927364,-0.000472,8.0287
2025-08-16 16:00:00+00:00,1,0.926764,0.926764,-0.000647,8.0882
2025-08-16 17:00:00+00:00,1,0.926764,0.926764,0.0,8.0882
2025-08-16 18:00:00+00:00,1,0.926764,0.926764,0.0,8.0882
2025-08-16 19:00:00+00:00,1,0.932573,0.932572,0.006267,7.5122
2025-08-16 20:00:00+00:00,1,0.931973,0.931972,-0.000643,7.5717
2025-08-16 21:00:00+00:00,1,0.931973,0.931972,0.0,7.5717
2025-08-16 22:00:00+00:00,1,0.931973,0.931972,0.0,7.5717
2025-08-16 23:00:00+00:00,1,0.931973,0.931972,0.0,7.5717
2025-08-17 00:00:00+00:00,1,0.931973,0.931972,0.0,7.5717
2025-08-17 01:00:00+00:00,1,0.932125,0.932125,0.000164,7.5565
2025-08-17 02:00:00+00:00,1,0.931525,0.931525,-0.000644,7.616
2025-08-17 03:00:00+00:00,1,0.931525,0.931525,0.0,7.616
2025-08-17 04:00:00+00:00,1,0.931525,0.931525,0.0,7.616
2025-08-17 05:00:00+00:00,1,0.931525,0.931525,0.0,7.616
2025-08-17 06:00:00+00:00,1,0.931525,0.931525,0.0,7.616
2025-08-17 07:00:00+00:00,1,0.931525,0.931525,0.0,7.616
2025-08-17 08:00:00+00:00,1,0.931525,0.931525,0.0,7.616
2025-08-17 09:00:00+00:00,1,0.931525,0.931525,0.0,7.616
2025-08-17 10:00:00+00:00,1,0.931525,0.931525,0.0,7.616
2025-08-17 11:00:00+00:00,1,0.931525,0.931525,0.0,7.616
2025-08-17 12:00:00+00:00,1,0.931525,0.931525,0.0,7.616
2025-08-17 13:00:00+00:00,1,0.931525,0.931525,0.0,7.616
2025-08-17 14:00:00+00:00,1,0.931525,0.931525,0.0,7.616
2025-08-17 15:00:00+00:00,1,0.931525,0.931525,0.0,7.616
2025-08-17 16:00:00+00:00,1,0.931525,0.931525,0.0,7.616
2025-08-17 17:00:00+00:00,1,0.931525,0.931525,0.0,7.616
2025-08-17 18:00:00+00:00,1,0.931525,0.931525,0.0,7.616
2025-08-17 19:00:00+00:00,1,0.931525,0.931525,0.0,7.616
2025-08-17 20:00:00+00:00,1,0.931525,0.931525,0.0,7.616
2025-08-17 21:00:00+00:00,1,0.927668,0.927668,-0.00414,7.9986
2025-08-17 22:00:00+00:00,1,0.927068,0.927068,-0.000647,8.0581
2025-08-17 23:00:00+00:00,1,0.927068,0.927068,0.0,8.0581
2025-08-18 00:00:00+00:00,1,0.927068,0.927068,0.0,8.0581
2025-08-18 01:00:00+00:00,1,0.927068,0.927068,0.0,8.0581
2025-08-18 02:00:00+00:00,1,0.927068,0.927068,0.0,8.0581
2025-08-18 03:00:00+00:00,1,0.927068,0.927068,0.0,8.0581
2025-08-18 04:00:00+00:00,1,0.927068,0.927068,0.0,8.0581
2025-08-18 05:00:00+00:00,1,0.927068,0.927068,0.0,8.0581
2025-08-18 06:00:00+00:00,1,0.927068,0.927068,0.0,8.0581
2025-08-18 07:00:00+00:00,1,0.927068,0.927068,0.0,8.0581
2025-08-18 08:00:00+00:00,1,0.927068,0.927068,0.0,8.0581
2025-08-18 09:00:00+00:00,1,0.927068,0.927068,0.0,8.0581
2025-08-18 10:00:00+00:00,1,0.927068,0.927068,0.0,8.0581
2025-08-18 11:00:00+00:00,1,0.927068,0.927068,0.0,8.0581
2025-08-18 12:00:00+00:00,1,0.927068,0.927068,0.0,8.0581
2025-08-18 13:00:00+00:00,1,0.927068,0.927068,0.0,8.0581
2025-08-18 14:00:00+00:00,1,0.927068,0.927068,0.0,8.0581
2025-08-18 15:00:00+00:00,1,0.927068,0.927068,0.0,8.0581
2025-08-18 16:00:00+00:00,1,0.927068,0.927068,0.0,8.0581
2025-08-18 17:00:00+00:00,1,0.927068,0.927068,0.0,8.0581
2025-08-18 18:00:00+00:00,1,0.927068,0.927068,0.0,8.0581
2025-08-18 19:00:00+00:00,1,0.932821,0.93282,0.006205,7.4876
2025-08-18 20:00:00+00:00,1,0.932221,0.932221,-0.000643,7.547
2025-08-18 21:00:00+00:00,1,0.932221,0.932221,0.0,7.547
2025-08-18 22:00:00+00:00,1,0.932221,0.932221,0.0,7.547
2025-08-18 23:00:00+00:00,1,0.932221,0.932221,0.0,7.547
2025-08-19 00:00:00+00:00,1,0.932221,0.932221,0.0,7.547
2025-08-19 01:00:00+00:00,1,0.932221,0.932221,0.0,7.547
2025-08-19 02:00:00+00:00,1,0.932221,0.932221,0.0,7.547
2025-08-19 03:00:00+00:00,1,0.932221,0.932221,0.0,7.547
2025-08-19 04:00:00+00:00,1,0.932221,0.932221,0.0,7.547
2025-08-19 05:00:00+00:00,1,0.932221,0.932221,0.0,7.547
2025-08-19 06:00:00+00:00,1,0.932221,0.932221,0.0,7.547
2025-08-19 07:00:00+00:00,1,0.932221,0.932221,0.0,7.547
2025-08-19 08:00:00+00:00,1,0.932221,0.932221,0.0,7.547
2025-08-19 09:00:00+00:00,1,0.932221,0.932221,0.0,7.547
2025-08-19 10:00:00+00:00,1,0.932221,0.932221,0.0,7.547
2025-08-19 11:00:00+00:00,1,0.932221,0.932221,0.0,7.547
2025-08-19 12:00:00+00:00,1,0.932221,0.932221,0.0,7.547
2025-08-19 13:00:00+00:00,1,0.932221,0.932221,0.0,7.547
2025-08-19 14:00:00+00:00,1,0.932221,0.932221,0.0,7.547
2025-08-19 15:00:00+00:00,1,0.932221,0.932221,0.0,7.547
2025-08-19 16:00:00+00:00,1,0.932221,0.932221,0.0,7.547
2025-08-19 17:00:00+00:00,1,0.932221,0.932221,0.0,7.547
2025-08-19 18:00:00+00:00,1,0.932221,0.932221,0.0,7.547
2025-08-19 19:00:00+00:00,1,0.932221,0.932221,0.0,7.547
2025-08-19 20:00:00+00:00,1,0.927592,0.927591,-0.004966,8.0062
2025-08-19 21:00:00+00:00,1,0.924199,0.924199,-0.003657,8.3426
2025-08-19 22:00:00+00:00,1,0.924457,0.924457,0.000279,8.317
2025-08-19 23:00:00+00:00,1,0.926034,0.926033,0.001705,8.1607
2025-08-20 00:00:00+00:00,1,0.925434,0.925433,-0.000648,8.2202
2025-08-20 01:00:00+00:00,1,0.925434,0.925433,0.0,8.2202
2025-08-20 02:00:00+00:00,1,0.925434,0.925433,0.0,8.2202
2025-08-20 03:00:00+00:00,1,0.925434,0.925433,0.0,8.2202
2025-08-20 04:00:00+00:00,1,0.925434,0.925433,0.0,8.2202
2025-08-20 05:00:00+00:00,1,0.925434,0.925433,0.0,8.2202
2025-08-20 06:00:00+00:00,1,0.925434,0.925433,0.0,8.2202
2025-08-20 07:00:00+00:00,1,0.925434,0.925433,0.0,8.2202
2025-08-20 08:00:00+00:00,1,0.922997,0.922996,-0.002633,8.4619
2025-08-20 09:00:00+00:00,1,0.922397,0.922396,-0.00065,8.5214
2025-08-20 10:00:00+00:00,1,0.922397,0.922396,0.0,8.5214
2025-08-20 11:00:00+00:00,1,0.922397,0.922396,0.0,8.5214
2025-08-20 12:00:00+00:00,1,0.922397,0.922396,0.0,8.5214
2025-08-20 13:00:00+00:00,1,0.922397,0.922396,0.0,8.5214
2025-08-20 14:00:00+00:00,1,0.922397,0.922396,0.0,8.5214
2025-08-20 15:00:00+00:00,1,0.922397,0.922396,0.0,8.5214
2025-08-20 16:00:00+00:00,1,0.922397,0.922396,0.0,8.5214
2025-08-20 17:00:00+00:00,1,0.922397,0.922396,0.0,8.5214
2025-08-20 18:00:00+00:00,1,0.922397,0.922396,0.0,8.5214
2025-08-20 19:00:00+00:00,1,0.922397,0.922396,0.0,8.5214
2025-08-20 20:00:00+00:00,1,0.922397,0.922396,0.0,8.5214
2025-08-20 21:00:00+00:00,1,0.922397,0.922396,0.0,8.5214
2025-08-20 22:00:00+00:00,1,0.922397,0.922396,0.0,8.5214
2025-08-20 23:00:00+00:00,1,0.922397,0.922396,0.0,8.5214
2025-08-21 00:00:00+00:00,1,0.922397,0.922396,0.0,8.5214
2025-08-21 01:00:00+00:00,1,0.922397,0.922396,0.0,8.5214
2025-08-21 02:00:00+00:00,1,0.922397,0.922396,0.0,8.5214
2025-08-21 03:00:00+00:00,1,0.922397,0.922396,0.0,8.5214
2025-08-21 04:00:00+00:00,1,0.922397,0.922396,0.0,8.5214
2025-08-21 05:00:00+00:00,1,0.922397,0.922396,0.0,8.5214
2025-08-21 06:00:00+00:00,1,0.922397,0.922396,0.0,8.5214
2025-08-21 07:00:00+00:00,1,0.922397,0.922396,0.0,8.5214
2025-08-21 08:00:00+00:00,1,0.922397,0.922396,0.0,8.5214
2025-08-21 09:00:00+00:00,1,0.922397,0.922396,0.0,8.5214
2025-08-21 10:00:00+00:00,1,0.922397,0.922396,0.0,8.5214
2025-08-21 11:00:00+00:00,1,0.922397,0.922396,0.0,8.5214
2025-08-21 12:00:00+00:00,1,0.922397,0.922396,0.0,8.5214
2025-08-21 13:00:00+00:00,1,0.922397,0.922396,0.0,8.5214
2025-08-21 14:00:00+00:00,1,0.922397,0.922396,0.0,8.5214
2025-08-21 15:00:00+00:00,1,0.922397,0.922396,0.0,8.5214
2025-08-21 16:00:00+00:00,1,0.922397,0.922396,0.0,8.5214
2025-08-21 17:00:00+00:00,1,0.922397,0.922396,0.0,8.5214
2025-08-21 18:00:00+00:00,1,0.919007,0.919007,-0.003675,8.8575
2025-08-21 19:00:00+00:00,1,0.91706,0.917059,-0.002119,9.0507
2025-08-21 20:00:00+00:00,1,0.918591,0.918591,0.00167,8.8988
2025-08-21 21:00:00+00:00,1,0.917991,0.917991,-0.000653,8.9583
2025-08-21 22:00:00+00:00,1,0.917991,0.917991,0.0,8.9583
2025-08-21 23:00:00+00:00,1,0.917991,0.917991,0.0,8.9583
2025-08-22 00:00:00+00:00,1,0.917991,0.917991,0.0,8.9583
2025-08-22 01:00:00+00:00,1,0.917991,0.917991,0.0,8.9583
2025-08-22 02:00:00+00:00,1,0.917991,0.917991,0.0,8.9583
2025-08-22 03:00:00+00:00,1,0.917991,0.917991,0.0,8.9583
2025-08-22 04:00:00+00:00,1,0.917991,0.917991,0.0,8.9583
2025-08-22 05:00:00+00:00,1,0.917991,0.917991,0.0,8.9583
2025-08-22 06:00:00+00:00,1,0.917991,0.917991,0.0,8.9583
2025-08-22 07:00:00+00:00,1,0.917991,0.917991,0.0,8.9583
2025-08-22 08:00:00+00:00,1,0.917991,0.917991,0.0,8.9583
2025-08-22 09:00:00+00:00,1,0.917991,0.917991,0.0,8.9583
2025-08-22 10:00:00+00:00,1,0.917991,0.917991,0.0,8.9583
2025-08-22 11:00:00+00:00,1,0.917991,0.917991,0.0,8.9583
2025-08-22 12:00:00+00:00,1,0.917991,0.917991,0.0,8.9583
2025-08-22 13:00:00+00:00,1,0.917991,0.917991,0.0,8.9583
2025-08-22 14:00:00+00:00,1,0.917991,0.917991,0.0,8.9583
2025-08-22 15:00:00+00:00,1,0.917991,0.917991,0.0,8.9583
2025-08-22 16:00:00+00:00,1,0.917991,0.917991,0.0,8.9583
2025-08-22 17:00:00+00:00,1,0.917991,0.917991,0.0,8.9583
2025-08-22 18:00:00+00:00,1,0.917991,0.917991,0.0,8.9583
2025-08-22 19:00:00+00:00,1,0.917991,0.917991,0.0,8.9583
2025-08-22 20:00:00+00:00,1,0.917991,0.917991,0.0,8.9583
2025-08-22 21:00:00+00:00,1,0.917991,0.917991,0.0,8.9583
2025-08-22 22:00:00+00:00,1,0.918582,0.918582,0.000644,8.8997
2025-08-22 23:00:00+00:00,1,0.917982,0.917982,-0.000653,8.9592
2025-08-23 00:00:00+00:00,1,0.917982,0.917982,0.0,8.9592
2025-08-23 01:00:00+00:00,1,0.917982,0.917982,0.0,8.9592
2025-08-23 02:00:00+00:00,1,0.919156,0.919155,0.001278,8.8428
2025-08-23 03:00:00+00:00,1,0.918556,0.918555,-0.000653,8.9023
2025-08-23 04:00:00+00:00,1,0.918556,0.918555,0.0,8.9023
2025-08-23 05:00:00+00:00,1,0.918556,0.918555,0.0,8.9023
2025-08-23 06:00:00+00:00,1,0.921393,0.921393,0.003089,8.6209
2025-08-23 07:00:00+00:00,1,0.920793,0.920793,-0.000651,8.6804
2025-08-23 08:00:00+00:00,1,0.920793,0.920793,0.0,8.6804
2025-08-23 09:00:00+00:00,1,0.918948,0.918948,-0.002004,8.8634
2025-08-23 10:00:00+00:00,1,0.918348,0.918347,-0.000653,8.923
2025-08-23 11:00:00+00:00,1,0.918348,0.918347,0.0,8.923
2025-08-23 12:00:00+00:00,1,0.914318,0.914318,-0.004388,9.3225
2025-08-23 13:00:00+00:00,1,0.913521,0.91352,-0.000872,9.4017
2025-08-23 14:00:00+00:00,1,0.916683,0.916683,0.003462,9.088
2025-08-23 15:00:00+00:00,1,0.916083,0.916083,-0.000655,9.1475
2025-08-23 16:00:00+00:00,1,0.916083,0.916083,0.0,9.1475
2025-08-23 17:00:00+00:00,1,0.916083,0.916083,0.0,9.1475
2025-08-23 18:00:00+00:00,1,0.916083,0.916083,0.0,9.1475
2025-08-23 19:00:00+00:00,1,0.921792,0.921792,0.006232,8.5813
2025-08-23 20:00:00+00:00,1,0.921192,0.921192,-0.000651,8.6408
2025-08-23 21:00:00+00:00,1,0.923068,0.923068,0.002037,8.4548
2025-08-23 22:00:00+00:00,1,0.922485,0.922486,-0.000631,8.5125
2025-08-23 23:00:00+00:00,1,0.922251,0.922252,-0.000253,8.5357
2025-08-24 00:00:00+00:00,1,0.908412,0.908413,-0.015006,9.9082
2025-08-24 01:00:00+00:00,1,0.907812,0.907813,-0.00066,9.9677
2025-08-24 02:00:00+00:00,1,0.909912,0.909913,0.002313,9.7594
2025-08-24 03:00:00+00:00,1,0.912108,0.91211,0.002414,9.5415
2025-08-24 04:00:00+00:00,1,0.911508,0.911509,-0.000658,9.6011
2025-08-24 05:00:00+00:00,1,0.911508,0.911509,0.0,9.6011
2025-08-24 06:00:00+00:00,1,0.917562,0.917564,0.006642,9.0006
2025-08-24 07:00:00+00:00,1,0.916007,0.916008,-0.001695,9.1549
2025-08-24 08:00:00+00:00,1,0.917414,0.917416,0.001537,9.0153
2025-08-24 09:00:00+00:00,1,0.916814,0.916816,-0.000654,9.0748
2025-08-24 10:00:00+00:00,1,0.917013,0.917015,0.000217,9.0551
2025-08-24 11:00:00+00:00,1,0.916413,0.916416,-0.000654,9.1145
2025-08-24 12:00:00+00:00,1,0.918436,0.918439,0.002208,8.9138
2025-08-24 13:00:00+00:00,1,0.916761,0.916764,-0.001824,9.08
2025-08-24 14:00:00+00:00,1,0.917185,0.917187,0.000462,9.038
2025-08-24 15:00:00+00:00,1,0.916585,0.916587,-0.000654,9.0975
2025-08-24 16:00:00+00:00,1,0.913159,0.913161,-0.003738,9.4373
2025-08-24 17:00:00+00:00,1,0.915987,0.915989,0.003097,9.1568
2025-08-24 18:00:00+00:00,1,0.914972,0.914974,-0.001108,9.2575
2025-08-24 19:00:00+00:00,1,0.917162,0.917164,0.002393,9.0403
2025-08-24 20:00:00+00:00,1,0.911412,0.911414,-0.006269,9.6105
2025-08-24 21:00:00+00:00,1,0.915464,0.915465,0.004445,9.2088
2025-08-24 22:00:00+00:00,1,0.914086,0.914088,-0.001505,9.3454
2025-08-24 23:00:00+00:00,1,0.919966,0.919968,0.006433,8.7622
2025-08-25 00:00:00+00:00,1,0.919366,0.919368,-0.000652,8.8217
2025-08-25 01:00:00+00:00,1,0.919366,0.919368,0.0,8.8217
2025-08-25 02:00:00+00:00,1,0.919366,0.919368,0.0,8.8217
2025-08-25 03:00:00+00:00,1,0.919366,0.919368,0.0,8.8217
2025-08-25 04:00:00+00:00,1,0.919366,0.919368,0.0,8.8217
2025-08-25 05:00:00+00:00,1,0.919366,0.919368,0.0,8.8217
2025-08-25 06:00:00+00:00,1,0.919366,0.919368,0.0,8.8217
2025-08-25 07:00:00+00:00,1,0.919366,0.919368,0.0,8.8217
2025-08-25 08:00:00+00:00,1,0.919366,0.919368,0.0,8.8217
2025-08-25 09:00:00+00:00,1,0.919366,0.919368,0.0,8.8217
2025-08-25 10:00:00+00:00,1,0.919366,0.919368,0.0,8.8217
2025-08-25 11:00:00+00:00,1,0.919366,0.919368,0.0,8.8217
2025-08-25 12:00:00+00:00,1,0.919366,0.919368,0.0,8.8217
2025-08-25 13:00:00+00:00,1,0.919366,0.919368,0.0,8.8217
2025-08-25 14:00:00+00:00,1,0.919366,0.919368,0.0,8.8217
2025-08-25 15:00:00+00:00,1,0.919366,0.919368,0.0,8.8217
2025-08-25 16:00:00+00:00,1,0.919366,0.919368,0.0,8.8217
2025-08-25 17:00:00+00:00,1,0.919366,0.919368,0.0,8.8217
2025-08-25 18:00:00+00:00,1,0.919366,0.919368,0.0,8.8217
2025-08-25 19:00:00+00:00,1,0.919366,0.919368,0.0,8.8217
2025-08-25 20:00:00+00:00,1,0.919366,0.919368,0.0,8.8217
2025-08-25 21:00:00+00:00,1,0.919366,0.919368,0.0,8.8217
2025-08-25 22:00:00+00:00,1,0.919366,0.919368,0.0,8.8217
2025-08-25 23:00:00+00:00,1,0.919366,0.919368,0.0,8.8217
2025-08-26 00:00:00+00:00,1,0.919366,0.919368,0.0,8.8217
2025-08-26 01:00:00+00:00,1,0.919366,0.919368,0.0,8.8217
2025-08-26 02:00:00+00:00,1,0.919366,0.919368,0.0,8.8217
2025-08-26 03:00:00+00:00,1,0.919366,0.919368,0.0,8.8217
2025-08-26 04:00:00+00:00,1,0.919366,0.919368,0.0,8.8217
2025-08-26 05:00:00+00:00,1,0.919366,0.919368,0.0,8.8217
2025-08-26 06:00:00+00:00,1,0.919366,0.919368,0.0,8.8217
2025-08-26 07:00:00+00:00,1,0.919366,0.919368,0.0,8.8217
2025-08-26 08:00:00+00:00,1,0.919366,0.919368,0.0,8.8217
2025-08-26 09:00:00+00:00,1,0.919366,0.919368,0.0,8.8217
2025-08-26 10:00:00+00:00,1,0.919366,0.919368,0.0,8.8217
2025-08-26 11:00:00+00:00,1,0.919366,0.919368,0.0,8.8217
2025-08-26 12:00:00+00:00,1,0.919366,0.919368,0.0,8.8217
2025-08-26 13:00:00+00:00,1,0.919366,0.919368,0.0,8.8217
2025-08-26 14:00:00+00:00,1,0.919366,0.919368,0.0,8.8217
2025-08-26 15:00:00+00:00,1,0.919366,0.919368,0.0,8.8217
2025-08-26 16:00:00+00:00,1,0.919366,0.919368,0.0,8.8217
2025-08-26 17:00:00+00:00,1,0.919366,0.919368,0.0,8.8217
2025-08-26 18:00:00+00:00,1,0.919366,0.919368,0.0,8.8217
2025-08-26 19:00:00+00:00,1,0.919366,0.919368,0.0,8.8217
2025-08-26 20:00:00+00:00,1,0.919366,0.919368,0.0,8.8217
2025-08-26 21:00:00+00:00,1,0.919366,0.919368,0.0,8.8217
2025-08-26 22:00:00+00:00,1,0.919245,0.919247,-0.000132,8.8337
2025-08-26 23:00:00+00:00,1,0.918645,0.918647,-0.000653,8.8932
2025-08-27 00:00:00+00:00,1,0.918645,0.918647,0.0,8.8932
2025-08-27 01:00:00+00:00,1,0.918645,0.918647,0.0,8.8932
2025-08-27 02:00:00+00:00,1,0.918645,0.918647,0.0,8.8932
2025-08-27 03:00:00+00:00,1,0.918645,0.918647,0.0,8.8932
2025-08-27 04:00:00+00:00,1,0.918645,0.918647,0.0,8.8932
2025-08-27 05:00:00+00:00,1,0.918645,0.918647,0.0,8.8932
2025-08-27 06:00:00+00:00,1,0.918645,0.918647,0.0,8.8932
2025-08-27 07:00:00+00:00,1,0.918645,0.918647,0.0,8.8932
2025-08-27 08:00:00+00:00,1,0.918645,0.918647,0.0,8.8932
2025-08-27 09:00:00+00:00,1,0.918645,0.918647,0.0,8.8932
2025-08-27 10:00:00+00:00,1,0.918645,0.918647,0.0,8.8932
2025-08-27 11:00:00+00:00,1,0.918645,0.918647,0.0,8.8932
2025-08-27 12:00:00+00:00,1,0.907649,0.907651,-0.011969,9.9837
2025-08-27 13:00:00+00:00,1,0.907049,0.907051,-0.000661,10.0433
2025-08-27 14:00:00+00:00,1,0.907049,0.907051,0.0,10.0433
2025-08-27 15:00:00+00:00,1,0.907049,0.907051,0.0,10.0433
2025-08-27 16:00:00+00:00,1,0.907049,0.907051,0.0,10.0433
2025-08-27 17:00:00+00:00,1,0.907049,0.907051,0.0,10.0433
2025-08-27 18:00:00+00:00,1,0.907049,0.907051,0.0,10.0433
2025-08-27 19:00:00+00:00,1,0.907049,0.907051,0.0,10.0433
2025-08-27 20:00:00+00:00,1,0.907049,0.907051,0.0,10.0433
2025-08-27 21:00:00+00:00,1,0.909121,0.909123,0.002284,9.8378
2025-08-27 22:00:00+00:00,1,0.908521,0.908523,-0.00066,9.8973
2025-08-27 23:00:00+00:00,1,0.908521,0.908523,0.0,9.8973
2025-08-28 00:00:00+00:00,1,0.908521,0.908523,0.0,9.8973
2025-08-28 01:00:00+00:00,1,0.908521,0.908523,0.0,9.8973
2025-08-28 02:00:00+00:00,1,0.913643,0.913645,0.005638,9.3893
2025-08-28 03:00:00+00:00,1,0.913043,0.913045,-0.000657,9.4488
2025-08-28 04:00:00+00:00,1,0.913043,0.913045,0.0,9.4488
2025-08-28 05:00:00+00:00,1,0.913043,0.913045,0.0,9.4488
2025-08-28 06:00:00+00:00,1,0.905259,0.90526,-0.008526,10.2209
2025-08-28 07:00:00+00:00,1,0.904659,0.90466,-0.000663,10.2804
2025-08-28 08:00:00+00:00,1,0.904659,0.90466,0.0,10.2804
2025-08-28 09:00:00+00:00,1,0.904054,0.904055,-0.000669,10.3404
2025-08-28 10:00:00+00:00,1,0.903317,0.903318,-0.000815,10.4135
2025-08-28 11:00:00+00:00,1,0.90309,0.903091,-0.000251,10.436
2025-08-28 12:00:00+00:00,1,0.904793,0.904795,0.001886,10.267
2025-08-28 13:00:00+00:00,1,0.905158,0.905159,0.000403,10.2309
2025-08-28 14:00:00+00:00,1,0.904738,0.904739,-0.000464,10.2725
2025-08-28 15:00:00+00:00,1,0.904138,0.904139,-0.000663,10.332
2025-08-28 16:00:00+00:00,1,0.905655,0.905657,0.001678,10.1815
2025-08-28 17:00:00+00:00,1,0.905112,0.905114,-0.000599,10.2354
2025-08-28 18:00:00+00:00,1,0.904414,0.904416,-0.000771,10.3046
2025-08-28 19:00:00+00:00,1,0.903814,0.903817,-0.000663,10.364
2025-08-28 20:00:00+00:00,1,0.903814,0.903817,0.0,10.364
2025-08-28 21:00:00+00:00,1,0.903814,0.903817,0.0,10.364
2025-08-28 22:00:00+00:00,1,0.903814,0.903817,0.0,10.364
2025-08-28 23:00:00+00:00,1,0.903814,0.903817,0.0,10.364
2025-08-29 00:00:00+00:00,1,0.903814,0.903817,0.0,10.364
2025-08-29 01:00:00+00:00,1,0.903814,0.903817,0.0,10.364
2025-08-29 02:00:00+00:00,1,0.903814,0.903817,0.0,10.364
2025-08-29 03:00:00+00:00,1,0.903814,0.903817,0.0,10.364
2025-08-29 04:00:00+00:00,1,0.903814,0.903817,0.0,10.364
2025-08-29 05:00:00+00:00,1,0.903814,0.903817,0.0,10.364
2025-08-29 06:00:00+00:00,1,0.903814,0.903817,0.0,10.364
2025-08-29 07:00:00+00:00,1,0.903814,0.903817,0.0,10.364
2025-08-29 08:00:00+00:00,1,0.903814,0.903817,0.0,10.364
2025-08-29 09:00:00+00:00,1,0.903814,0.903817,0.0,10.364
2025-08-29 10:00:00+00:00,1,0.903814,0.903817,0.0,10.364
2025-08-29 11:00:00+00:00,1,0.903814,0.903817,0.0,10.364
2025-08-29 12:00:00+00:00,1,0.903814,0.903817,0.0,10.364
2025-08-29 13:00:00+00:00,1,0.903814,0.903817,0.0,10.364
2025-08-29 14:00:00+00:00,1,0.903814,0.903817,0.0,10.364
2025-08-29 15:00:00+00:00,1,0.903814,0.903817,0.0,10.364
2025-08-29 16:00:00+00:00,1,0.903814,0.903817,0.0,10.364
2025-08-29 17:00:00+00:00,1,0.903814,0.903817,0.0,10.364
2025-08-29 18:00:00+00:00,1,0.904121,0.904124,0.00034,10.3335
2025-08-29 19:00:00+00:00,1,0.903521,0.903524,-0.000664,10.393
2025-08-29 20:00:00+00:00,1,0.903521,0.903524,0.0,10.393
2025-08-29 21:00:00+00:00,1,0.903521,0.903524,0.0,10.393
2025-08-29 22:00:00+00:00,1,0.903521,0.903524,0.0,10.393
2025-08-29 23:00:00+00:00,1,0.903521,0.903524,0.0,10.393
2025-08-30 00:00:00+00:00,1,0.903521,0.903524,0.0,10.393
2025-08-30 01:00:00+00:00,1,0.903521,0.903524,0.0,10.393
2025-08-30 02:00:00+00:00,1,0.903521,0.903524,0.0,10.393
2025-08-30 03:00:00+00:00,1,0.903521,0.903524,0.0,10.393
2025-08-30 04:00:00+00:00,1,0.903521,0.903524,0.0,10.393
2025-08-30 05:00:00+00:00,1,0.903521,0.903524,0.0,10.393
2025-08-30 06:00:00+00:00,1,0.90232,0.902322,-0.00133,10.5122
2025-08-30 07:00:00+00:00,1,0.90172,0.901722,-0.000665,10.5718
2025-08-30 08:00:00+00:00,1,0.901479,0.901482,-0.000266,10.5956
2025-08-30 09:00:00+00:00,1,0.899378,0.899381,-0.002331,10.8039
2025-08-30 10:00:00+00:00,1,0.898778,0.898781,-0.000667,10.8634
2025-08-30 11:00:00+00:00,1,0.898778,0.898781,0.0,10.8634
2025-08-30 12:00:00+00:00,1,0.898778,0.898781,0.0,10.8634
2025-08-30 13:00:00+00:00,1,0.898778,0.898781,0.0,10.8634
2025-08-30 14:00:00+00:00,1,0.898778,0.898781,0.0,10.8634
2025-08-30 15:00:00+00:00,1,0.898778,0.898781,0.0,10.8634
2025-08-30 16:00:00+00:00,1,0.898778,0.898781,0.0,10.8634
2025-08-30 17:00:00+00:00,1,0.898778,0.898781,0.0,10.8634
2025-08-30 18:00:00+00:00,1,0.898778,0.898781,0.0,10.8634
2025-08-30 19:00:00+00:00,1,0.898778,0.898781,0.0,10.8634
2025-08-30 20:00:00+00:00,1,0.898778,0.898781,0.0,10.8634
2025-08-30 21:00:00+00:00,1,0.898778,0.898781,0.0,10.8634
2025-08-30 22:00:00+00:00,1,0.898778,0.898781,0.0,10.8634
2025-08-30 23:00:00+00:00,1,0.898778,0.898781,0.0,10.8634
2025-08-31 00:00:00+00:00,1,0.898778,0.898781,0.0,10.8634
2025-08-31 01:00:00+00:00,1,0.898778,0.898781,0.0,10.8634
2025-08-31 02:00:00+00:00,1,0.889297,0.8893,-0.010549,11.8037
2025-08-31 03:00:00+00:00,1,0.888697,0.888699,-0.000675,11.8633
2025-08-31 04:00:00+00:00,1,0.888697,0.888699,0.0,11.8633
2025-08-31 05:00:00+00:00,1,0.888697,0.888699,0.0,11.8633
2025-08-31 06:00:00+00:00,1,0.888697,0.888699,0.0,11.8633
2025-08-31 07:00:00+00:00,1,0.888697,0.888699,0.0,11.8633
2025-08-31 08:00:00+00:00,1,0.888697,0.888699,0.0,11.8633
2025-08-31 09:00:00+00:00,1,0.888697,0.888699,0.0,11.8633
2025-08-31 10:00:00+00:00,1,0.888697,0.888699,0.0,11.8633
2025-08-31 11:00:00+00:00,1,0.888697,0.888699,0.0,11.8633
2025-08-31 12:00:00+00:00,1,0.888697,0.888699,0.0,11.8633
2025-08-31 13:00:00+00:00,1,0.888697,0.888699,0.0,11.8633
2025-08-31 14:00:00+00:00,1,0.888697,0.888699,0.0,11.8633
2025-08-31 15:00:00+00:00,1,0.888697,0.888699,0.0,11.8633
2025-08-31 16:00:00+00:00,1,0.888697,0.888699,0.0,11.8633
2025-08-31 17:00:00+00:00,1,0.888697,0.888699,0.0,11.8633
2025-08-31 18:00:00+00:00,1,0.907313,0.907315,0.020947,10.0171
2025-08-31 19:00:00+00:00,1,0.906713,0.906715,-0.000661,10.0766
2025-08-31 20:00:00+00:00,1,0.906713,0.906715,0.0,10.0766
2025-08-31 21:00:00+00:00,1,0.906713,0.906715,0.0,10.0766
2025-08-31 22:00:00+00:00,1,0.906713,0.906715,0.0,10.0766
2025-08-31 23:00:00+00:00,1,0.906713,0.906715,0.0,10.0766
2025-09-01 00:00:00+00:00,1,0.906713,0.906715,0.0,10.0766
2025-09-01 01:00:00+00:00,1,0.906713,0.906715,0.0,10.0766
2025-09-01 02:00:00+00:00,1,0.906713,0.906715,0.0,10.0766
2025-09-01 03:00:00+00:00,1,0.906713,0.906715,0.0,10.0766
2025-09-01 04:00:00+00:00,1,0.906713,0.906715,0.0,10.0766
2025-09-01 05:00:00+00:00,1,0.906713,0.906715,0.0,10.0766
2025-09-01 06:00:00+00:00,1,0.906713,0.906715,0.0,10.0766
2025-09-01 07:00:00+00:00,1,0.906713,0.906715,0.0,10.0766
2025-09-01 08:00:00+00:00,1,0.906713,0.906715,0.0,10.0766
2025-09-01 09:00:00+00:00,1,0.906713,0.906715,0.0,10.0766
2025-09-01 10:00:00+00:00,1,0.906713,0.906715,0.0,10.0766
2025-09-01 11:00:00+00:00,1,0.906713,0.906715,0.0,10.0766
2025-09-01 12:00:00+00:00,1,0.906713,0.906715,0.0,10.0766
2025-09-01 13:00:00+00:00,1,0.906713,0.906715,0.0,10.0766
2025-09-01 14:00:00+00:00,1,0.906713,0.906715,0.0,10.0766
2025-09-01 15:00:00+00:00,1,0.906713,0.906715,0.0,10.0766
2025-09-01 16:00:00+00:00,1,0.906713,0.906715,0.0,10.0766
2025-09-01 17:00:00+00:00,1,0.906713,0.906715,0.0,10.0766
2025-09-01 18:00:00+00:00,1,0.906713,0.906715,0.0,10.0766
2025-09-01 19:00:00+00:00,1,0.906713,0.906715,0.0,10.0766
2025-09-01 20:00:00+00:00,1,0.906713,0.906715,0.0,10.0766
2025-09-01 21:00:00+00:00,1,0.906713,0.906715,0.0,10.0766
2025-09-01 22:00:00+00:00,1,0.906713,0.906715,0.0,10.0766
2025-09-01 23:00:00+00:00,1,0.906713,0.906715,0.0,10.0766
2025-09-02 00:00:00+00:00,1,0.906713,0.906715,0.0,10.0766
2025-09-02 01:00:00+00:00,1,0.906713,0.906715,0.0,10.0766
2025-09-02 02:00:00+00:00,1,0.906713,0.906715,0.0,10.0766
2025-09-02 03:00:00+00:00,1,0.906713,0.906715,0.0,10.0766
2025-09-02 04:00:00+00:00,1,0.906713,0.906715,0.0,10.0766
2025-09-02 05:00:00+00:00,1,0.906713,0.906715,0.0,10.0766
2025-09-02 06:00:00+00:00,1,0.906713,0.906715,0.0,10.0766
2025-09-02 07:00:00+00:00,1,0.906713,0.906715,0.0,10.0766
2025-09-02 08:00:00+00:00,1,0.906713,0.906715,0.0,10.0766
2025-09-02 09:00:00+00:00,1,0.906713,0.906715,0.0,10.0766
2025-09-02 10:00:00+00:00,1,0.906713,0.906715,0.0,10.0766
2025-09-02 11:00:00+00:00,1,0.903991,0.903993,-0.003002,10.3465
2025-09-02 12:00:00+00:00,1,0.903391,0.903393,-0.000664,10.406
2025-09-02 13:00:00+00:00,1,0.903391,0.903393,0.0,10.406
2025-09-02 14:00:00+00:00,1,0.903391,0.903393,0.0,10.406
2025-09-02 15:00:00+00:00,1,0.903391,0.903393,0.0,10.406
2025-09-02 16:00:00+00:00,1,0.903391,0.903393,0.0,10.406
2025-09-02 17:00:00+00:00,1,0.903391,0.903393,0.0,10.406
2025-09-02 18:00:00+00:00,1,0.903391,0.903393,0.0,10.406
2025-09-02 19:00:00+00:00,1,0.903391,0.903393,0.0,10.406
2025-09-02 20:00:00+00:00,1,0.900065,0.900067,-0.003682,10.7359
2025-09-02 21:00:00+00:00,1,0.899473,0.899475,-0.000657,10.7946
2025-09-02 22:00:00+00:00,1,0.898873,0.898875,-0.000667,10.8541
2025-09-02 23:00:00+00:00,1,0.898873,0.898875,0.0,10.8541
2025-09-03 00:00:00+00:00,1,0.898873,0.898875,0.0,10.8541
2025-09-03 01:00:00+00:00,1,0.898873,0.898875,0.0,10.8541
2025-09-03 02:00:00+00:00,1,0.898873,0.898875,0.0,10.8541
2025-09-03 03:00:00+00:00,1,0.898873,0.898875,0.0,10.8541
2025-09-03 04:00:00+00:00,1,0.898873,0.898875,0.0,10.8541
2025-09-03 05:00:00+00:00,1,0.898873,0.898875,0.0,10.8541
2025-09-03 06:00:00+00:00,1,0.898873,0.898875,0.0,10.8541
2025-09-03 07:00:00+00:00,1,0.898873,0.898875,0.0,10.8541
2025-09-03 08:00:00+00:00,1,0.898873,0.898875,0.0,10.8541
2025-09-03 09:00:00+00:00,1,0.898873,0.898875,0.0,10.8541
2025-09-03 10:00:00+00:00,1,0.898873,0.898875,0.0,10.8541
2025-09-03 11:00:00+00:00,1,0.898873,0.898875,0.0,10.8541
2025-09-03 12:00:00+00:00,1,0.898873,0.898875,0.0,10.8541
2025-09-03 13:00:00+00:00,1,0.898873,0.898875,0.0,10.8541
2025-09-03 14:00:00+00:00,1,0.898873,0.898875,0.0,10.8541
2025-09-03 15:00:00+00:00,1,0.898873,0.898875,0.0,10.8541
2025-09-03 16:00:00+00:00,1,0.898873,0.898875,0.0,10.8541
2025-09-03 17:00:00+00:00,1,0.898873,0.898875,0.0,10.8541
2025-09-03 18:00:00+00:00,1,0.898873,0.898875,0.0,10.8541
2025-09-03 19:00:00+00:00,1,0.898873,0.898875,0.0,10.8541
2025-09-03 20:00:00+00:00,1,0.898873,0.898875,0.0,10.8541
2025-09-03 21:00:00+00:00,1,0.898873,0.898875,0.0,10.8541
2025-09-03 22:00:00+00:00,1,0.898873,0.898875,0.0,10.8541
2025-09-03 23:00:00+00:00,1,0.898873,0.898875,0.0,10.8541
2025-09-04 00:00:00+00:00,1,0.898873,0.898875,0.0,10.8541
2025-09-04 01:00:00+00:00,1,0.898873,0.898875,0.0,10.8541
2025-09-04 02:00:00+00:00,1,0.898873,0.898875,0.0,10.8541
2025-09-04 03:00:00+00:00,1,0.898873,0.898875,0.0,10.8541
2025-09-04 04:00:00+00:00,1,0.898873,0.898875,0.0,10.8541
2025-09-04 05:00:00+00:00,1,0.898873,0.898875,0.0,10.8541
2025-09-04 06:00:00+00:00,1,0.898873,0.898875,0.0,10.8541
2025-09-04 07:00:00+00:00,1,0.898873,0.898875,0.0,10.8541
2025-09-04 08:00:00+00:00,1,0.898873,0.898875,0.0,10.8541
2025-09-04 09:00:00+00:00,1,0.898873,0.898875,0.0,10.8541
2025-09-04 10:00:00+00:00,1,0.898873,0.898875,0.0,10.8541
2025-09-04 11:00:00+00:00,1,0.898873,0.898875,0.0,10.8541
2025-09-04 12:00:00+00:00,1,0.898873,0.898875,0.0,10.8541
2025-09-04 13:00:00+00:00,1,0.898873,0.898875,0.0,10.8541
2025-09-04 14:00:00+00:00,1,0.898873,0.898875,0.0,10.8541
2025-09-04 15:00:00+00:00,1,0.898873,0.898875,0.0,10.8541
2025-09-04 16:00:00+00:00,1,0.898873,0.898875,0.0,10.8541
2025-09-04 17:00:00+00:00,1,0.898873,0.898875,0.0,10.8541
2025-09-04 18:00:00+00:00,1,0.898873,0.898875,0.0,10.8541
2025-09-04 19:00:00+00:00,1,0.898873,0.898875,0.0,10.8541
2025-09-04 20:00:00+00:00,1,0.898873,0.898875,0.0,10.8541
2025-09-04 21:00:00+00:00,1,0.898873,0.898875,0.0,10.8541
2025-09-04 22:00:00+00:00,1,0.898873,0.898875,0.0,10.8541
2025-09-04 23:00:00+00:00,1,0.898873,0.898875,0.0,10.8541
2025-09-05 00:00:00+00:00,1,0.898873,0.898875,0.0,10.8541
2025-09-05 01:00:00+00:00,1,0.898873,0.898875,0.0,10.8541
2025-09-05 02:00:00+00:00,1,0.898873,0.898875,0.0,10.8541
2025-09-05 03:00:00+00:00,1,0.898873,0.898875,0.0,10.8541
2025-09-05 04:00:00+00:00,1,0.898873,0.898875,0.0,10.8541
2025-09-05 05:00:00+00:00,1,0.898873,0.898875,0.0,10.8541
2025-09-05 06:00:00+00:00,1,0.898873,0.898875,0.0,10.8541
2025-09-05 07:00:00+00:00,1,0.898873,0.898875,0.0,10.8541
2025-09-05 08:00:00+00:00,1,0.898873,0.898875,0.0,10.8541
2025-09-05 09:00:00+00:00,1,0.898873,0.898875,0.0,10.8541
2025-09-05 10:00:00+00:00,1,0.898873,0.898875,0.0,10.8541
2025-09-05 11:00:00+00:00,1,0.898873,0.898875,0.0,10.8541
2025-09-05 12:00:00+00:00,1,0.898873,0.898875,0.0,10.8541
2025-09-05 13:00:00+00:00,1,0.898873,0.898875,0.0,10.8541
2025-09-05 14:00:00+00:00,1,0.898873,0.898875,0.0,10.8541
2025-09-05 15:00:00+00:00,1,0.898873,0.898875,0.0,10.8541
2025-09-05 16:00:00+00:00,1,0.898873,0.898875,0.0,10.8541
2025-09-05 17:00:00+00:00,1,0.898873,0.898875,0.0,10.8541
2025-09-05 18:00:00+00:00,1,0.898873,0.898875,0.0,10.8541
2025-09-05 19:00:00+00:00,1,0.898873,0.898875,0.0,10.8541
2025-09-05 20:00:00+00:00,1,0.898873,0.898875,0.0,10.8541
2025-09-05 21:00:00+00:00,1,0.898873,0.898875,0.0,10.8541
2025-09-05 22:00:00+00:00,1,0.898873,0.898875,0.0,10.8541
2025-09-05 23:00:00+00:00,1,0.898873,0.898875,0.0,10.8541
2025-09-06 00:00:00+00:00,1,0.898873,0.898875,0.0,10.8541
2025-09-06 01:00:00+00:00,1,0.898873,0.898875,0.0,10.8541
2025-09-06 02:00:00+00:00,1,0.898873,0.898875,0.0,10.8541
2025-09-06 03:00:00+00:00,1,0.898873,0.898875,0.0,10.8541
2025-09-06 04:00:00+00:00,1,0.898873,0.898875,0.0,10.8541
2025-09-06 05:00:00+00:00,1,0.898873,0.898875,0.0,10.8541
2025-09-06 06:00:00+00:00,1,0.898873,0.898875,0.0,10.8541
2025-09-06 07:00:00+00:00,1,0.898873,0.898875,0.0,10.8541
2025-09-06 08:00:00+00:00,1,0.898873,0.898875,0.0,10.8541
2025-09-06 09:00:00+00:00,1,0.898873,0.898875,0.0,10.8541
2025-09-06 10:00:00+00:00,1,0.898873,0.898875,0.0,10.8541
2025-09-06 11:00:00+00:00,1,0.898873,0.898875,0.0,10.8541
2025-09-06 12:00:00+00:00,1,0.898873,0.898875,0.0,10.8541
2025-09-06 13:00:00+00:00,1,0.898873,0.898875,0.0,10.8541
2025-09-06 14:00:00+00:00,1,0.898873,0.898875,0.0,10.8541
2025-09-06 15:00:00+00:00,1,0.898873,0.898875,0.0,10.8541
2025-09-06 16:00:00+00:00,1,0.898873,0.898875,0.0,10.8541
2025-09-06 17:00:00+00:00,1,0.898873,0.898875,0.0,10.8541
2025-09-06 18:00:00+00:00,1,0.898873,0.898875,0.0,10.8541
2025-09-06 19:00:00+00:00,1,0.898873,0.898875,0.0,10.8541
2025-09-06 20:00:00+00:00,1,0.898873,0.898875,0.0,10.8541
2025-09-06 21:00:00+00:00,1,0.898873,0.898875,0.0,10.8541
2025-09-06 22:00:00+00:00,1,0.898873,0.898875,0.0,10.8541
2025-09-06 23:00:00+00:00,1,0.898873,0.898875,0.0,10.8541
2025-09-07 00:00:00+00:00,1,0.898873,0.898875,0.0,10.8541
2025-09-07 01:00:00+00:00,1,0.898873,0.898875,0.0,10.8541
2025-09-07 02:00:00+00:00,1,0.898873,0.898875,0.0,10.8541
2025-09-07 03:00:00+00:00,1,0.898873,0.898875,0.0,10.8541
2025-09-07 04:00:00+00:00,1,0.898873,0.898875,0.0,10.8541
2025-09-07 05:00:00+00:00,1,0.898873,0.898875,0.0,10.8541
2025-09-07 06:00:00+00:00,1,0.898873,0.898875,0.0,10.8541
2025-09-07 07:00:00+00:00,1,0.898873,0.898875,0.0,10.8541
2025-09-07 08:00:00+00:00,1,0.901317,0.901319,0.002719,10.6117
2025-09-07 09:00:00+00:00,1,0.900717,0.900719,-0.000666,10.6712
2025-09-07 10:00:00+00:00,1,0.900717,0.900719,0.0,10.6712
2025-09-07 11:00:00+00:00,1,0.900717,0.900719,0.0,10.6712
2025-09-07 12:00:00+00:00,1,0.900717,0.900719,0.0,10.6712
2025-09-07 13:00:00+00:00,1,0.900717,0.900719,0.0,10.6712
2025-09-07 14:00:00+00:00,1,0.900717,0.900719,0.0,10.6712
2025-09-07 15:00:00+00:00,1,0.900717,0.900719,0.0,10.6712
2025-09-07 16:00:00+00:00,1,0.900717,0.900719,0.0,10.6712
2025-09-07 17:00:00+00:00,1,0.900717,0.900719,0.0,10.6712
2025-09-07 18:00:00+00:00,1,0.900717,0.900719,0.0,10.6712
2025-09-07 19:00:00+00:00,1,0.900717,0.900719,0.0,10.6712
2025-09-07 20:00:00+00:00,1,0.892976,0.892978,-0.008594,11.4389
2025-09-07 21:00:00+00:00,1,0.892376,0.892378,-0.000672,11.4984
2025-09-07 22:00:00+00:00,1,0.892376,0.892378,0.0,11.4984
2025-09-07 23:00:00+00:00,1,0.892376,0.892378,0.0,11.4984
2025-09-08 00:00:00+00:00,1,0.892376,0.892378,0.0,11.4984
2025-09-08 01:00:00+00:00,1,0.892376,0.892378,0.0,11.4984
2025-09-08 02:00:00+00:00,1,0.892376,0.892378,0.0,11.4984
2025-09-08 03:00:00+00:00,1,0.892376,0.892378,0.0,11.4984
2025-09-08 04:00:00+00:00,1,0.892376,0.892378,0.0,11.4984
2025-09-08 05:00:00+00:00,1,0.892376,0.892378,0.0,11.4984
2025-09-08 06:00:00+00:00,1,0.892376,0.892378,0.0,11.4984
2025-09-08 07:00:00+00:00,1,0.892376,0.892378,0.0,11.4984
2025-09-08 08:00:00+00:00,1,0.892376,0.892378,0.0,11.4984
2025-09-13 08:00:00+00:00,2,1.0,0.892378,0.0,11.4984
2025-09-13 09:00:00+00:00,2,1.0,0.892378,0.0,11.4984
2025-09-13 10:00:00+00:00,2,1.0,0.892378,0.0,11.4984
2025-09-13 11:00:00+00:00,2,1.0,0.892378,0.0,11.4984
2025-09-13 12:00:00+00:00,2,1.0,0.892378,0.0,11.4984
2025-09-13 13:00:00+00:00,2,1.0,0.892378,0.0,11.4984
2025-09-13 14:00:00+00:00,2,1.0,0.892378,0.0,11.4984
2025-09-13 15:00:00+00:00,2,1.0,0.892378,0.0,11.4984
2025-09-13 16:00:00+00:00,2,1.0,0.892378,0.0,11.4984
2025-09-13 17:00:00+00:00,2,1.0,0.892378,0.0,11.4984
2025-09-13 18:00:00+00:00,2,1.0,0.892378,0.0,11.4984
2025-09-13 19:00:00+00:00,2,1.0,0.892378,0.0,11.4984
2025-09-13 20:00:00+00:00,2,1.0,0.892378,0.0,11.4984
2025-09-13 21:00:00+00:00,2,1.0,0.892378,0.0,11.4984
2025-09-13 22:00:00+00:00,2,1.0,0.892378,0.0,11.4984
2025-09-13 23:00:00+00:00,2,1.0,0.892378,0.0,11.4984
2025-09-14 00:00:00+00:00,2,1.0,0.892378,0.0,11.4984
2025-09-14 01:00:00+00:00,2,1.0,0.892378,0.0,11.4984
2025-09-14 02:00:00+00:00,2,1.0,0.892378,0.0,11.4984
2025-09-14 03:00:00+00:00,2,1.0,0.892378,0.0,11.4984
2025-09-14 04:00:00+00:00,2,1.0,0.892378,0.0,11.4984
2025-09-14 05:00:00+00:00,2,1.0,0.892378,0.0,11.4984
2025-09-14 06:00:00+00:00,2,1.0,0.892378,0.0,11.4984
2025-09-14 07:00:00+00:00,2,1.0,0.892378,0.0,11.4984
2025-09-14 08:00:00+00:00,2,1.0,0.892378,0.0,11.4984
2025-09-14 09:00:00+00:00,2,1.0,0.892378,0.0,11.4984
2025-09-14 10:00:00+00:00,2,1.0,0.892378,0.0,11.4984
2025-09-14 11:00:00+00:00,2,1.0,0.892378,0.0,11.4984
2025-09-14 12:00:00+00:00,2,1.0,0.892378,0.0,11.4984
2025-09-14 13:00:00+00:00,2,1.0,0.892378,0.0,11.4984
2025-09-14 14:00:00+00:00,2,1.0,0.892378,0.0,11.4984
2025-09-14 15:00:00+00:00,2,1.0,0.892378,0.0,11.4984
2025-09-14 16:00:00+00:00,2,1.0,0.892378,0.0,11.4984
2025-09-14 17:00:00+00:00,2,1.0,0.892378,0.0,11.4984
2025-09-14 18:00:00+00:00,2,1.0,0.892378,0.0,11.4984
2025-09-14 19:00:00+00:00,2,1.0,0.892378,0.0,11.4984
2025-09-14 20:00:00+00:00,2,1.0,0.892378,0.0,11.4984
2025-09-14 21:00:00+00:00,2,1.0,0.892378,0.0,11.4984
2025-09-14 22:00:00+00:00,2,1.0,0.892378,0.0,11.4984
2025-09-14 23:00:00+00:00,2,1.0,0.892378,0.0,11.4984
2025-09-15 00:00:00+00:00,2,1.0,0.892378,0.0,11.4984
2025-09-15 01:00:00+00:00,2,1.0,0.892378,0.0,11.4984
2025-09-15 02:00:00+00:00,2,1.0,0.892378,0.0,11.4984
2025-09-15 03:00:00+00:00,2,1.0,0.892378,0.0,11.4984
2025-09-15 04:00:00+00:00,2,1.0,0.892378,0.0,11.4984
2025-09-15 05:00:00+00:00,2,1.0,0.892378,0.0,11.4984
2025-09-15 06:00:00+00:00,2,1.0,0.892378,0.0,11.4984
2025-09-15 07:00:00+00:00,2,1.0,0.892378,0.0,11.4984
2025-09-15 08:00:00+00:00,2,1.0,0.892378,0.0,11.4984
2025-09-15 09:00:00+00:00,2,1.0,0.892378,0.0,11.4984
2025-09-15 10:00:00+00:00,2,1.0,0.892378,0.0,11.4984
2025-09-15 11:00:00+00:00,2,1.0,0.892378,0.0,11.4984
2025-09-15 12:00:00+00:00,2,1.0,0.892378,0.0,11.4984
2025-09-15 13:00:00+00:00,2,1.0,0.892378,0.0,11.4984
2025-09-15 14:00:00+00:00,2,1.0,0.892378,0.0,11.4984
2025-09-15 15:00:00+00:00,2,1.0,0.892378,0.0,11.4984
2025-09-15 16:00:00+00:00,2,1.0,0.892378,0.0,11.4984
2025-09-15 17:00:00+00:00,2,1.0,0.892378,0.0,11.4984
2025-09-15 18:00:00+00:00,2,1.0,0.892378,0.0,11.4984
2025-09-15 19:00:00+00:00,2,1.0,0.892378,0.0,11.4984
2025-09-15 20:00:00+00:00,2,1.0,0.892378,0.0,11.4984
2025-09-15 21:00:00+00:00,2,1.0,0.892378,0.0,11.4984
2025-09-15 22:00:00+00:00,2,1.0,0.892378,0.0,11.4984
2025-09-15 23:00:00+00:00,2,1.0,0.892378,0.0,11.4984
2025-09-16 00:00:00+00:00,2,1.003087,0.895133,0.003087,11.2252
2025-09-16 01:00:00+00:00,2,1.002487,0.894598,-0.000598,11.2783
2025-09-16 02:00:00+00:00,2,1.002487,0.894598,0.0,11.2783
2025-09-16 03:00:00+00:00,2,1.002487,0.894598,0.0,11.2783
2025-09-16 04:00:00+00:00,2,1.002487,0.894598,0.0,11.2783
2025-09-16 05:00:00+00:00,2,1.002487,0.894598,0.0,11.2783
2025-09-16 06:00:00+00:00,2,1.002487,0.894598,0.0,11.2783
2025-09-16 07:00:00+00:00,2,1.002487,0.894598,0.0,11.2783
2025-09-16 08:00:00+00:00,2,1.002487,0.894598,0.0,11.2783
2025-09-16 09:00:00+00:00,2,1.002487,0.894598,0.0,11.2783
2025-09-16 10:00:00+00:00,2,1.002487,0.894598,0.0,11.2783
2025-09-16 11:00:00+00:00,2,1.002487,0.894598,0.0,11.2783
2025-09-16 12:00:00+00:00,2,1.002487,0.894598,0.0,11.2783
2025-09-16 13:00:00+00:00,2,1.002487,0.894598,0.0,11.2783
2025-09-16 14:00:00+00:00,2,1.002487,0.894598,0.0,11.2783
2025-09-16 15:00:00+00:00,2,1.002487,0.894598,0.0,11.2783
2025-09-16 16:00:00+00:00,2,1.002487,0.894598,0.0,11.2783
2025-09-16 17:00:00+00:00,2,1.002487,0.894598,0.0,11.2783
2025-09-16 18:00:00+00:00,2,1.002487,0.894598,0.0,11.2783
2025-09-16 19:00:00+00:00,2,1.002487,0.894598,0.0,11.2783
2025-09-16 20:00:00+00:00,2,1.002487,0.894598,0.0,11.2783
2025-09-16 21:00:00+00:00,2,1.002487,0.894598,0.0,11.2783
2025-09-16 22:00:00+00:00,2,1.002487,0.894598,0.0,11.2783
2025-09-16 23:00:00+00:00,2,1.002487,0.894598,0.0,11.2783
2025-09-17 00:00:00+00:00,2,0.998717,0.891234,-0.00376,11.6119
2025-09-17 01:00:00+00:00,2,0.998117,0.890698,-0.000601,11.6651
2025-09-17 02:00:00+00:00,2,0.998117,0.890698,0.0,11.6651
2025-09-17 03:00:00+00:00,2,0.998117,0.890698,0.0,11.6651
2025-09-17 04:00:00+00:00,2,0.998117,0.890698,0.0,11.6651
2025-09-17 05:00:00+00:00,2,0.998117,0.890698,0.0,11.6651
2025-09-17 06:00:00+00:00,2,0.998117,0.890698,0.0,11.6651
2025-09-17 07:00:00+00:00,2,0.998117,0.890698,0.0,11.6651
2025-09-17 08:00:00+00:00,2,0.998117,0.890698,0.0,11.6651
2025-09-17 09:00:00+00:00,2,0.998117,0.890698,0.0,11.6651
2025-09-17 10:00:00+00:00,2,0.998117,0.890698,0.0,11.6651
2025-09-17 11:00:00+00:00,2,0.998117,0.890698,0.0,11.6651
2025-09-17 12:00:00+00:00,2,0.998117,0.890698,0.0,11.6651
2025-09-17 13:00:00+00:00,2,0.998117,0.890698,0.0,11.6651
2025-09-17 14:00:00+00:00,2,0.998117,0.890698,0.0,11.6651
2025-09-17 15:00:00+00:00,2,0.998117,0.890698,0.0,11.6651
2025-09-17 16:00:00+00:00,2,0.998117,0.890698,0.0,11.6651
2025-09-17 17:00:00+00:00,2,0.998117,0.890698,0.0,11.6651
2025-09-17 18:00:00+00:00,2,0.998117,0.890698,0.0,11.6651
2025-09-17 19:00:00+00:00,2,0.998117,0.890698,0.0,11.6651
2025-09-17 20:00:00+00:00,2,0.998117,0.890698,0.0,11.6651
2025-09-17 21:00:00+00:00,2,0.998117,0.890698,0.0,11.6651
2025-09-17 22:00:00+00:00,2,0.998117,0.890698,0.0,11.6651
2025-09-17 23:00:00+00:00,2,0.998117,0.890698,0.0,11.6651
2025-09-18 00:00:00+00:00,2,0.998117,0.890698,0.0,11.6651
2025-09-18 01:00:00+00:00,2,0.998117,0.890698,0.0,11.6651
2025-09-18 02:00:00+00:00,2,0.998117,0.890698,0.0,11.6651
2025-09-18 03:00:00+00:00,2,0.998117,0.890698,0.0,11.6651
2025-09-18 04:00:00+00:00,2,0.998117,0.890698,0.0,11.6651
2025-09-18 05:00:00+00:00,2,0.998117,0.890698,0.0,11.6651
2025-09-18 06:00:00+00:00,2,0.998117,0.890698,0.0,11.6651
2025-09-18 07:00:00+00:00,2,0.998117,0.890698,0.0,11.6651
2025-09-18 08:00:00+00:00,2,0.998117,0.890698,0.0,11.6651
2025-09-18 09:00:00+00:00,2,0.998117,0.890698,0.0,11.6651
2025-09-18 10:00:00+00:00,2,0.998117,0.890698,0.0,11.6651
2025-09-18 11:00:00+00:00,2,0.998117,0.890698,0.0,11.6651
2025-09-18 12:00:00+00:00,2,0.998117,0.890698,0.0,11.6651
2025-09-18 13:00:00+00:00,2,0.998117,0.890698,0.0,11.6651
2025-09-18 14:00:00+00:00,2,0.998117,0.890698,0.0,11.6651
2025-09-18 15:00:00+00:00,2,0.998117,0.890698,0.0,11.6651
2025-09-18 16:00:00+00:00,2,0.998117,0.890698,0.0,11.6651
2025-09-18 17:00:00+00:00,2,0.998117,0.890698,0.0,11.6651
2025-09-18 18:00:00+00:00,2,0.998117,0.890698,0.0,11.6651
2025-09-18 19:00:00+00:00,2,0.998117,0.890698,0.0,11.6651
2025-09-18 20:00:00+00:00,2,0.998117,0.890698,0.0,11.6651
2025-09-18 21:00:00+00:00,2,0.998117,0.890698,0.0,11.6651
2025-09-18 22:00:00+00:00,2,0.998117,0.890698,0.0,11.6651
2025-09-18 23:00:00+00:00,2,0.998117,0.890698,0.0,11.6651
2025-09-19 00:00:00+00:00,2,0.998117,0.890698,0.0,11.6651
2025-09-19 01:00:00+00:00,2,0.998117,0.890698,0.0,11.6651
2025-09-19 02:00:00+00:00,2,0.998117,0.890698,0.0,11.6651
2025-09-19 03:00:00+00:00,2,0.998117,0.890698,0.0,11.6651
2025-09-19 04:00:00+00:00,2,0.998117,0.890698,0.0,11.6651
2025-09-19 05:00:00+00:00,2,0.998117,0.890698,0.0,11.6651
2025-09-19 06:00:00+00:00,2,0.998117,0.890698,0.0,11.6651
2025-09-19 07:00:00+00:00,2,0.998117,0.890698,0.0,11.6651
2025-09-19 08:00:00+00:00,2,0.997333,0.889998,-0.000786,11.7345
2025-09-19 09:00:00+00:00,2,0.995823,0.888651,-0.001514,11.8681
2025-09-19 10:00:00+00:00,2,0.995223,0.888115,-0.000603,11.9212
2025-09-19 11:00:00+00:00,2,0.995223,0.888115,0.0,11.9212
2025-09-19 12:00:00+00:00,2,0.995223,0.888115,0.0,11.9212
2025-09-19 13:00:00+00:00,2,0.995223,0.888115,0.0,11.9212
2025-09-19 14:00:00+00:00,2,0.995223,0.888115,0.0,11.9212
2025-09-19 15:00:00+00:00,2,0.995223,0.888115,0.0,11.9212
2025-09-19 16:00:00+00:00,2,0.995223,0.888115,0.0,11.9212
2025-09-19 17:00:00+00:00,2,0.995312,0.888195,9e-05,11.9133
2025-09-19 18:00:00+00:00,2,0.994712,0.887659,-0.000603,11.9665
2025-09-19 19:00:00+00:00,2,0.994712,0.887659,0.0,11.9665
2025-09-19 20:00:00+00:00,2,0.994712,0.887659,0.0,11.9665
2025-09-19 21:00:00+00:00,2,0.994712,0.887659,0.0,11.9665
2025-09-19 22:00:00+00:00,2,0.996803,0.889525,0.002102,11.7814
2025-09-19 23:00:00+00:00,2,0.996203,0.88899,-0.000602,11.8344
2025-09-20 00:00:00+00:00,2,0.996203,0.88899,0.0,11.8344
2025-09-20 01:00:00+00:00,2,0.996203,0.88899,0.0,11.8344
2025-09-20 02:00:00+00:00,2,0.996203,0.88899,0.0,11.8344
2025-09-20 03:00:00+00:00,2,0.996203,0.88899,0.0,11.8344
2025-09-20 04:00:00+00:00,2,0.996203,0.88899,0.0,11.8344
2025-09-20 05:00:00+00:00,2,0.996203,0.88899,0.0,11.8344
2025-09-20 06:00:00+00:00,2,0.996203,0.88899,0.0,11.8344
2025-09-20 07:00:00+00:00,2,0.996203,0.88899,0.0,11.8344
2025-09-20 08:00:00+00:00,2,0.996203,0.88899,0.0,11.8344
2025-09-20 09:00:00+00:00,2,0.996203,0.88899,0.0,11.8344
2025-09-20 10:00:00+00:00,2,0.996203,0.88899,0.0,11.8344
2025-09-20 11:00:00+00:00,2,0.996203,0.88899,0.0,11.8344
2025-09-20 12:00:00+00:00,2,0.996203,0.88899,0.0,11.8344
2025-09-20 13:00:00+00:00,2,0.996203,0.88899,0.0,11.8344
2025-09-20 14:00:00+00:00,2,0.996203,0.88899,0.0,11.8344
2025-09-20 15:00:00+00:00,2,0.996203,0.88899,0.0,11.8344
2025-09-20 16:00:00+00:00,2,0.996203,0.88899,0.0,11.8344
2025-09-20 17:00:00+00:00,2,0.996203,0.88899,0.0,11.8344
2025-09-20 18:00:00+00:00,2,0.996203,0.88899,0.0,11.8344
2025-09-20 19:00:00+00:00,2,0.996203,0.88899,0.0,11.8344
2025-09-20 20:00:00+00:00,2,0.994566,0.887528,-0.001644,11.9794
2025-09-20 21:00:00+00:00,2,0.993966,0.886993,-0.000603,12.0325
2025-09-20 22:00:00+00:00,2,0.993966,0.886993,0.0,12.0325
2025-09-20 23:00:00+00:00,2,0.993966,0.886993,0.0,12.0325
2025-09-21 00:00:00+00:00,2,0.993966,0.886993,0.0,12.0325
2025-09-21 01:00:00+00:00,2,0.993966,0.886993,0.0,12.0325
2025-09-21 02:00:00+00:00,2,0.993966,0.886993,0.0,12.0325
2025-09-21 03:00:00+00:00,2,0.993966,0.886993,0.0,12.0325
2025-09-21 04:00:00+00:00,2,0.993966,0.886993,0.0,12.0325
2025-09-21 05:00:00+00:00,2,0.993966,0.886993,0.0,12.0325
2025-09-21 06:00:00+00:00,2,0.993966,0.886993,0.0,12.0325
2025-09-21 07:00:00+00:00,2,0.993966,0.886993,0.0,12.0325
2025-09-21 08:00:00+00:00,2,0.993966,0.886993,0.0,12.0325
2025-09-21 09:00:00+00:00,2,0.993966,0.886993,0.0,12.0325
2025-09-21 10:00:00+00:00,2,0.993966,0.886993,0.0,12.0325
2025-09-21 11:00:00+00:00,2,0.993966,0.886993,0.0,12.0325
2025-09-21 12:00:00+00:00,2,0.993966,0.886993,0.0,12.0325
2025-09-21 13:00:00+00:00,2,0.993966,0.886993,0.0,12.0325
2025-09-21 14:00:00+00:00,2,0.993966,0.886993,0.0,12.0325
2025-09-21 15:00:00+00:00,2,0.993966,0.886993,0.0,12.0325
2025-09-21 16:00:00+00:00,2,0.993966,0.886993,0.0,12.0325
2025-09-21 17:00:00+00:00,2,0.993966,0.886993,0.0,12.0325
2025-09-21 18:00:00+00:00,2,0.993966,0.886993,0.0,12.0325
2025-09-21 19:00:00+00:00,2,0.993966,0.886993,0.0,12.0325
2025-09-21 20:00:00+00:00,2,0.993966,0.886993,0.0,12.0325
2025-09-21 21:00:00+00:00,2,0.993966,0.886993,0.0,12.0325
2025-09-21 22:00:00+00:00,2,0.993966,0.886993,0.0,12.0325
2025-09-21 23:00:00+00:00,2,0.993966,0.886993,0.0,12.0325
2025-09-22 00:00:00+00:00,2,0.993966,0.886993,0.0,12.0325
2025-09-22 01:00:00+00:00,2,0.993966,0.886993,0.0,12.0325
2025-09-22 02:00:00+00:00,2,0.993966,0.886993,0.0,12.0325
2025-09-22 03:00:00+00:00,2,0.993966,0.886993,0.0,12.0325
2025-09-22 04:00:00+00:00,2,0.993966,0.886993,0.0,12.0325
2025-09-22 05:00:00+00:00,2,0.993966,0.886993,0.0,12.0325
2025-09-22 06:00:00+00:00,2,0.993966,0.886993,0.0,12.0325
2025-09-22 07:00:00+00:00,2,0.993966,0.886993,0.0,12.0325
2025-09-22 08:00:00+00:00,2,0.993966,0.886993,0.0,12.0325
2025-09-22 09:00:00+00:00,2,0.993966,0.886993,0.0,12.0325
2025-09-22 10:00:00+00:00,2,0.993966,0.886993,0.0,12.0325
2025-09-22 11:00:00+00:00,2,0.993966,0.886993,0.0,12.0325
2025-09-22 12:00:00+00:00,2,0.993966,0.886993,0.0,12.0325
2025-09-22 13:00:00+00:00,2,0.993966,0.886993,0.0,12.0325
2025-09-22 14:00:00+00:00,2,0.993966,0.886993,0.0,12.0325
2025-09-22 15:00:00+00:00,2,0.993966,0.886993,0.0,12.0325
2025-09-22 16:00:00+00:00,2,0.993966,0.886993,0.0,12.0325
2025-09-22 17:00:00+00:00,2,0.993966,0.886993,0.0,12.0325
2025-09-22 18:00:00+00:00,2,0.993966,0.886993,0.0,12.0325
2025-09-22 19:00:00+00:00,2,0.993966,0.886993,0.0,12.0325
2025-09-22 20:00:00+00:00,2,0.993966,0.886993,0.0,12.0325
2025-09-22 21:00:00+00:00,2,0.993966,0.886993,0.0,12.0325
2025-09-22 22:00:00+00:00,2,0.993966,0.886993,0.0,12.0325
2025-09-22 23:00:00+00:00,2,0.993966,0.886993,0.0,12.0325
2025-09-23 00:00:00+00:00,2,0.993966,0.886993,0.0,12.0325
2025-09-23 01:00:00+00:00,2,0.993966,0.886993,0.0,12.0325
2025-09-23 02:00:00+00:00,2,0.993966,0.886993,0.0,12.0325
2025-09-23 03:00:00+00:00,2,0.993966,0.886993,0.0,12.0325
2025-09-23 04:00:00+00:00,2,0.993966,0.886993,0.0,12.0325
2025-09-23 05:00:00+00:00,2,0.993966,0.886993,0.0,12.0325
2025-09-23 06:00:00+00:00,2,0.993966,0.886993,0.0,12.0325
2025-09-23 07:00:00+00:00,2,0.993966,0.886993,0.0,12.0325
2025-09-23 08:00:00+00:00,2,0.993966,0.886993,0.0,12.0325
2025-09-23 09:00:00+00:00,2,0.993966,0.886993,0.0,12.0325
2025-09-23 10:00:00+00:00,2,0.993966,0.886993,0.0,12.0325
2025-09-23 11:00:00+00:00,2,0.993966,0.886993,0.0,12.0325
2025-09-23 12:00:00+00:00,2,0.993966,0.886993,0.0,12.0325
2025-09-23 13:00:00+00:00,2,0.993966,0.886993,0.0,12.0325
2025-09-23 14:00:00+00:00,2,0.993966,0.886993,0.0,12.0325
2025-09-23 15:00:00+00:00,2,0.993966,0.886993,0.0,12.0325
2025-09-23 16:00:00+00:00,2,0.993966,0.886993,0.0,12.0325
2025-09-23 17:00:00+00:00,2,0.993966,0.886993,0.0,12.0325
2025-09-23 18:00:00+00:00,2,0.993966,0.886993,0.0,12.0325
2025-09-23 19:00:00+00:00,2,0.993966,0.886993,0.0,12.0325
2025-09-23 20:00:00+00:00,2,0.993966,0.886993,0.0,12.0325
2025-09-23 21:00:00+00:00,2,0.993966,0.886993,0.0,12.0325
2025-09-23 22:00:00+00:00,2,0.993966,0.886993,0.0,12.0325
2025-09-23 23:00:00+00:00,2,0.993966,0.886993,0.0,12.0325
2025-09-24 00:00:00+00:00,2,0.993966,0.886993,0.0,12.0325
2025-09-24 01:00:00+00:00,2,0.993966,0.886993,0.0,12.0325
2025-09-24 02:00:00+00:00,2,0.993966,0.886993,0.0,12.0325
2025-09-24 03:00:00+00:00,2,0.993966,0.886993,0.0,12.0325
2025-09-24 04:00:00+00:00,2,0.993966,0.886993,0.0,12.0325
2025-09-24 05:00:00+00:00,2,0.997719,0.890342,0.003776,11.7004
2025-09-24 06:00:00+00:00,2,0.999617,0.892036,0.001902,11.5324
2025-09-24 07:00:00+00:00,2,0.999083,0.891559,-0.000535,11.5797
2025-09-24 08:00:00+00:00,2,0.998703,0.89122,-0.00038,11.6133
2025-09-24 09:00:00+00:00,2,0.996497,0.889252,-0.002208,11.8085
2025-09-24 10:00:00+00:00,2,0.995897,0.888717,-0.000602,11.8615
2025-09-24 11:00:00+00:00,2,0.995897,0.888717,0.0,11.8615
2025-09-24 12:00:00+00:00,2,0.995897,0.888717,0.0,11.8615
2025-09-24 13:00:00+00:00,2,0.995897,0.888717,0.0,11.8615
2025-09-24 14:00:00+00:00,2,0.995897,0.888717,0.0,11.8615
2025-09-24 15:00:00+00:00,2,0.995897,0.888717,0.0,11.8615
2025-09-24 16:00:00+00:00,2,0.995897,0.888717,0.0,11.8615
2025-09-24 17:00:00+00:00,2,0.997478,0.890128,0.001588,11.7216
2025-09-24 18:00:00+00:00,2,1.000187,0.892545,0.002716,11.4819
2025-09-24 19:00:00+00:00,2,0.999587,0.89201,-0.0006,11.5349
2025-09-24 20:00:00+00:00,2,0.999587,0.89201,0.0,11.5349
2025-09-24 21:00:00+00:00,2,1.002948,0.895009,0.003362,11.2375
2025-09-24 22:00:00+00:00,2,1.002348,0.894474,-0.000598,11.2906
2025-09-24 23:00:00+00:00,2,1.002348,0.894474,0.0,11.2906
2025-09-25 00:00:00+00:00,2,1.002348,0.894474,0.0,11.2906
2025-09-25 01:00:00+00:00,2,1.002348,0.894474,0.0,11.2906
2025-09-25 02:00:00+00:00,2,1.002348,0.894474,0.0,11.2906
2025-09-25 03:00:00+00:00,2,1.002348,0.894474,0.0,11.2906
2025-09-25 04:00:00+00:00,2,1.002348,0.894474,0.0,11.2906
2025-09-25 05:00:00+00:00,2,1.002348,0.894474,0.0,11.2906
2025-09-25 06:00:00+00:00,2,1.002348,0.894474,0.0,11.2906
2025-09-25 07:00:00+00:00,2,1.002348,0.894474,0.0,11.2906
2025-09-25 08:00:00+00:00,2,1.002348,0.894474,0.0,11.2906
2025-09-25 09:00:00+00:00,2,1.002348,0.894474,0.0,11.2906
2025-09-25 10:00:00+00:00,2,1.002348,0.894474,0.0,11.2906
2025-09-25 11:00:00+00:00,2,1.002348,0.894474,0.0,11.2906
2025-09-25 12:00:00+00:00,2,1.002348,0.894474,0.0,11.2906
2025-09-25 13:00:00+00:00,2,1.002348,0.894474,0.0,11.2906
2025-09-25 14:00:00+00:00,2,1.002348,0.894474,0.0,11.2906
2025-09-25 15:00:00+00:00,2,1.002348,0.894474,0.0,11.2906
2025-09-25 16:00:00+00:00,2,1.002348,0.894474,0.0,11.2906
2025-09-25 17:00:00+00:00,2,1.002348,0.894474,0.0,11.2906
2025-09-25 18:00:00+00:00,2,1.002348,0.894474,0.0,11.2906
2025-09-25 19:00:00+00:00,2,1.002348,0.894474,0.0,11.2906
2025-09-25 20:00:00+00:00,2,1.002348,0.894474,0.0,11.2906
2025-09-25 21:00:00+00:00,2,1.002348,0.894474,0.0,11.2906
2025-09-25 22:00:00+00:00,2,1.002348,0.894474,0.0,11.2906
2025-09-25 23:00:00+00:00,2,1.002348,0.894474,0.0,11.2906
2025-09-26 00:00:00+00:00,2,1.002348,0.894474,0.0,11.2906
2025-09-26 01:00:00+00:00,2,1.002348,0.894474,0.0,11.2906
2025-09-26 02:00:00+00:00,2,1.002348,0.894474,0.0,11.2906
2025-09-26 03:00:00+00:00,2,1.002348,0.894474,0.0,11.2906
2025-09-26 04:00:00+00:00,2,1.002348,0.894474,0.0,11.2906
2025-09-26 05:00:00+00:00,2,1.002348,0.894474,0.0,11.2906
2025-09-26 06:00:00+00:00,2,1.002348,0.894474,0.0,11.2906
2025-09-26 07:00:00+00:00,2,1.002348,0.894474,0.0,11.2906
2025-09-26 08:00:00+00:00,2,1.002348,0.894474,0.0,11.2906
2025-09-26 09:00:00+00:00,2,1.002348,0.894474,0.0,11.2906
2025-09-26 10:00:00+00:00,2,1.002348,0.894474,0.0,11.2906
2025-09-26 11:00:00+00:00,2,1.002348,0.894474,0.0,11.2906
2025-09-26 12:00:00+00:00,2,1.002348,0.894474,0.0,11.2906
2025-09-26 13:00:00+00:00,2,1.002348,0.894474,0.0,11.2906
2025-09-26 14:00:00+00:00,2,1.002348,0.894474,0.0,11.2906
2025-09-26 15:00:00+00:00,2,1.002348,0.894474,0.0,11.2906
2025-09-26 16:00:00+00:00,2,1.002348,0.894474,0.0,11.2906
2025-09-26 17:00:00+00:00,2,1.002348,0.894474,0.0,11.2906
2025-09-26 18:00:00+00:00,2,1.004717,0.896588,0.002364,11.0809
2025-09-26 19:00:00+00:00,2,1.004117,0.896053,-0.000597,11.134
2025-09-26 20:00:00+00:00,2,1.004117,0.896053,0.0,11.134
2025-09-26 21:00:00+00:00,2,1.004117,0.896053,0.0,11.134
2025-09-26 22:00:00+00:00,2,1.004117,0.896053,0.0,11.134
2025-09-26 23:00:00+00:00,2,1.004117,0.896053,0.0,11.134
2025-09-27 00:00:00+00:00,2,1.004117,0.896053,0.0,11.134
2025-09-27 01:00:00+00:00,2,1.004117,0.896053,0.0,11.134
2025-09-27 02:00:00+00:00,2,1.004117,0.896053,0.0,11.134
2025-09-27 03:00:00+00:00,2,1.004117,0.896053,0.0,11.134
2025-09-27 04:00:00+00:00,2,1.004117,0.896053,0.0,11.134
2025-09-27 05:00:00+00:00,2,1.004117,0.896053,0.0,11.134
2025-09-27 06:00:00+00:00,2,1.004117,0.896053,0.0,11.134
2025-09-27 07:00:00+00:00,2,1.004117,0.896053,0.0,11.134
2025-09-27 08:00:00+00:00,2,1.004482,0.896379,0.000364,11.1016
2025-09-27 09:00:00+00:00,2,1.003882,0.895844,-0.000597,11.1547
2025-09-27 10:00:00+00:00,2,1.003882,0.895844,0.0,11.1547
2025-09-27 11:00:00+00:00,2,1.003882,0.895844,0.0,11.1547
2025-09-27 12:00:00+00:00,2,1.003882,0.895844,0.0,11.1547
2025-09-27 13:00:00+00:00,2,1.003882,0.895844,0.0,11.1547
2025-09-27 14:00:00+00:00,2,1.003882,0.895844,0.0,11.1547
2025-09-27 15:00:00+00:00,2,1.003882,0.895844,0.0,11.1547
2025-09-27 16:00:00+00:00,2,1.003882,0.895844,0.0,11.1547
2025-09-27 17:00:00+00:00,2,1.003882,0.895844,0.0,11.1547
2025-09-27 18:00:00+00:00,2,1.003882,0.895844,0.0,11.1547
2025-09-27 19:00:00+00:00,2,1.003882,0.895844,0.0,11.1547
2025-09-27 20:00:00+00:00,2,1.003882,0.895844,0.0,11.1547
2025-09-27 21:00:00+00:00,2,1.003882,0.895844,0.0,11.1547
2025-09-27 22:00:00+00:00,2,1.003882,0.895844,0.0,11.1547
2025-09-27 23:00:00+00:00,2,1.003882,0.895844,0.0,11.1547
2025-09-28 00:00:00+00:00,2,1.003882,0.895844,0.0,11.1547
2025-09-28 01:00:00+00:00,2,1.003882,0.895844,0.0,11.1547
2025-09-28 02:00:00+00:00,2,1.003882,0.895844,0.0,11.1547
2025-09-28 03:00:00+00:00,2,1.003882,0.895844,0.0,11.1547
2025-09-28 04:00:00+00:00,2,1.003882,0.895844,0.0,11.1547
2025-09-28 05:00:00+00:00,2,1.003882,0.895844,0.0,11.1547
2025-09-28 06:00:00+00:00,2,1.003882,0.895844,0.0,11.1547
2025-09-28 07:00:00+00:00,2,1.003882,0.895844,0.0,11.1547
2025-09-28 08:00:00+00:00,2,1.003882,0.895844,0.0,11.1547
2025-09-28 09:00:00+00:00,2,1.003882,0.895844,0.0,11.1547
2025-09-28 10:00:00+00:00,2,1.003882,0.895844,0.0,11.1547
2025-09-28 11:00:00+00:00,2,1.003882,0.895844,0.0,11.1547
2025-09-28 12:00:00+00:00,2,1.003882,0.895844,0.0,11.1547
2025-09-28 13:00:00+00:00,2,1.003882,0.895844,0.0,11.1547
2025-09-28 14:00:00+00:00,2,1.003882,0.895844,0.0,11.1547
2025-09-28 15:00:00+00:00,2,1.003882,0.895844,0.0,11.1547
2025-09-28 16:00:00+00:00,2,1.003882,0.895844,0.0,11.1547
2025-09-28 17:00:00+00:00,2,1.003882,0.895844,0.0,11.1547
2025-09-28 18:00:00+00:00,2,1.003882,0.895844,0.0,11.1547
2025-09-28 19:00:00+00:00,2,1.003882,0.895844,0.0,11.1547
2025-09-28 20:00:00+00:00,2,1.003882,0.895844,0.0,11.1547
2025-09-28 21:00:00+00:00,2,1.003882,0.895844,0.0,11.1547
2025-09-28 22:00:00+00:00,2,1.003882,0.895844,0.0,11.1547
2025-09-28 23:00:00+00:00,2,1.003882,0.895844,0.0,11.1547
2025-09-29 00:00:00+00:00,2,1.003882,0.895844,0.0,11.1547
2025-09-29 01:00:00+00:00,2,1.003882,0.895844,0.0,11.1547
2025-09-29 02:00:00+00:00,2,1.003882,0.895844,0.0,11.1547
2025-09-29 03:00:00+00:00,2,1.003882,0.895844,0.0,11.1547
2025-09-29 04:00:00+00:00,2,1.003882,0.895844,0.0,11.1547
2025-09-29 05:00:00+00:00,2,1.003882,0.895844,0.0,11.1547
2025-09-29 06:00:00+00:00,2,1.003882,0.895844,0.0,11.1547
2025-09-29 07:00:00+00:00,2,1.003882,0.895844,0.0,11.1547
2025-09-29 08:00:00+00:00,2,1.003882,0.895844,0.0,11.1547
2025-09-29 09:00:00+00:00,2,1.003882,0.895844,0.0,11.1547
2025-09-29 10:00:00+00:00,2,1.003882,0.895844,0.0,11.1547
2025-09-29 11:00:00+00:00,2,1.003882,0.895844,0.0,11.1547
2025-09-29 12:00:00+00:00,2,1.003882,0.895844,0.0,11.1547
2025-09-29 13:00:00+00:00,2,1.003882,0.895844,0.0,11.1547
2025-09-29 14:00:00+00:00,2,1.003882,0.895844,0.0,11.1547
2025-09-29 15:00:00+00:00,2,1.003882,0.895844,0.0,11.1547
2025-09-29 16:00:00+00:00,2,1.003882,0.895844,0.0,11.1547
2025-09-29 17:00:00+00:00,2,1.003882,0.895844,0.0,11.1547
2025-09-29 18:00:00+00:00,2,1.003882,0.895844,0.0,11.1547
2025-09-29 19:00:00+00:00,2,1.003882,0.895844,0.0,11.1547
2025-09-29 20:00:00+00:00,2,1.003882,0.895844,0.0,11.1547
2025-09-29 21:00:00+00:00,2,1.003882,0.895844,0.0,11.1547
2025-09-29 22:00:00+00:00,2,1.003882,0.895844,0.0,11.1547
2025-09-29 23:00:00+00:00,2,1.003882,0.895844,0.0,11.1547
2025-09-30 00:00:00+00:00,2,1.003882,0.895844,0.0,11.1547
2025-09-30 01:00:00+00:00,2,1.003882,0.895844,0.0,11.1547
2025-09-30 02:00:00+00:00,2,1.003882,0.895844,0.0,11.1547
2025-09-30 03:00:00+00:00,2,1.003882,0.895844,0.0,11.1547
2025-09-30 04:00:00+00:00,2,1.003882,0.895844,0.0,11.1547
2025-09-30 05:00:00+00:00,2,1.003882,0.895844,0.0,11.1547
2025-09-30 06:00:00+00:00,2,1.003882,0.895844,0.0,11.1547
2025-09-30 07:00:00+00:00,2,1.003882,0.895844,0.0,11.1547
2025-09-30 08:00:00+00:00,2,1.003882,0.895844,0.0,11.1547
2025-09-30 09:00:00+00:00,2,1.003882,0.895844,0.0,11.1547
2025-09-30 10:00:00+00:00,2,1.003882,0.895844,0.0,11.1547
2025-09-30 11:00:00+00:00,2,1.003882,0.895844,0.0,11.1547
2025-09-30 12:00:00+00:00,2,1.003882,0.895844,0.0,11.1547
2025-09-30 13:00:00+00:00,2,1.003882,0.895844,0.0,11.1547
2025-09-30 14:00:00+00:00,2,1.003882,0.895844,0.0,11.1547
2025-09-30 15:00:00+00:00,2,1.003882,0.895844,0.0,11.1547
2025-09-30 16:00:00+00:00,2,1.003882,0.895844,0.0,11.1547
2025-09-30 17:00:00+00:00,2,1.003882,0.895844,0.0,11.1547
2025-09-30 18:00:00+00:00,2,1.003882,0.895844,0.0,11.1547
2025-09-30 19:00:00+00:00,2,1.003882,0.895844,0.0,11.1547
2025-09-30 20:00:00+00:00,2,1.003882,0.895844,0.0,11.1547
2025-09-30 21:00:00+00:00,2,1.003882,0.895844,0.0,11.1547
2025-09-30 22:00:00+00:00,2,1.003882,0.895844,0.0,11.1547
2025-09-30 23:00:00+00:00,2,1.003882,0.895844,0.0,11.1547
2025-10-01 00:00:00+00:00,2,1.003882,0.895844,0.0,11.1547
2025-10-01 01:00:00+00:00,2,1.003882,0.895844,0.0,11.1547
2025-10-01 02:00:00+00:00,2,1.003882,0.895844,0.0,11.1547
2025-10-01 03:00:00+00:00,2,1.003882,0.895844,0.0,11.1547
2025-10-01 04:00:00+00:00,2,1.003882,0.895844,0.0,11.1547
2025-10-01 05:00:00+00:00,2,1.003882,0.895844,0.0,11.1547
2025-10-01 06:00:00+00:00,2,1.003882,0.895844,0.0,11.1547
2025-10-01 07:00:00+00:00,2,1.003882,0.895844,0.0,11.1547
2025-10-01 08:00:00+00:00,2,1.003882,0.895844,0.0,11.1547
2025-10-01 09:00:00+00:00,2,1.003882,0.895844,0.0,11.1547
2025-10-01 10:00:00+00:00,2,1.003882,0.895844,0.0,11.1547
2025-10-01 11:00:00+00:00,2,1.003882,0.895844,0.0,11.1547
2025-10-01 12:00:00+00:00,2,1.003882,0.895844,0.0,11.1547
2025-10-01 13:00:00+00:00,2,1.003882,0.895844,0.0,11.1547
2025-10-01 14:00:00+00:00,2,1.003882,0.895844,0.0,11.1547
2025-10-01 15:00:00+00:00,2,1.003882,0.895844,0.0,11.1547
2025-10-01 16:00:00+00:00,2,1.003882,0.895844,0.0,11.1547
2025-10-01 17:00:00+00:00,2,1.003882,0.895844,0.0,11.1547
2025-10-01 18:00:00+00:00,2,1.003882,0.895844,0.0,11.1547
2025-10-01 19:00:00+00:00,2,1.003882,0.895844,0.0,11.1547
2025-10-01 20:00:00+00:00,2,1.003882,0.895844,0.0,11.1547
2025-10-01 21:00:00+00:00,2,1.003882,0.895844,0.0,11.1547
2025-10-01 22:00:00+00:00,2,1.003882,0.895844,0.0,11.1547
2025-10-01 23:00:00+00:00,2,1.003882,0.895844,0.0,11.1547
2025-10-02 00:00:00+00:00,2,1.003882,0.895844,0.0,11.1547
2025-10-02 01:00:00+00:00,2,1.003882,0.895844,0.0,11.1547
2025-10-02 02:00:00+00:00,2,1.003882,0.895844,0.0,11.1547
2025-10-02 03:00:00+00:00,2,1.003882,0.895844,0.0,11.1547
2025-10-02 04:00:00+00:00,2,1.003882,0.895844,0.0,11.1547
2025-10-02 05:00:00+00:00,2,1.003882,0.895844,0.0,11.1547
2025-10-02 06:00:00+00:00,2,1.003882,0.895844,0.0,11.1547
2025-10-02 07:00:00+00:00,2,1.003882,0.895844,0.0,11.1547
2025-10-02 08:00:00+00:00,2,1.003882,0.895844,0.0,11.1547
2025-10-02 09:00:00+00:00,2,1.003882,0.895844,0.0,11.1547
2025-10-02 10:00:00+00:00,2,1.003882,0.895844,0.0,11.1547
2025-10-02 11:00:00+00:00,2,1.003882,0.895844,0.0,11.1547
2025-10-02 12:00:00+00:00,2,1.003882,0.895844,0.0,11.1547
2025-10-02 13:00:00+00:00,2,1.002819,0.894895,-0.001059,11.2488
2025-10-02 14:00:00+00:00,2,1.002219,0.89436,-0.000598,11.3019
2025-10-02 15:00:00+00:00,2,1.002219,0.89436,0.0,11.3019
2025-10-02 16:00:00+00:00,2,1.002219,0.89436,0.0,11.3019
2025-10-02 17:00:00+00:00,2,1.002219,0.89436,0.0,11.3019
2025-10-02 18:00:00+00:00,2,1.002219,0.89436,0.0,11.3019
2025-10-02 19:00:00+00:00,2,1.002219,0.89436,0.0,11.3019
2025-10-02 20:00:00+00:00,2,1.002219,0.89436,0.0,11.3019
2025-10-02 21:00:00+00:00,2,1.002219,0.89436,0.0,11.3019
2025-10-02 22:00:00+00:00,2,1.002219,0.89436,0.0,11.3019
2025-10-02 23:00:00+00:00,2,1.002219,0.89436,0.0,11.3019
2025-10-03 00:00:00+00:00,2,1.002219,0.89436,0.0,11.3019
2025-10-03 01:00:00+00:00,2,1.002219,0.89436,0.0,11.3019
2025-10-03 02:00:00+00:00,2,1.002219,0.89436,0.0,11.3019
2025-10-03 03:00:00+00:00,2,1.002219,0.89436,0.0,11.3019
2025-10-03 04:00:00+00:00,2,1.002219,0.89436,0.0,11.3019
2025-10-03 05:00:00+00:00,2,1.002219,0.89436,0.0,11.3019
2025-10-03 06:00:00+00:00,2,1.002219,0.89436,0.0,11.3019
2025-10-03 07:00:00+00:00,2,1.002219,0.89436,0.0,11.3019
2025-10-03 08:00:00+00:00,2,1.002219,0.89436,0.0,11.3019
2025-10-03 09:00:00+00:00,2,1.002219,0.89436,0.0,11.3019
2025-10-03 10:00:00+00:00,2,1.002219,0.89436,0.0,11.3019
2025-10-03 11:00:00+00:00,2,1.002219,0.89436,0.0,11.3019
2025-10-03 12:00:00+00:00,2,1.002219,0.89436,0.0,11.3019
2025-10-03 13:00:00+00:00,2,1.002219,0.89436,0.0,11.3019
2025-10-03 14:00:00+00:00,2,1.002219,0.89436,0.0,11.3019
2025-10-03 15:00:00+00:00,2,1.002219,0.89436,0.0,11.3019
2025-10-03 16:00:00+00:00,2,1.002219,0.89436,0.0,11.3019
2025-10-03 17:00:00+00:00,2,1.002219,0.89436,0.0,11.3019
2025-10-03 18:00:00+00:00,2,1.002219,0.89436,0.0,11.3019
2025-10-03 19:00:00+00:00,2,1.002219,0.89436,0.0,11.3019
2025-10-03 20:00:00+00:00,2,1.002219,0.89436,0.0,11.3019
2025-10-03 21:00:00+00:00,2,1.002219,0.89436,0.0,11.3019
2025-10-03 22:00:00+00:00,2,1.002219,0.89436,0.0,11.3019
2025-10-03 23:00:00+00:00,2,1.002219,0.89436,0.0,11.3019
2025-10-04 00:00:00+00:00,2,1.002219,0.89436,0.0,11.3019
2025-10-04 01:00:00+00:00,2,1.002219,0.89436,0.0,11.3019
2025-10-04 02:00:00+00:00,2,1.002219,0.89436,0.0,11.3019
2025-10-04 03:00:00+00:00,2,1.002219,0.89436,0.0,11.3019
2025-10-04 04:00:00+00:00,2,1.002219,0.89436,0.0,11.3019
2025-10-04 05:00:00+00:00,2,1.002219,0.89436,0.0,11.3019
2025-10-04 06:00:00+00:00,2,1.007206,0.89881,0.004976,10.8606
2025-10-04 07:00:00+00:00,2,1.007817,0.899356,0.000607,10.8064
2025-10-04 08:00:00+00:00,2,1.007217,0.898821,-0.000595,10.8595
2025-10-04 09:00:00+00:00,2,1.007217,0.898821,0.0,10.8595
2025-10-04 10:00:00+00:00,2,1.007217,0.898821,0.0,10.8595
2025-10-04 11:00:00+00:00,2,1.007217,0.898821,0.0,10.8595
2025-10-04 12:00:00+00:00,2,1.007217,0.898821,0.0,10.8595
2025-10-04 13:00:00+00:00,2,1.007217,0.898821,0.0,10.8595
2025-10-04 14:00:00+00:00,2,1.007217,0.898821,0.0,10.8595
2025-10-04 15:00:00+00:00,2,1.007217,0.898821,0.0,10.8595
2025-10-04 16:00:00+00:00,2,1.007217,0.898821,0.0,10.8595
2025-10-04 17:00:00+00:00,2,1.007217,0.898821,0.0,10.8595
2025-10-04 18:00:00+00:00,2,1.007217,0.898821,0.0,10.8595
2025-10-04 19:00:00+00:00,2,1.007217,0.898821,0.0,10.8595
2025-10-04 20:00:00+00:00,2,1.007217,0.898821,0.0,10.8595
2025-10-04 21:00:00+00:00,2,1.007217,0.898821,0.0,10.8595
2025-10-04 22:00:00+00:00,2,1.007217,0.898821,0.0,10.8595
2025-10-04 23:00:00+00:00,2,1.007217,0.898821,0.0,10.8595
2025-10-05 00:00:00+00:00,2,1.007217,0.898821,0.0,10.8595
2025-10-05 01:00:00+00:00,2,1.007217,0.898821,0.0,10.8595
2025-10-05 02:00:00+00:00,2,1.007217,0.898821,0.0,10.8595
2025-10-05 03:00:00+00:00,2,1.007217,0.898821,0.0,10.8595
2025-10-05 04:00:00+00:00,2,1.007217,0.898821,0.0,10.8595
2025-10-05 05:00:00+00:00,2,1.007217,0.898821,0.0,10.8595
2025-10-05 06:00:00+00:00,2,1.007217,0.898821,0.0,10.8595
2025-10-05 07:00:00+00:00,2,1.007217,0.898821,0.0,10.8595
2025-10-05 08:00:00+00:00,2,1.007217,0.898821,0.0,10.8595
2025-10-05 09:00:00+00:00,2,1.007217,0.898821,0.0,10.8595
2025-10-05 10:00:00+00:00,2,1.007217,0.898821,0.0,10.8595
2025-10-05 11:00:00+00:00,2,1.007217,0.898821,0.0,10.8595
2025-10-05 12:00:00+00:00,2,1.007217,0.898821,0.0,10.8595
2025-10-05 13:00:00+00:00,2,1.007217,0.898821,0.0,10.8595
2025-10-05 14:00:00+00:00,2,1.007217,0.898821,0.0,10.8595
2025-10-05 15:00:00+00:00,2,1.007217,0.898821,0.0,10.8595
2025-10-05 16:00:00+00:00,2,1.007217,0.898821,0.0,10.8595
2025-10-05 17:00:00+00:00,2,1.007217,0.898821,0.0,10.8595
2025-10-05 18:00:00+00:00,2,1.007217,0.898821,0.0,10.8595
2025-10-05 19:00:00+00:00,2,1.007217,0.898821,0.0,10.8595
2025-10-05 20:00:00+00:00,2,1.007217,0.898821,0.0,10.8595
2025-10-05 21:00:00+00:00,2,1.007217,0.898821,0.0,10.8595
2025-10-05 22:00:00+00:00,2,1.007217,0.898821,0.0,10.8595
2025-10-05 23:00:00+00:00,2,1.007217,0.898821,0.0,10.8595
2025-10-06 00:00:00+00:00,2,1.007217,0.898821,0.0,10.8595
2025-10-06 01:00:00+00:00,2,1.007217,0.898821,0.0,10.8595
2025-10-06 02:00:00+00:00,2,1.007217,0.898821,0.0,10.8595
2025-10-06 03:00:00+00:00,2,1.007217,0.898821,0.0,10.8595
2025-10-06 04:00:00+00:00,2,1.007217,0.898821,0.0,10.8595
2025-10-06 05:00:00+00:00,2,1.007217,0.898821,0.0,10.8595
2025-10-06 06:00:00+00:00,2,1.007217,0.898821,0.0,10.8595
2025-10-06 07:00:00+00:00,2,1.007217,0.898821,0.0,10.8595
2025-10-06 08:00:00+00:00,2,1.007217,0.898821,0.0,10.8595
2025-10-06 09:00:00+00:00,2,1.007217,0.898821,0.0,10.8595
2025-10-06 10:00:00+00:00,2,1.007217,0.898821,0.0,10.8595
2025-10-06 11:00:00+00:00,2,1.007217,0.898821,0.0,10.8595
2025-10-06 12:00:00+00:00,2,1.007217,0.898821,0.0,10.8595
2025-10-06 13:00:00+00:00,2,1.007217,0.898821,0.0,10.8595
2025-10-06 14:00:00+00:00,2,1.007217,0.898821,0.0,10.8595
2025-10-06 15:00:00+00:00,2,1.007217,0.898821,0.0,10.8595
2025-10-06 16:00:00+00:00,2,1.007217,0.898821,0.0,10.8595
2025-10-06 17:00:00+00:00,2,1.007217,0.898821,0.0,10.8595
2025-10-06 18:00:00+00:00,2,1.007217,0.898821,0.0,10.8595
2025-10-06 19:00:00+00:00,2,1.007217,0.898821,0.0,10.8595
2025-10-06 20:00:00+00:00,2,1.007217,0.898821,0.0,10.8595
2025-10-06 21:00:00+00:00,2,1.007217,0.898821,0.0,10.8595
2025-10-06 22:00:00+00:00,2,1.007217,0.898821,0.0,10.8595
2025-10-06 23:00:00+00:00,2,1.007217,0.898821,0.0,10.8595
2025-10-07 00:00:00+00:00,2,1.007217,0.898821,0.0,10.8595
2025-10-07 01:00:00+00:00,2,1.007217,0.898821,0.0,10.8595
2025-10-07 02:00:00+00:00,2,1.007217,0.898821,0.0,10.8595
2025-10-07 03:00:00+00:00,2,1.007217,0.898821,0.0,10.8595
2025-10-07 04:00:00+00:00,2,1.007217,0.898821,0.0,10.8595
2025-10-07 05:00:00+00:00,2,1.007217,0.898821,0.0,10.8595
2025-10-07 06:00:00+00:00,2,1.007217,0.898821,0.0,10.8595
2025-10-07 07:00:00+00:00,2,1.007217,0.898821,0.0,10.8595
2025-10-07 08:00:00+00:00,2,1.007217,0.898821,0.0,10.8595
2025-10-07 09:00:00+00:00,2,1.007217,0.898821,0.0,10.8595
2025-10-07 10:00:00+00:00,2,1.007217,0.898821,0.0,10.8595
2025-10-07 11:00:00+00:00,2,1.007217,0.898821,0.0,10.8595
2025-10-07 12:00:00+00:00,2,1.007217,0.898821,0.0,10.8595
2025-10-07 13:00:00+00:00,2,1.007217,0.898821,0.0,10.8595
2025-10-07 14:00:00+00:00,2,1.007217,0.898821,0.0,10.8595
2025-10-07 15:00:00+00:00,2,1.007217,0.898821,0.0,10.8595
2025-10-07 16:00:00+00:00,2,1.007217,0.898821,0.0,10.8595
2025-10-07 17:00:00+00:00,2,1.007217,0.898821,0.0,10.8595
2025-10-07 18:00:00+00:00,2,1.007217,0.898821,0.0,10.8595
2025-10-07 19:00:00+00:00,2,1.007217,0.898821,0.0,10.8595
2025-10-07 20:00:00+00:00,2,1.007217,0.898821,0.0,10.8595
2025-10-07 21:00:00+00:00,2,1.007217,0.898821,0.0,10.8595
2025-10-07 22:00:00+00:00,2,1.007217,0.898821,0.0,10.8595
2025-10-07 23:00:00+00:00,2,1.007217,0.898821,0.0,10.8595
2025-10-08 00:00:00+00:00,2,1.007217,0.898821,0.0,10.8595
2025-10-08 01:00:00+00:00,2,1.007217,0.898821,0.0,10.8595
2025-10-08 02:00:00+00:00,2,1.007217,0.898821,0.0,10.8595
2025-10-08 03:00:00+00:00,2,1.007217,0.898821,0.0,10.8595
2025-10-08 04:00:00+00:00,2,1.007217,0.898821,0.0,10.8595
2025-10-08 05:00:00+00:00,2,1.007217,0.898821,0.0,10.8595
2025-10-08 06:00:00+00:00,2,1.007217,0.898821,0.0,10.8595
2025-10-08 07:00:00+00:00,2,1.007217,0.898821,0.0,10.8595
2025-10-08 08:00:00+00:00,2,1.007217,0.898821,0.0,10.8595
2025-10-08 09:00:00+00:00,2,1.007217,0.898821,0.0,10.8595
2025-10-08 10:00:00+00:00,2,1.007217,0.898821,0.0,10.8595
2025-10-08 11:00:00+00:00,2,1.007217,0.898821,0.0,10.8595
2025-10-08 12:00:00+00:00,2,1.007217,0.898821,0.0,10.8595
2025-10-08 13:00:00+00:00,2,1.007217,0.898821,0.0,10.8595
2025-10-08 14:00:00+00:00,2,1.007217,0.898821,0.0,10.8595
2025-10-08 15:00:00+00:00,2,1.007217,0.898821,0.0,10.8595
2025-10-08 16:00:00+00:00,2,1.007217,0.898821,0.0,10.8595
2025-10-08 17:00:00+00:00,2,1.007217,0.898821,0.0,10.8595
2025-10-08 18:00:00+00:00,2,1.007217,0.898821,0.0,10.8595
2025-10-08 19:00:00+00:00,2,1.007217,0.898821,0.0,10.8595
2025-10-08 20:00:00+00:00,2,1.007217,0.898821,0.0,10.8595
2025-10-08 21:00:00+00:00,2,1.007217,0.898821,0.0,10.8595
2025-10-08 22:00:00+00:00,2,1.007217,0.898821,0.0,10.8595
2025-10-08 23:00:00+00:00,2,1.007217,0.898821,0.0,10.8595
2025-10-09 00:00:00+00:00,2,1.007217,0.898821,0.0,10.8595
2025-10-09 01:00:00+00:00,2,1.007217,0.898821,0.0,10.8595
2025-10-09 02:00:00+00:00,2,0.999438,0.891878,-0.007724,11.548
2025-10-09 03:00:00+00:00,2,1.001624,0.893829,0.002187,11.3545
2025-10-09 04:00:00+00:00,2,0.993471,0.886553,-0.00814,12.0761
2025-10-09 05:00:00+00:00,2,0.991181,0.88451,-0.002305,12.2788
2025-10-09 06:00:00+00:00,2,0.978679,0.873352,-0.012614,13.3853
2025-10-09 07:00:00+00:00,2,0.997188,0.88987,0.018913,11.7472
2025-10-09 08:00:00+00:00,2,0.996588,0.889334,-0.000602,11.8003
2025-10-09 09:00:00+00:00,2,0.996588,0.889334,0.0,11.8003
2025-10-09 10:00:00+00:00,2,0.991082,0.884421,-0.005525,12.2876
2025-10-09 11:00:00+00:00,2,0.988053,0.881718,-0.003056,12.5556
2025-10-09 12:00:00+00:00,2,0.973403,0.868644,-0.014828,13.8523
2025-10-09 13:00:00+00:00,2,0.981725,0.876071,0.00855,13.1157
2025-10-09 14:00:00+00:00,2,0.984498,0.878545,0.002824,12.8703
2025-10-09 15:00:00+00:00,2,0.988659,0.882259,0.004227,12.502
2025-10-09 16:00:00+00:00,2,0.990117,0.88356,0.001475,12.373
2025-10-09 17:00:00+00:00,2,0.989517,0.883024,-0.000606,12.4261
2025-10-09 18:00:00+00:00,2,0.989517,0.883024,0.0,12.4261
2025-10-09 19:00:00+00:00,2,0.986487,0.880321,-0.003062,12.6942
2025-10-09 20:00:00+00:00,2,0.984736,0.878758,-0.001775,12.8492
2025-10-09 21:00:00+00:00,2,0.985203,0.879175,0.000474,12.8079
2025-10-09 22:00:00+00:00,2,0.984603,0.878639,-0.000609,12.861
2025-10-09 23:00:00+00:00,2,0.983561,0.87771,-0.001058,12.9531
2025-10-10 00:00:00+00:00,2,0.976735,0.871618,-0.00694,13.5573
2025-10-10 01:00:00+00:00,2,0.968535,0.864301,-0.008395,14.283
2025-10-10 02:00:00+00:00,2,0.967935,0.863766,-0.000619,14.336
2025-10-10 03:00:00+00:00,2,0.967935,0.863766,0.0,14.336
2025-10-10 04:00:00+00:00,2,0.967935,0.863766,0.0,14.336
2025-10-10 05:00:00+00:00,2,0.958568,0.855406,-0.009678,15.1651
2025-10-10 06:00:00+00:00,2,0.957968,0.854871,-0.000626,15.2182
2025-10-10 07:00:00+00:00,2,0.95859,0.855427,0.00065,15.1631
2025-10-10 08:00:00+00:00,2,0.95799,0.854891,-0.000626,15.2162
2025-10-10 09:00:00+00:00,2,0.95799,0.854891,0.0,15.2162
2025-10-10 10:00:00+00:00,2,0.95799,0.854891,0.0,15.2162
2025-10-10 11:00:00+00:00,2,0.95799,0.854891,0.0,15.2162
2025-10-10 12:00:00+00:00,2,0.95799,0.854891,0.0,15.2162
2025-10-10 13:00:00+00:00,2,0.955551,0.852714,-0.002547,15.4321
2025-10-10 14:00:00+00:00,2,0.954951,0.852178,-0.000628,15.4853
2025-10-10 15:00:00+00:00,2,0.954951,0.852178,0.0,15.4853
2025-10-10 16:00:00+00:00,2,0.954951,0.852178,0.0,15.4853
2025-10-10 17:00:00+00:00,2,0.954951,0.852178,0.0,15.4853
2025-10-10 18:00:00+00:00,2,0.954951,0.852178,0.0,15.4853
2025-10-10 19:00:00+00:00,2,0.954951,0.852178,0.0,15.4853
2025-10-10 20:00:00+00:00,2,0.954951,0.852178,0.0,15.4853
2025-10-10 21:00:00+00:00,2,0.954951,0.852178,0.0,15.4853
2025-10-10 22:00:00+00:00,2,0.954951,0.852178,0.0,15.4853
2025-10-10 23:00:00+00:00,2,0.954951,0.852178,0.0,15.4853
2025-10-11 00:00:00+00:00,2,0.954951,0.852178,0.0,15.4853
2025-10-11 01:00:00+00:00,2,0.954951,0.852178,0.0,15.4853
2025-10-11 02:00:00+00:00,2,0.954951,0.852178,0.0,15.4853
2025-10-11 03:00:00+00:00,2,0.954951,0.852178,0.0,15.4853
2025-10-11 04:00:00+00:00,2,0.954951,0.852178,0.0,15.4853
2025-10-11 05:00:00+00:00,2,0.954951,0.852178,0.0,15.4853
2025-10-11 06:00:00+00:00,2,0.954951,0.852178,0.0,15.4853
2025-10-11 07:00:00+00:00,2,0.954951,0.852178,0.0,15.4853
2025-10-11 08:00:00+00:00,2,0.954951,0.852178,0.0,15.4853
2025-10-11 09:00:00+00:00,2,0.954951,0.852178,0.0,15.4853
2025-10-11 10:00:00+00:00,2,0.954951,0.852178,0.0,15.4853
2025-10-11 11:00:00+00:00,2,0.954951,0.852178,0.0,15.4853
2025-10-11 12:00:00+00:00,2,0.954951,0.852178,0.0,15.4853
2025-10-11 13:00:00+00:00,2,0.954951,0.852178,0.0,15.4853
2025-10-11 14:00:00+00:00,2,0.954951,0.852178,0.0,15.4853
2025-10-11 15:00:00+00:00,2,0.954951,0.852178,0.0,15.4853
2025-10-11 16:00:00+00:00,2,0.954951,0.852178,0.0,15.4853
2025-10-11 17:00:00+00:00,2,0.954951,0.852178,0.0,15.4853
2025-10-11 18:00:00+00:00,2,0.954951,0.852178,0.0,15.4853
2025-10-11 19:00:00+00:00,2,0.954951,0.852178,0.0,15.4853
2025-10-11 20:00:00+00:00,2,0.954951,0.852178,0.0,15.4853
2025-10-11 21:00:00+00:00,2,0.954951,0.852178,0.0,15.4853
2025-10-11 22:00:00+00:00,2,0.954951,0.852178,0.0,15.4853
2025-10-11 23:00:00+00:00,2,0.954951,0.852178,0.0,15.4853
2025-10-12 00:00:00+00:00,2,0.954951,0.852178,0.0,15.4853
2025-10-12 01:00:00+00:00,2,0.954951,0.852178,0.0,15.4853
2025-10-12 02:00:00+00:00,2,0.954951,0.852178,0.0,15.4853
2025-10-12 03:00:00+00:00,2,0.954951,0.852178,0.0,15.4853
2025-10-12 04:00:00+00:00,2,0.954951,0.852178,0.0,15.4853
2025-10-12 05:00:00+00:00,2,0.954951,0.852178,0.0,15.4853
2025-10-12 06:00:00+00:00,2,0.954951,0.852178,0.0,15.4853
2025-10-12 07:00:00+00:00,2,0.954951,0.852178,0.0,15.4853
2025-10-12 08:00:00+00:00,2,0.954951,0.852178,0.0,15.4853
2025-10-12 09:00:00+00:00,2,0.954951,0.852178,0.0,15.4853
2025-10-12 10:00:00+00:00,2,0.954951,0.852178,0.0,15.4853
2025-10-12 11:00:00+00:00,2,0.954951,0.852178,0.0,15.4853
2025-10-12 12:00:00+00:00,2,0.954951,0.852178,0.0,15.4853
2025-10-12 13:00:00+00:00,2,0.954951,0.852178,0.0,15.4853
2025-10-12 14:00:00+00:00,2,0.954951,0.852178,0.0,15.4853
2025-10-12 15:00:00+00:00,2,0.954951,0.852178,0.0,15.4853
2025-10-12 16:00:00+00:00,2,0.954951,0.852178,0.0,15.4853
2025-10-12 17:00:00+00:00,2,0.954951,0.852178,0.0,15.4853
2025-10-12 18:00:00+00:00,2,0.954951,0.852178,0.0,15.4853
2025-10-12 19:00:00+00:00,2,0.957968,0.854871,0.00316,15.2182
2025-10-12 20:00:00+00:00,2,0.957368,0.854336,-0.000626,15.2713
2025-10-12 21:00:00+00:00,2,0.951924,0.849478,-0.005686,15.7531
2025-10-12 22:00:00+00:00,2,0.955705,0.852852,0.003972,15.4184
2025-10-12 23:00:00+00:00,2,0.955105,0.852317,-0.000628,15.4715
2025-10-13 00:00:00+00:00,2,0.955105,0.852317,0.0,15.4715
2025-10-13 01:00:00+00:00,2,0.957719,0.85465,0.002737,15.2401
2025-10-13 02:00:00+00:00,2,0.957119,0.854115,-0.000626,15.2932
2025-10-13 03:00:00+00:00,2,0.957119,0.854115,0.0,15.2932
2025-10-13 04:00:00+00:00,2,0.957119,0.854115,0.0,15.2932
2025-10-13 05:00:00+00:00,2,0.957119,0.854115,0.0,15.2932
2025-10-13 06:00:00+00:00,2,0.957119,0.854115,0.0,15.2932
2025-10-13 07:00:00+00:00,2,0.957119,0.854115,0.0,15.2932
2025-10-13 08:00:00+00:00,2,0.957119,0.854115,0.0,15.2932
2025-10-13 09:00:00+00:00,2,0.957119,0.854115,0.0,15.2932
2025-10-13 10:00:00+00:00,2,0.957119,0.854115,0.0,15.2932
2025-10-13 11:00:00+00:00,2,0.957119,0.854115,0.0,15.2932
2025-10-13 12:00:00+00:00,2,0.957119,0.854115,0.0,15.2932
2025-10-13 13:00:00+00:00,2,0.957119,0.854115,0.0,15.2932
2025-10-13 14:00:00+00:00,2,0.957119,0.854115,0.0,15.2932
2025-10-13 15:00:00+00:00,2,0.957119,0.854115,0.0,15.2932
2025-10-13 16:00:00+00:00,2,0.957119,0.854115,0.0,15.2932
2025-10-13 17:00:00+00:00,2,0.957119,0.854115,0.0,15.2932
2025-10-13 18:00:00+00:00,2,0.957119,0.854115,0.0,15.2932
2025-10-13 19:00:00+00:00,2,0.957119,0.854115,0.0,15.2932
2025-10-13 20:00:00+00:00,2,0.957119,0.854115,0.0,15.2932
2025-10-13 21:00:00+00:00,2,0.957119,0.854115,0.0,15.2932
2025-10-13 22:00:00+00:00,2,0.957119,0.854115,0.0,15.2932
2025-10-13 23:00:00+00:00,2,0.957119,0.854115,0.0,15.2932
2025-10-14 00:00:00+00:00,2,0.957119,0.854115,0.0,15.2932
2025-10-14 01:00:00+00:00,2,0.957119,0.854115,0.0,15.2932
2025-10-14 02:00:00+00:00,2,0.957119,0.854115,0.0,15.2932
2025-10-14 03:00:00+00:00,2,0.957119,0.854115,0.0,15.2932
2025-10-14 04:00:00+00:00,2,0.957119,0.854115,0.0,15.2932
2025-10-14 05:00:00+00:00,2,0.957119,0.854115,0.0,15.2932
2025-10-14 06:00:00+00:00,2,0.957119,0.854115,0.0,15.2932
2025-10-14 07:00:00+00:00,2,0.957119,0.854115,0.0,15.2932
2025-10-14 08:00:00+00:00,2,0.957119,0.854115,0.0,15.2932
2025-10-14 09:00:00+00:00,2,0.957119,0.854115,0.0,15.2932
2025-10-14 10:00:00+00:00,2,0.957119,0.854115,0.0,15.2932
2025-10-14 11:00:00+00:00,2,0.957119,0.854115,0.0,15.2932
2025-10-14 12:00:00+00:00,2,0.957119,0.854115,0.0,15.2932
2025-10-14 13:00:00+00:00,2,0.957119,0.854115,0.0,15.2932
2025-10-14 14:00:00+00:00,2,0.957119,0.854115,0.0,15.2932
2025-10-14 15:00:00+00:00,2,0.957119,0.854115,0.0,15.2932
2025-10-14 16:00:00+00:00,2,0.957119,0.854115,0.0,15.2932
2025-10-14 17:00:00+00:00,2,0.957119,0.854115,0.0,15.2932
2025-10-14 18:00:00+00:00,2,0.957119,0.854115,0.0,15.2932
2025-10-14 19:00:00+00:00,2,0.957119,0.854115,0.0,15.2932
2025-10-14 20:00:00+00:00,2,0.939383,0.838287,-0.018531,16.8629
2025-10-14 21:00:00+00:00,2,0.938783,0.837751,-0.000639,16.9161
2025-10-14 22:00:00+00:00,2,0.938783,0.837751,0.0,16.9161
2025-10-14 23:00:00+00:00,2,0.938783,0.837751,0.0,16.9161
2025-10-15 00:00:00+00:00,2,0.938783,0.837751,0.0,16.9161
2025-10-15 01:00:00+00:00,2,0.938783,0.837751,0.0,16.9161
2025-10-15 02:00:00+00:00,2,0.938783,0.837751,0.0,16.9161
2025-10-15 03:00:00+00:00,2,0.938783,0.837751,0.0,16.9161
2025-10-15 04:00:00+00:00,2,0.938783,0.837751,0.0,16.9161
2025-10-15 05:00:00+00:00,2,0.943435,0.841903,0.004956,16.5043
2025-10-15 06:00:00+00:00,2,0.943781,0.842211,0.000366,16.4738
2025-10-15 07:00:00+00:00,2,0.944935,0.843241,0.001223,16.3716
2025-10-15 08:00:00+00:00,2,0.946702,0.844818,0.00187,16.2152
2025-10-15 09:00:00+00:00,2,0.943325,0.841805,-0.003567,16.514
2025-10-15 10:00:00+00:00,2,0.939809,0.838667,-0.003727,16.8252
2025-10-15 11:00:00+00:00,2,0.939209,0.838132,-0.000638,16.8783
2025-10-15 12:00:00+00:00,2,0.92887,0.828906,-0.011008,17.7933
2025-10-15 13:00:00+00:00,2,0.92228,0.823026,-0.007094,18.3764
2025-10-15 14:00:00+00:00,2,0.919176,0.820256,-0.003366,18.6511
2025-10-15 15:00:00+00:00,2,0.921116,0.821987,0.002111,18.4795
2025-10-15 16:00:00+00:00,2,0.929309,0.829299,0.008895,17.7543
2025-10-15 17:00:00+00:00,2,0.926378,0.826683,-0.003154,18.0137
2025-10-15 18:00:00+00:00,2,0.930645,0.830491,0.004606,17.6361
2025-10-15 19:00:00+00:00,2,0.924734,0.825216,-0.006351,18.1592
2025-10-15 20:00:00+00:00,2,0.939156,0.838086,0.015596,16.8829
2025-10-15 21:00:00+00:00,2,0.935364,0.834703,-0.004037,17.2184
2025-10-15 22:00:00+00:00,2,0.936076,0.835338,0.000761,17.1554
2025-10-15 23:00:00+00:00,2,0.937781,0.836859,0.001821,17.0045
2025-10-16 00:00:00+00:00,2,0.936089,0.83535,-0.001804,17.1542
2025-10-16 01:00:00+00:00,2,0.941072,0.839796,0.005323,16.7133
2025-10-16 02:00:00+00:00,2,0.943534,0.841994,0.002617,16.4953
2025-10-16 03:00:00+00:00,2,0.940885,0.83963,-0.002808,16.7297
2025-10-16 04:00:00+00:00,2,0.935886,0.83517,-0.005312,17.172
2025-10-16 05:00:00+00:00,2,0.935286,0.834634,-0.000641,17.2252
2025-10-16 06:00:00+00:00,2,0.935286,0.834634,0.0,17.2252
2025-10-16 07:00:00+00:00,2,0.935286,0.834634,0.0,17.2252
2025-10-16 08:00:00+00:00,2,0.935286,0.834634,0.0,17.2252
2025-10-16 09:00:00+00:00,2,0.935286,0.834634,0.0,17.2252
2025-10-16 10:00:00+00:00,2,0.935286,0.834634,0.0,17.2252
2025-10-16 11:00:00+00:00,2,0.935286,0.834634,0.0,17.2252
2025-10-16 12:00:00+00:00,2,0.935286,0.834634,0.0,17.2252
2025-10-16 13:00:00+00:00,2,0.935286,0.834634,0.0,17.2252
2025-10-16 14:00:00+00:00,2,0.935286,0.834634,0.0,17.2252
2025-10-16 15:00:00+00:00,2,0.935286,0.834634,0.0,17.2252
2025-10-16 16:00:00+00:00,2,0.93717,0.836315,0.002014,17.0585
2025-10-16 17:00:00+00:00,2,0.93657,0.83578,-0.00064,17.1115
2025-10-16 18:00:00+00:00,2,0.93657,0.83578,0.0,17.1115
2025-10-16 19:00:00+00:00,2,0.93657,0.83578,0.0,17.1115
2025-10-16 20:00:00+00:00,2,0.93657,0.83578,0.0,17.1115
2025-10-16 21:00:00+00:00,2,0.93657,0.83578,0.0,17.1115
2025-10-16 22:00:00+00:00,2,0.93657,0.83578,0.0,17.1115
2025-10-16 23:00:00+00:00,2,0.93657,0.83578,0.0,17.1115
2025-10-17 00:00:00+00:00,2,0.93657,0.83578,0.0,17.1115
2025-10-17 01:00:00+00:00,2,0.93657,0.83578,0.0,17.1115
2025-10-17 02:00:00+00:00,2,0.93657,0.83578,0.0,17.1115
2025-10-17 03:00:00+00:00,2,0.93657,0.83578,0.0,17.1115
2025-10-17 04:00:00+00:00,2,0.93657,0.83578,0.0,17.1115
2025-10-17 05:00:00+00:00,2,0.93657,0.83578,0.0,17.1115
2025-10-17 06:00:00+00:00,2,0.93657,0.83578,0.0,17.1115
2025-10-17 07:00:00+00:00,2,0.93657,0.83578,0.0,17.1115
2025-10-17 08:00:00+00:00,2,0.93657,0.83578,0.0,17.1115
2025-10-17 09:00:00+00:00,2,0.93657,0.83578,0.0,17.1115
2025-10-17 10:00:00+00:00,2,0.93657,0.83578,0.0,17.1115
2025-10-17 11:00:00+00:00,2,0.93657,0.83578,0.0,17.1115
2025-10-17 12:00:00+00:00,2,0.93657,0.83578,0.0,17.1115
2025-10-17 13:00:00+00:00,2,0.93657,0.83578,0.0,17.1115
2025-10-17 14:00:00+00:00,2,0.93657,0.83578,0.0,17.1115
2025-10-17 15:00:00+00:00,2,0.93657,0.83578,0.0,17.1115
2025-10-17 16:00:00+00:00,2,0.93657,0.83578,0.0,17.1115
2025-10-17 17:00:00+00:00,2,0.93657,0.83578,0.0,17.1115
2025-10-17 18:00:00+00:00,2,0.93657,0.83578,0.0,17.1115
2025-10-17 19:00:00+00:00,2,0.93657,0.83578,0.0,17.1115
2025-10-17 20:00:00+00:00,2,0.93657,0.83578,0.0,17.1115
2025-10-17 21:00:00+00:00,2,0.93657,0.83578,0.0,17.1115
2025-10-17 22:00:00+00:00,2,0.93657,0.83578,0.0,17.1115
2025-10-17 23:00:00+00:00,2,0.93657,0.83578,0.0,17.1115
2025-10-18 00:00:00+00:00,2,0.93657,0.83578,0.0,17.1115
2025-10-18 01:00:00+00:00,2,0.93657,0.83578,0.0,17.1115
2025-10-18 02:00:00+00:00,2,0.93657,0.83578,0.0,17.1115
2025-10-18 03:00:00+00:00,2,0.93657,0.83578,0.0,17.1115
2025-10-18 04:00:00+00:00,2,0.93657,0.83578,0.0,17.1115
2025-10-18 05:00:00+00:00,2,0.93657,0.83578,0.0,17.1115
2025-10-18 06:00:00+00:00,2,0.93657,0.83578,0.0,17.1115
2025-10-18 07:00:00+00:00,2,0.93657,0.83578,0.0,17.1115
2025-10-18 08:00:00+00:00,2,0.93657,0.83578,0.0,17.1115
2025-10-18 09:00:00+00:00,2,0.93657,0.83578,0.0,17.1115
2025-10-18 10:00:00+00:00,2,0.93657,0.83578,0.0,17.1115
2025-10-18 11:00:00+00:00,2,0.93657,0.83578,0.0,17.1115
2025-10-18 12:00:00+00:00,2,0.93657,0.83578,0.0,17.1115
2025-10-18 13:00:00+00:00,2,0.93657,0.83578,0.0,17.1115
2025-10-18 14:00:00+00:00,2,0.93657,0.83578,0.0,17.1115
2025-10-18 15:00:00+00:00,2,0.93657,0.83578,0.0,17.1115
2025-10-18 16:00:00+00:00,2,0.93657,0.83578,0.0,17.1115
2025-10-18 17:00:00+00:00,2,0.93657,0.83578,0.0,17.1115
2025-10-18 18:00:00+00:00,2,0.93657,0.83578,0.0,17.1115
2025-10-18 19:00:00+00:00,2,0.93657,0.83578,0.0,17.1115
2025-10-18 20:00:00+00:00,2,0.93657,0.83578,0.0,17.1115
2025-10-18 21:00:00+00:00,2,0.93657,0.83578,0.0,17.1115
2025-10-18 22:00:00+00:00,2,0.93657,0.83578,0.0,17.1115
2025-10-18 23:00:00+00:00,2,0.93657,0.83578,0.0,17.1115
2025-10-19 00:00:00+00:00,2,0.93657,0.83578,0.0,17.1115
2025-10-19 01:00:00+00:00,2,0.93657,0.83578,0.0,17.1115
2025-10-19 02:00:00+00:00,2,0.93657,0.83578,0.0,17.1115
2025-10-19 03:00:00+00:00,2,0.93657,0.83578,0.0,17.1115
2025-10-19 04:00:00+00:00,2,0.93657,0.83578,0.0,17.1115
2025-10-19 05:00:00+00:00,2,0.93657,0.83578,0.0,17.1115
2025-10-19 06:00:00+00:00,2,0.93657,0.83578,0.0,17.1115
2025-10-19 07:00:00+00:00,2,0.93657,0.83578,0.0,17.1115
2025-10-19 08:00:00+00:00,2,0.93657,0.83578,0.0,17.1115
2025-10-19 09:00:00+00:00,2,0.93657,0.83578,0.0,17.1115
2025-10-19 10:00:00+00:00,2,0.93657,0.83578,0.0,17.1115
2025-10-19 11:00:00+00:00,2,0.93657,0.83578,0.0,17.1115
2025-10-19 12:00:00+00:00,2,0.93657,0.83578,0.0,17.1115
2025-10-19 13:00:00+00:00,2,0.93657,0.83578,0.0,17.1115
2025-10-19 14:00:00+00:00,2,0.93657,0.83578,0.0,17.1115
2025-10-19 15:00:00+00:00,2,0.93657,0.83578,0.0,17.1115
2025-10-19 16:00:00+00:00,2,0.93657,0.83578,0.0,17.1115
2025-10-19 17:00:00+00:00,2,0.93657,0.83578,0.0,17.1115
2025-10-19 18:00:00+00:00,2,0.932818,0.832431,-0.004007,17.4437
2025-10-19 19:00:00+00:00,2,0.965024,0.861171,0.034526,14.5934
2025-10-19 20:00:00+00:00,2,0.975796,0.870784,0.011162,13.64
2025-10-19 21:00:00+00:00,2,0.975196,0.870248,-0.000615,13.6932
2025-10-19 22:00:00+00:00,2,0.969466,0.865136,-0.005875,14.2002
2025-10-19 23:00:00+00:00,2,0.969615,0.865268,0.000153,14.1871
2025-10-20 00:00:00+00:00,2,0.967795,0.863644,-0.001877,14.3481
2025-10-20 01:00:00+00:00,2,0.959199,0.855973,-0.008882,15.1089
2025-10-20 02:00:00+00:00,2,0.959448,0.856196,0.00026,15.0868
2025-10-20 03:00:00+00:00,2,0.944302,0.84268,-0.015786,16.4272
2025-10-20 04:00:00+00:00,2,0.937642,0.836735,-0.007054,17.0168
2025-10-20 05:00:00+00:00,2,0.934945,0.834328,-0.002877,17.2556
2025-10-20 06:00:00+00:00,2,0.938218,0.837249,0.003501,16.9659
2025-10-20 07:00:00+00:00,2,0.937618,0.836713,-0.00064,17.019
2025-10-20 08:00:00+00:00,2,0.937618,0.836713,0.0,17.019
2025-10-20 09:00:00+00:00,2,0.937618,0.836713,0.0,17.019
2025-10-20 10:00:00+00:00,2,0.937618,0.836713,0.0,17.019
2025-10-20 11:00:00+00:00,2,0.937618,0.836713,0.0,17.019
2025-10-20 12:00:00+00:00,2,0.937618,0.836713,0.0,17.019
2025-10-20 13:00:00+00:00,2,0.937618,0.836713,0.0,17.019
2025-10-20 14:00:00+00:00,2,0.937618,0.836713,0.0,17.019
2025-10-20 15:00:00+00:00,2,0.937618,0.836713,0.0,17.019
2025-10-20 16:00:00+00:00,2,0.937618,0.836713,0.0,17.019
2025-10-20 17:00:00+00:00,2,0.937618,0.836713,0.0,17.019
2025-10-20 18:00:00+00:00,2,0.937618,0.836713,0.0,17.019
2025-10-20 19:00:00+00:00,2,0.937618,0.836713,0.0,17.019
2025-10-20 20:00:00+00:00,2,0.937618,0.836713,0.0,17.019
2025-10-20 21:00:00+00:00,2,0.935371,0.834708,-0.002396,17.2179
2025-10-20 22:00:00+00:00,2,0.931503,0.831257,-0.004135,17.5601
2025-10-20 23:00:00+00:00,2,0.930903,0.830722,-0.000644,17.6132
2025-10-21 00:00:00+00:00,2,0.930903,0.830722,0.0,17.6132
2025-10-21 01:00:00+00:00,2,0.930903,0.830722,0.0,17.6132
2025-10-21 02:00:00+00:00,2,0.930903,0.830722,0.0,17.6132
2025-10-21 03:00:00+00:00,2,0.930206,0.830099,-0.000749,17.675
2025-10-21 04:00:00+00:00,2,0.933423,0.832969,0.003457,17.3903
2025-10-21 05:00:00+00:00,2,0.932823,0.832433,-0.000643,17.4435
2025-10-21 06:00:00+00:00,2,0.932823,0.832433,0.0,17.4435
2025-10-21 07:00:00+00:00,2,0.932823,0.832433,0.0,17.4435
2025-10-21 08:00:00+00:00,2,0.932823,0.832433,0.0,17.4435
2025-10-21 09:00:00+00:00,2,0.932823,0.832433,0.0,17.4435
2025-10-21 10:00:00+00:00,2,0.932823,0.832433,0.0,17.4435
2025-10-21 11:00:00+00:00,2,0.932823,0.832433,0.0,17.4435
2025-10-21 12:00:00+00:00,2,0.932823,0.832433,0.0,17.4435
2025-10-21 13:00:00+00:00,2,0.932823,0.832433,0.0,17.4435
2025-10-21 14:00:00+00:00,2,0.932823,0.832433,0.0,17.4435
2025-10-21 15:00:00+00:00,2,0.932823,0.832433,0.0,17.4435
2025-10-21 16:00:00+00:00,2,0.932823,0.832433,0.0,17.4435
2025-10-21 17:00:00+00:00,2,0.932823,0.832433,0.0,17.4435
2025-10-21 18:00:00+00:00,2,0.932823,0.832433,0.0,17.4435
2025-10-21 19:00:00+00:00,2,0.932823,0.832433,0.0,17.4435
2025-10-21 20:00:00+00:00,2,0.932823,0.832433,0.0,17.4435
2025-10-21 21:00:00+00:00,2,0.932823,0.832433,0.0,17.4435
2025-10-21 22:00:00+00:00,2,0.932823,0.832433,0.0,17.4435
2025-10-21 23:00:00+00:00,2,0.932823,0.832433,0.0,17.4435
2025-10-22 00:00:00+00:00,2,0.932823,0.832433,0.0,17.4435
2025-10-22 01:00:00+00:00,2,0.932823,0.832433,0.0,17.4435
2025-10-22 02:00:00+00:00,2,0.932823,0.832433,0.0,17.4435
2025-10-22 03:00:00+00:00,2,0.932823,0.832433,0.0,17.4435
2025-10-22 04:00:00+00:00,2,0.932823,0.832433,0.0,17.4435
2025-10-22 05:00:00+00:00,2,0.932823,0.832433,0.0,17.4435
2025-10-22 06:00:00+00:00,2,0.932823,0.832433,0.0,17.4435
2025-10-22 07:00:00+00:00,2,0.932823,0.832433,0.0,17.4435
2025-10-22 08:00:00+00:00,2,0.932823,0.832433,0.0,17.4435
2025-10-22 09:00:00+00:00,2,0.932823,0.832433,0.0,17.4435
2025-10-22 10:00:00+00:00,2,0.932823,0.832433,0.0,17.4435
2025-10-22 11:00:00+00:00,2,0.932823,0.832433,0.0,17.4435
2025-10-22 12:00:00+00:00,2,0.932823,0.832433,0.0,17.4435
2025-10-22 13:00:00+00:00,2,0.932823,0.832433,0.0,17.4435
2025-10-22 14:00:00+00:00,2,0.932823,0.832433,0.0,17.4435
2025-10-22 15:00:00+00:00,2,0.932823,0.832433,0.0,17.4435
2025-10-22 16:00:00+00:00,2,0.932823,0.832433,0.0,17.4435
2025-10-22 17:00:00+00:00,2,0.932823,0.832433,0.0,17.4435
2025-10-22 18:00:00+00:00,2,0.932823,0.832433,0.0,17.4435
2025-10-22 19:00:00+00:00,2,0.932823,0.832433,0.0,17.4435
2025-10-22 20:00:00+00:00,2,0.932823,0.832433,0.0,17.4435
2025-10-22 21:00:00+00:00,2,0.932823,0.832433,0.0,17.4435
2025-10-22 22:00:00+00:00,2,0.932823,0.832433,0.0,17.4435
2025-10-22 23:00:00+00:00,2,0.932823,0.832433,0.0,17.4435
2025-10-23 00:00:00+00:00,2,0.932823,0.832433,0.0,17.4435
2025-10-23 01:00:00+00:00,2,0.932823,0.832433,0.0,17.4435
2025-10-23 02:00:00+00:00,2,0.932823,0.832433,0.0,17.4435
2025-10-23 03:00:00+00:00,2,0.932823,0.832433,0.0,17.4435
2025-10-23 04:00:00+00:00,2,0.932823,0.832433,0.0,17.4435
2025-10-23 05:00:00+00:00,2,0.932823,0.832433,0.0,17.4435
2025-10-23 06:00:00+00:00,2,0.932823,0.832433,0.0,17.4435
2025-10-23 07:00:00+00:00,2,0.932823,0.832433,0.0,17.4435
2025-10-23 08:00:00+00:00,2,0.932823,0.832433,0.0,17.4435
2025-10-23 09:00:00+00:00,2,0.932823,0.832433,0.0,17.4435
2025-10-23 10:00:00+00:00,2,0.932823,0.832433,0.0,17.4435
2025-10-23 11:00:00+00:00,2,0.932823,0.832433,0.0,17.4435
2025-10-23 12:00:00+00:00,2,0.932823,0.832433,0.0,17.4435
2025-10-23 13:00:00+00:00,2,0.932823,0.832433,0.0,17.4435
2025-10-23 14:00:00+00:00,2,0.932823,0.832433,0.0,17.4435
2025-10-23 15:00:00+00:00,2,0.932823,0.832433,0.0,17.4435
2025-10-23 16:00:00+00:00,2,0.932823,0.832433,0.0,17.4435
2025-10-23 17:00:00+00:00,2,0.932823,0.832433,0.0,17.4435
2025-10-23 18:00:00+00:00,2,0.932823,0.832433,0.0,17.4435
2025-10-23 19:00:00+00:00,2,0.932823,0.832433,0.0,17.4435
2025-10-23 20:00:00+00:00,2,0.932823,0.832433,0.0,17.4435
2025-10-23 21:00:00+00:00,2,0.932823,0.832433,0.0,17.4435
2025-10-23 22:00:00+00:00,2,0.932823,0.832433,0.0,17.4435
2025-10-23 23:00:00+00:00,2,0.932823,0.832433,0.0,17.4435
2025-10-24 00:00:00+00:00,2,0.932823,0.832433,0.0,17.4435
2025-10-24 01:00:00+00:00,2,0.932823,0.832433,0.0,17.4435
2025-10-24 02:00:00+00:00,2,0.932823,0.832433,0.0,17.4435
2025-10-24 03:00:00+00:00,2,0.932823,0.832433,0.0,17.4435
2025-10-24 04:00:00+00:00,2,0.932823,0.832433,0.0,17.4435
2025-10-24 05:00:00+00:00,2,0.932823,0.832433,0.0,17.4435
2025-10-24 06:00:00+00:00,2,0.932823,0.832433,0.0,17.4435
2025-10-24 07:00:00+00:00,2,0.932823,0.832433,0.0,17.4435
2025-10-24 08:00:00+00:00,2,0.932823,0.832433,0.0,17.4435
2025-10-24 09:00:00+00:00,2,0.932823,0.832433,0.0,17.4435
2025-10-24 10:00:00+00:00,2,0.932823,0.832433,0.0,17.4435
2025-10-24 11:00:00+00:00,2,0.932823,0.832433,0.0,17.4435
2025-10-24 12:00:00+00:00,2,0.932823,0.832433,0.0,17.4435
2025-10-24 13:00:00+00:00,2,0.932823,0.832433,0.0,17.4435
2025-10-24 14:00:00+00:00,2,0.932823,0.832433,0.0,17.4435
2025-10-24 15:00:00+00:00,2,0.932823,0.832433,0.0,17.4435
2025-10-24 16:00:00+00:00,2,0.932823,0.832433,0.0,17.4435
2025-10-24 17:00:00+00:00,2,0.932823,0.832433,0.0,17.4435
2025-10-24 18:00:00+00:00,2,0.932823,0.832433,0.0,17.4435
2025-10-24 19:00:00+00:00,2,0.932823,0.832433,0.0,17.4435
2025-10-24 20:00:00+00:00,2,0.933204,0.832774,0.000409,17.4097
2025-10-24 21:00:00+00:00,2,0.932604,0.832238,-0.000643,17.4628
2025-10-24 22:00:00+00:00,2,0.931385,0.831151,-0.001307,17.5706
2025-10-24 23:00:00+00:00,2,0.930785,0.830615,-0.000644,17.6238
2025-10-25 00:00:00+00:00,2,0.930785,0.830615,0.0,17.6238
2025-10-25 01:00:00+00:00,2,0.930785,0.830615,0.0,17.6238
2025-10-25 02:00:00+00:00,2,0.930785,0.830615,0.0,17.6238
2025-10-25 03:00:00+00:00,2,0.930785,0.830615,0.0,17.6238
2025-10-25 04:00:00+00:00,2,0.930785,0.830615,0.0,17.6238
2025-10-25 05:00:00+00:00,2,0.931873,0.831586,0.001169,17.5275
2025-10-25 06:00:00+00:00,2,0.931273,0.831051,-0.000644,17.5805
2025-10-25 07:00:00+00:00,2,0.931273,0.831051,0.0,17.5805
2025-10-25 08:00:00+00:00,2,0.931273,0.831051,0.0,17.5805
2025-10-25 09:00:00+00:00,2,0.931273,0.831051,0.0,17.5805
2025-10-25 10:00:00+00:00,2,0.931273,0.831051,0.0,17.5805
2025-10-25 11:00:00+00:00,2,0.931273,0.831051,0.0,17.5805
2025-10-25 12:00:00+00:00,2,0.931273,0.831051,0.0,17.5805
2025-10-25 13:00:00+00:00,2,0.931273,0.831051,0.0,17.5805
2025-10-25 14:00:00+00:00,2,0.931273,0.831051,0.0,17.5805
2025-10-25 15:00:00+00:00,2,0.931273,0.831051,0.0,17.5805
2025-10-25 16:00:00+00:00,2,0.931273,0.831051,0.0,17.5805
2025-10-25 17:00:00+00:00,2,0.931273,0.831051,0.0,17.5805
2025-10-25 18:00:00+00:00,2,0.931273,0.831051,0.0,17.5805
2025-10-25 19:00:00+00:00,2,0.931273,0.831051,0.0,17.5805
2025-10-25 20:00:00+00:00,2,0.931273,0.831051,0.0,17.5805
2025-10-25 21:00:00+00:00,2,0.931273,0.831051,0.0,17.5805
2025-10-25 22:00:00+00:00,2,0.931273,0.831051,0.0,17.5805
2025-10-25 23:00:00+00:00,2,0.931273,0.831051,0.0,17.5805
2025-10-26 00:00:00+00:00,2,0.931273,0.831051,0.0,17.5805
2025-10-26 01:00:00+00:00,2,0.931273,0.831051,0.0,17.5805
2025-10-26 02:00:00+00:00,2,0.931273,0.831051,0.0,17.5805
2025-10-26 03:00:00+00:00,2,0.931273,0.831051,0.0,17.5805
2025-10-26 04:00:00+00:00,2,0.931273,0.831051,0.0,17.5805
2025-10-26 05:00:00+00:00,2,0.931273,0.831051,0.0,17.5805
2025-10-26 06:00:00+00:00,2,0.931273,0.831051,0.0,17.5805
2025-10-26 07:00:00+00:00,2,0.931273,0.831051,0.0,17.5805
2025-10-26 08:00:00+00:00,2,0.931273,0.831051,0.0,17.5805
2025-10-26 09:00:00+00:00,2,0.931273,0.831051,0.0,17.5805
2025-10-26 10:00:00+00:00,2,0.931273,0.831051,0.0,17.5805
2025-10-26 11:00:00+00:00,2,0.931273,0.831051,0.0,17.5805
2025-10-26 12:00:00+00:00,2,0.931273,0.831051,0.0,17.5805
2025-10-26 13:00:00+00:00,2,0.931273,0.831051,0.0,17.5805
2025-10-26 14:00:00+00:00,2,0.931273,0.831051,0.0,17.5805
2025-10-26 15:00:00+00:00,2,0.931273,0.831051,0.0,17.5805
2025-10-26 16:00:00+00:00,2,0.931273,0.831051,0.0,17.5805
2025-10-26 17:00:00+00:00,2,0.931273,0.831051,0.0,17.5805
2025-10-26 18:00:00+00:00,2,0.931273,0.831051,0.0,17.5805
2025-10-26 19:00:00+00:00,2,0.931273,0.831051,0.0,17.5805
2025-10-26 20:00:00+00:00,2,0.931273,0.831051,0.0,17.5805
2025-10-26 21:00:00+00:00,2,0.931273,0.831051,0.0,17.5805
2025-10-26 22:00:00+00:00,2,0.931273,0.831051,0.0,17.5805
2025-10-26 23:00:00+00:00,2,0.931273,0.831051,0.0,17.5805
2025-10-27 00:00:00+00:00,2,0.931273,0.831051,0.0,17.5805
2025-10-27 01:00:00+00:00,2,0.931273,0.831051,0.0,17.5805
2025-10-27 02:00:00+00:00,2,0.931273,0.831051,0.0,17.5805
2025-10-27 03:00:00+00:00,2,0.931273,0.831051,0.0,17.5805
2025-10-27 04:00:00+00:00,2,0.931273,0.831051,0.0,17.5805
2025-10-27 05:00:00+00:00,2,0.931273,0.831051,0.0,17.5805
2025-10-27 06:00:00+00:00,2,0.931273,0.831051,0.0,17.5805
2025-10-27 07:00:00+00:00,2,0.931273,0.831051,0.0,17.5805
2025-10-27 08:00:00+00:00,2,0.931273,0.831051,0.0,17.5805
2025-10-27 09:00:00+00:00,2,0.931273,0.831051,0.0,17.5805
2025-10-27 10:00:00+00:00,2,0.931273,0.831051,0.0,17.5805
2025-10-27 11:00:00+00:00,2,0.931273,0.831051,0.0,17.5805
2025-10-27 12:00:00+00:00,2,0.931273,0.831051,0.0,17.5805
2025-10-27 13:00:00+00:00,2,0.931273,0.831051,0.0,17.5805
2025-10-27 14:00:00+00:00,2,0.931273,0.831051,0.0,17.5805
2025-10-27 15:00:00+00:00,2,0.931273,0.831051,0.0,17.5805
2025-10-27 16:00:00+00:00,2,0.931273,0.831051,0.0,17.5805
2025-10-27 17:00:00+00:00,2,0.931273,0.831051,0.0,17.5805
2025-10-27 18:00:00+00:00,2,0.931273,0.831051,0.0,17.5805
2025-10-27 19:00:00+00:00,2,0.931273,0.831051,0.0,17.5805
2025-10-27 20:00:00+00:00,2,0.931273,0.831051,0.0,17.5805
2025-10-27 21:00:00+00:00,2,0.931273,0.831051,0.0,17.5805
2025-10-27 22:00:00+00:00,2,0.931273,0.831051,0.0,17.5805
2025-10-27 23:00:00+00:00,2,0.931273,0.831051,0.0,17.5805
2025-10-28 00:00:00+00:00,2,0.931273,0.831051,0.0,17.5805
2025-10-28 01:00:00+00:00,2,0.931273,0.831051,0.0,17.5805
2025-10-28 02:00:00+00:00,2,0.931273,0.831051,0.0,17.5805
2025-10-28 03:00:00+00:00,2,0.931273,0.831051,0.0,17.5805
2025-10-28 04:00:00+00:00,2,0.931273,0.831051,0.0,17.5805
2025-10-28 05:00:00+00:00,2,0.935226,0.834578,0.004244,17.2308
2025-10-28 06:00:00+00:00,2,0.934391,0.833833,-0.000893,17.3046
2025-10-28 07:00:00+00:00,2,0.938833,0.837797,0.004754,16.9115
2025-10-28 08:00:00+00:00,2,0.93685,0.836027,-0.002112,17.0871
2025-10-28 09:00:00+00:00,2,0.918441,0.8196,-0.019649,18.7162
2025-10-28 10:00:00+00:00,2,0.932593,0.832229,0.015409,17.4637
2025-10-28 11:00:00+00:00,2,0.93699,0.836153,0.004714,17.0746
2025-10-28 12:00:00+00:00,2,0.942054,0.840672,0.005405,16.6264
2025-10-28 13:00:00+00:00,2,0.941454,0.840136,-0.000637,16.6795
2025-10-28 14:00:00+00:00,2,0.936243,0.835486,-0.005535,17.1407
2025-10-28 15:00:00+00:00,2,0.935683,0.834986,-0.000599,17.1903
2025-10-28 16:00:00+00:00,2,0.935083,0.834451,-0.000641,17.2434
2025-10-28 17:00:00+00:00,2,0.935083,0.834451,0.0,17.2434
2025-10-28 18:00:00+00:00,2,0.927924,0.828063,-0.007655,17.8769
2025-10-28 19:00:00+00:00,2,0.933601,0.833128,0.006117,17.3746
2025-10-28 20:00:00+00:00,2,0.928652,0.828712,-0.005301,17.8125
2025-10-28 21:00:00+00:00,2,0.932385,0.832043,0.00402,17.4822
2025-10-28 22:00:00+00:00,2,0.926713,0.826982,-0.006083,17.9841
2025-10-28 23:00:00+00:00,2,0.921113,0.821984,-0.006044,18.4798
2025-10-29 00:00:00+00:00,2,0.91852,0.81967,-0.002815,18.7093
2025-10-29 01:00:00+00:00,2,0.91792,0.819134,-0.000653,18.7624
2025-10-29 02:00:00+00:00,2,0.91792,0.819134,0.0,18.7624
2025-10-29 03:00:00+00:00,2,0.91792,0.819134,0.0,18.7624
2025-10-29 04:00:00+00:00,2,0.91792,0.819134,0.0,18.7624
2025-10-29 05:00:00+00:00,2,0.92574,0.826113,0.00852,18.0703
2025-10-29 06:00:00+00:00,2,0.928303,0.8284,0.002768,17.8435
2025-10-29 07:00:00+00:00,2,0.921852,0.822644,-0.006949,18.4143
2025-10-29 08:00:00+00:00,2,0.924984,0.825439,0.003398,18.1371
2025-10-29 09:00:00+00:00,2,0.932234,0.831909,0.007838,17.4955
2025-10-29 10:00:00+00:00,2,0.931634,0.831373,-0.000644,17.5486
2025-10-29 11:00:00+00:00,2,0.931634,0.831373,0.0,17.5486
2025-10-29 12:00:00+00:00,2,0.92933,0.829317,-0.002473,17.7525
2025-10-29 13:00:00+00:00,2,0.92873,0.828781,-0.000646,17.8057
2025-10-29 14:00:00+00:00,2,0.92873,0.828781,0.0,17.8057
2025-10-29 15:00:00+00:00,2,0.92873,0.828781,0.0,17.8057
2025-10-29 16:00:00+00:00,2,0.92873,0.828781,0.0,17.8057
2025-10-29 17:00:00+00:00,2,0.92873,0.828781,0.0,17.8057
2025-10-29 18:00:00+00:00,2,0.92873,0.828781,0.0,17.8057
2025-10-29 19:00:00+00:00,2,0.92873,0.828781,0.0,17.8057
2025-10-29 20:00:00+00:00,2,0.92873,0.828781,0.0,17.8057
2025-10-29 21:00:00+00:00,2,0.92873,0.828781,0.0,17.8057
2025-10-29 22:00:00+00:00,2,0.92873,0.828781,0.0,17.8057
2025-10-29 23:00:00+00:00,2,0.92873,0.828781,0.0,17.8057
2025-10-30 00:00:00+00:00,2,0.92873,0.828781,0.0,17.8057
2025-10-30 01:00:00+00:00,2,0.92873,0.828781,0.0,17.8057
2025-10-30 02:00:00+00:00,2,0.92873,0.828781,0.0,17.8057
2025-10-30 03:00:00+00:00,2,0.92873,0.828781,0.0,17.8057
2025-10-30 04:00:00+00:00,2,0.928366,0.828457,-0.000391,17.8378
2025-10-30 05:00:00+00:00,2,0.927766,0.827922,-0.000646,17.8909
2025-10-30 06:00:00+00:00,2,0.927766,0.827922,0.0,17.8909
2025-10-30 07:00:00+00:00,2,0.927766,0.827922,0.0,17.8909
2025-10-30 08:00:00+00:00,2,0.927766,0.827922,0.0,17.8909
2025-10-30 09:00:00+00:00,2,0.927766,0.827922,0.0,17.8909
2025-10-30 10:00:00+00:00,2,0.927766,0.827922,0.0,17.8909
2025-10-30 11:00:00+00:00,2,0.927766,0.827922,0.0,17.8909
2025-10-30 12:00:00+00:00,2,0.927766,0.827922,0.0,17.8909
2025-10-30 13:00:00+00:00,2,0.927766,0.827922,0.0,17.8909
2025-10-30 14:00:00+00:00,2,0.927766,0.827922,0.0,17.8909
2025-10-30 15:00:00+00:00,2,0.927766,0.827922,0.0,17.8909
2025-10-30 16:00:00+00:00,2,0.927766,0.827922,0.0,17.8909
2025-10-30 17:00:00+00:00,2,0.927766,0.827922,0.0,17.8909
2025-10-30 18:00:00+00:00,2,0.927766,0.827922,0.0,17.8909
2025-10-30 19:00:00+00:00,2,0.927766,0.827922,0.0,17.8909
2025-10-30 20:00:00+00:00,2,0.927766,0.827922,0.0,17.8909
2025-10-30 21:00:00+00:00,2,0.927766,0.827922,0.0,17.8909
2025-10-30 22:00:00+00:00,2,0.927766,0.827922,0.0,17.8909
2025-10-30 23:00:00+00:00,2,0.927766,0.827922,0.0,17.8909
2025-10-31 00:00:00+00:00,2,0.927766,0.827922,0.0,17.8909
2025-10-31 01:00:00+00:00,2,0.927766,0.827922,0.0,17.8909
2025-10-31 02:00:00+00:00,2,0.927766,0.827922,0.0,17.8909
2025-10-31 03:00:00+00:00,2,0.927766,0.827922,0.0,17.8909
2025-10-31 04:00:00+00:00,2,0.927766,0.827922,0.0,17.8909
2025-10-31 05:00:00+00:00,2,0.927766,0.827922,0.0,17.8909
2025-10-31 06:00:00+00:00,2,0.927766,0.827922,0.0,17.8909
2025-10-31 07:00:00+00:00,2,0.927766,0.827922,0.0,17.8909
2025-10-31 08:00:00+00:00,2,0.927766,0.827922,0.0,17.8909
2025-10-31 09:00:00+00:00,2,0.927766,0.827922,0.0,17.8909
2025-10-31 10:00:00+00:00,2,0.927766,0.827922,0.0,17.8909
2025-10-31 11:00:00+00:00,2,0.927766,0.827922,0.0,17.8909
2025-10-31 12:00:00+00:00,2,0.927766,0.827922,0.0,17.8909
2025-10-31 13:00:00+00:00,2,0.927766,0.827922,0.0,17.8909
2025-10-31 14:00:00+00:00,2,0.927766,0.827922,0.0,17.8909
2025-10-31 15:00:00+00:00,2,0.927766,0.827922,0.0,17.8909
2025-10-31 16:00:00+00:00,2,0.927766,0.827922,0.0,17.8909
2025-10-31 17:00:00+00:00,2,0.927766,0.827922,0.0,17.8909
2025-10-31 18:00:00+00:00,2,0.927766,0.827922,0.0,17.8909
2025-10-31 19:00:00+00:00,2,0.927766,0.827922,0.0,17.8909
2025-10-31 20:00:00+00:00,2,0.927766,0.827922,0.0,17.8909
2025-10-31 21:00:00+00:00,2,0.927766,0.827922,0.0,17.8909
2025-10-31 22:00:00+00:00,2,0.927766,0.827922,0.0,17.8909
2025-10-31 23:00:00+00:00,2,0.927766,0.827922,0.0,17.8909
2025-11-01 00:00:00+00:00,2,0.927766,0.827922,0.0,17.8909
2025-11-01 01:00:00+00:00,2,0.927766,0.827922,0.0,17.8909
2025-11-01 02:00:00+00:00,2,0.927766,0.827922,0.0,17.8909
2025-11-01 03:00:00+00:00,2,0.927766,0.827922,0.0,17.8909
2025-11-01 04:00:00+00:00,2,0.927766,0.827922,0.0,17.8909
2025-11-01 05:00:00+00:00,2,0.927766,0.827922,0.0,17.8909
2025-11-01 06:00:00+00:00,2,0.927766,0.827922,0.0,17.8909
2025-11-01 07:00:00+00:00,2,0.927766,0.827922,0.0,17.8909
2025-11-01 08:00:00+00:00,2,0.927766,0.827922,0.0,17.8909
2025-11-01 09:00:00+00:00,2,0.927766,0.827922,0.0,17.8909
2025-11-01 10:00:00+00:00,2,0.927766,0.827922,0.0,17.8909
2025-11-01 11:00:00+00:00,2,0.927766,0.827922,0.0,17.8909
2025-11-01 12:00:00+00:00,2,0.927766,0.827922,0.0,17.8909
2025-11-01 13:00:00+00:00,2,0.927766,0.827922,0.0,17.8909
2025-11-01 14:00:00+00:00,2,0.927766,0.827922,0.0,17.8909
2025-11-01 15:00:00+00:00,2,0.927766,0.827922,0.0,17.8909
2025-11-01 16:00:00+00:00,2,0.927766,0.827922,0.0,17.8909
2025-11-01 17:00:00+00:00,2,0.927766,0.827922,0.0,17.8909
2025-11-01 18:00:00+00:00,2,0.927766,0.827922,0.0,17.8909
2025-11-01 19:00:00+00:00,2,0.927766,0.827922,0.0,17.8909
2025-11-01 20:00:00+00:00,2,0.927766,0.827922,0.0,17.8909
2025-11-01 21:00:00+00:00,2,0.935345,0.834684,0.008168,17.2202
2025-11-01 22:00:00+00:00,2,0.942383,0.840965,0.007525,16.5973
2025-11-01 23:00:00+00:00,2,0.941783,0.84043,-0.000637,16.6504
2025-11-02 00:00:00+00:00,2,0.942313,0.840902,0.000562,16.6036
2025-11-02 01:00:00+00:00,2,0.938507,0.837506,-0.004038,16.9404
2025-11-02 02:00:00+00:00,2,0.940541,0.839321,0.002167,16.7604
2025-11-02 03:00:00+00:00,2,0.937033,0.83619,-0.003731,17.0709
2025-11-02 04:00:00+00:00,2,0.937852,0.836921,0.000874,16.9984
2025-11-02 05:00:00+00:00,2,0.93687,0.836044,-0.001047,17.0854
2025-11-02 06:00:00+00:00,2,0.941873,0.840509,0.00534,16.6426
2025-11-02 07:00:00+00:00,2,0.936968,0.836132,-0.005207,17.0766
2025-11-02 08:00:00+00:00,2,0.942918,0.841442,0.00635,16.55
2025-11-02 09:00:00+00:00,2,0.939322,0.838233,-0.003813,16.8683
2025-11-02 10:00:00+00:00,2,0.938722,0.837698,-0.000639,16.9213
2025-11-02 11:00:00+00:00,2,0.938722,0.837698,0.0,16.9213
2025-11-02 12:00:00+00:00,2,0.935656,0.834962,-0.003266,17.1927
2025-11-02 13:00:00+00:00,2,0.931726,0.831455,-0.0042,17.5405
2025-11-02 14:00:00+00:00,2,0.92999,0.829905,-0.001864,17.6942
2025-11-02 15:00:00+00:00,2,0.929618,0.829573,-0.0004,17.7271
2025-11-02 16:00:00+00:00,2,0.936498,0.835713,0.007401,17.1182
2025-11-02 17:00:00+00:00,2,0.930837,0.830661,-0.006045,17.6192
2025-11-02 18:00:00+00:00,2,0.930583,0.830435,-0.000272,17.6416
2025-11-02 19:00:00+00:00,2,0.935739,0.835036,0.00554,17.1853
2025-11-02 20:00:00+00:00,2,0.924071,0.824624,-0.012469,18.2179
2025-11-02 21:00:00+00:00,2,0.91566,0.817118,-0.009102,18.9624
2025-11-02 22:00:00+00:00,2,0.91506,0.816583,-0.000655,19.0154
2025-11-02 23:00:00+00:00,2,0.916714,0.818058,0.001807,18.8691
2025-11-03 00:00:00+00:00,2,0.909286,0.81143,-0.008103,19.5265
2025-11-03 01:00:00+00:00,2,0.91121,0.813147,0.002116,19.3562
2025-11-03 02:00:00+00:00,2,0.907195,0.809564,-0.004406,19.7115
2025-11-03 03:00:00+00:00,2,0.916096,0.817507,0.009812,18.9238
2025-11-03 04:00:00+00:00,2,0.917919,0.819133,0.001989,18.7625
2025-11-03 05:00:00+00:00,2,0.909482,0.811604,-0.009192,19.5092
2025-11-03 06:00:00+00:00,2,0.911266,0.813196,0.001962,19.3513
2025-11-03 07:00:00+00:00,2,0.919553,0.820591,0.009094,18.6179
2025-11-03 08:00:00+00:00,2,0.918953,0.820056,-0.000652,18.671
2025-11-03 09:00:00+00:00,2,0.918953,0.820056,0.0,18.671
2025-11-03 10:00:00+00:00,2,0.916792,0.818128,-0.002352,18.8622
2025-11-03 11:00:00+00:00,2,0.919449,0.820498,0.002898,18.6271
2025-11-03 12:00:00+00:00,2,0.918849,0.819963,-0.000653,18.6802
2025-11-03 13:00:00+00:00,2,0.918849,0.819963,0.0,18.6802
2025-11-03 14:00:00+00:00,2,0.918849,0.819963,0.0,18.6802
2025-11-03 15:00:00+00:00,2,0.912907,0.814661,-0.006466,19.206
2025-11-03 16:00:00+00:00,2,0.912307,0.814126,-0.000657,19.2591
2025-11-03 17:00:00+00:00,2,0.912307,0.814126,0.0,19.2591
2025-11-03 18:00:00+00:00,2,0.912307,0.814126,0.0,19.2591
2025-11-03 19:00:00+00:00,2,0.912307,0.814126,0.0,19.2591
2025-11-03 20:00:00+00:00,2,0.912307,0.814126,0.0,19.2591
2025-11-03 21:00:00+00:00,2,0.912307,0.814126,0.0,19.2591
2025-11-03 22:00:00+00:00,2,0.912307,0.814126,0.0,19.2591
2025-11-03 23:00:00+00:00,2,0.912307,0.814126,0.0,19.2591
2025-11-04 00:00:00+00:00,2,0.912307,0.814126,0.0,19.2591
2025-11-04 01:00:00+00:00,2,0.912307,0.814126,0.0,19.2591
2025-11-04 02:00:00+00:00,2,0.912307,0.814126,0.0,19.2591
2025-11-04 03:00:00+00:00,2,0.912307,0.814126,0.0,19.2591
2025-11-04 04:00:00+00:00,2,0.912307,0.814126,0.0,19.2591
2025-11-04 05:00:00+00:00,2,0.912307,0.814126,0.0,19.2591
2025-11-04 06:00:00+00:00,2,0.912307,0.814126,0.0,19.2591
2025-11-04 07:00:00+00:00,2,0.912307,0.814126,0.0,19.2591
2025-11-04 08:00:00+00:00,2,0.912307,0.814126,0.0,19.2591
2025-11-04 09:00:00+00:00,2,0.912307,0.814126,0.0,19.2591
2025-11-04 10:00:00+00:00,2,0.912307,0.814126,0.0,19.2591
2025-11-04 11:00:00+00:00,2,0.912307,0.814126,0.0,19.2591
2025-11-04 12:00:00+00:00,2,0.912307,0.814126,0.0,19.2591
2025-11-04 13:00:00+00:00,2,0.912307,0.814126,0.0,19.2591
2025-11-04 14:00:00+00:00,2,0.912307,0.814126,0.0,19.2591
2025-11-04 15:00:00+00:00,2,0.912307,0.814126,0.0,19.2591
2025-11-04 16:00:00+00:00,2,0.912307,0.814126,0.0,19.2591
2025-11-04 17:00:00+00:00,2,0.912307,0.814126,0.0,19.2591
2025-11-04 18:00:00+00:00,2,0.912307,0.814126,0.0,19.2591
2025-11-04 19:00:00+00:00,2,0.912307,0.814126,0.0,19.2591
2025-11-04 20:00:00+00:00,2,0.912307,0.814126,0.0,19.2591
2025-11-04 21:00:00+00:00,2,0.901454,0.80444,-0.011897,20.2197
2025-11-04 22:00:00+00:00,2,0.900854,0.803904,-0.000666,20.2729
2025-11-04 23:00:00+00:00,2,0.900854,0.803904,0.0,20.2729
2025-11-05 00:00:00+00:00,2,0.900854,0.803904,0.0,20.2729
2025-11-05 01:00:00+00:00,2,0.900854,0.803904,0.0,20.2729
2025-11-05 02:00:00+00:00,2,0.900854,0.803904,0.0,20.2729
2025-11-05 03:00:00+00:00,2,0.900854,0.803904,0.0,20.2729
2025-11-05 04:00:00+00:00,2,0.900854,0.803904,0.0,20.2729
2025-11-05 05:00:00+00:00,2,0.900854,0.803904,0.0,20.2729
2025-11-05 06:00:00+00:00,2,0.900854,0.803904,0.0,20.2729
2025-11-05 07:00:00+00:00,2,0.900854,0.803904,0.0,20.2729
2025-11-05 08:00:00+00:00,2,0.900854,0.803904,0.0,20.2729
2025-11-05 09:00:00+00:00,2,0.900854,0.803904,0.0,20.2729
2025-11-05 10:00:00+00:00,2,0.900854,0.803904,0.0,20.2729
2025-11-05 11:00:00+00:00,2,0.900854,0.803904,0.0,20.2729
2025-11-05 12:00:00+00:00,2,0.900854,0.803904,0.0,20.2729
2025-11-05 13:00:00+00:00,2,0.900854,0.803904,0.0,20.2729
2025-11-05 14:00:00+00:00,2,0.900854,0.803904,0.0,20.2729
2025-11-05 15:00:00+00:00,2,0.900854,0.803904,0.0,20.2729
2025-11-05 16:00:00+00:00,2,0.900854,0.803904,0.0,20.2729
2025-11-05 17:00:00+00:00,2,0.893318,0.79718,-0.008365,20.9397
2025-11-05 18:00:00+00:00,2,0.892718,0.796644,-0.000672,20.9929
2025-11-05 19:00:00+00:00,2,0.892718,0.796644,0.0,20.9929
2025-11-05 20:00:00+00:00,2,0.892718,0.796644,0.0,20.9929
2025-11-05 21:00:00+00:00,2,0.892718,0.796644,0.0,20.9929
2025-11-05 22:00:00+00:00,2,0.892718,0.796644,0.0,20.9929
2025-11-05 23:00:00+00:00,2,0.892718,0.796644,0.0,20.9929
2025-11-06 00:00:00+00:00,2,0.892718,0.796644,0.0,20.9929
2025-11-06 01:00:00+00:00,2,0.892718,0.796644,0.0,20.9929
2025-11-06 02:00:00+00:00,2,0.892718,0.796644,0.0,20.9929
2025-11-06 03:00:00+00:00,2,0.892718,0.796644,0.0,20.9929
2025-11-06 04:00:00+00:00,2,0.892718,0.796644,0.0,20.9929
2025-11-06 05:00:00+00:00,2,0.892718,0.796644,0.0,20.9929
2025-11-06 06:00:00+00:00,2,0.892718,0.796644,0.0,20.9929
2025-11-06 07:00:00+00:00,2,0.892718,0.796644,0.0,20.9929
2025-11-06 08:00:00+00:00,2,0.892718,0.796644,0.0,20.9929
2025-11-06 09:00:00+00:00,2,0.891877,0.795893,-0.000942,21.0673
2025-11-06 10:00:00+00:00,2,0.891277,0.795358,-0.000673,21.1204
2025-11-06 11:00:00+00:00,2,0.891277,0.795358,0.0,21.1204
2025-11-06 12:00:00+00:00,2,0.891277,0.795358,0.0,21.1204
2025-11-06 13:00:00+00:00,2,0.891277,0.795358,0.0,21.1204
2025-11-06 14:00:00+00:00,2,0.891277,0.795358,0.0,21.1204
2025-11-06 15:00:00+00:00,2,0.891277,0.795358,0.0,21.1204
2025-11-06 16:00:00+00:00,2,0.891277,0.795358,0.0,21.1204
2025-11-06 17:00:00+00:00,2,0.891277,0.795358,0.0,21.1204
2025-11-06 18:00:00+00:00,2,0.891277,0.795358,0.0,21.1204
2025-11-06 19:00:00+00:00,2,0.891277,0.795358,0.0,21.1204
2025-11-06 20:00:00+00:00,2,0.891277,0.795358,0.0,21.1204
2025-11-06 21:00:00+00:00,2,0.891277,0.795358,0.0,21.1204
2025-11-06 22:00:00+00:00,2,0.891277,0.795358,0.0,21.1204
2025-11-06 23:00:00+00:00,2,0.891277,0.795358,0.0,21.1204
2025-11-07 00:00:00+00:00,2,0.891277,0.795358,0.0,21.1204
2025-11-07 01:00:00+00:00,2,0.891277,0.795358,0.0,21.1204
2025-11-07 02:00:00+00:00,2,0.891277,0.795358,0.0,21.1204
2025-11-07 03:00:00+00:00,2,0.891277,0.795358,0.0,21.1204
2025-11-07 04:00:00+00:00,2,0.891277,0.795358,0.0,21.1204
2025-11-07 05:00:00+00:00,2,0.891277,0.795358,0.0,21.1204
2025-11-07 06:00:00+00:00,2,0.891277,0.795358,0.0,21.1204
2025-11-07 07:00:00+00:00,2,0.891277,0.795358,0.0,21.1204
2025-11-07 08:00:00+00:00,2,0.891277,0.795358,0.0,21.1204
2025-11-07 09:00:00+00:00,2,0.891277,0.795358,0.0,21.1204
2025-11-07 10:00:00+00:00,2,0.891277,0.795358,0.0,21.1204
2025-11-07 11:00:00+00:00,2,0.891277,0.795358,0.0,21.1204
2025-11-07 12:00:00+00:00,2,0.891277,0.795358,0.0,21.1204
2025-11-07 13:00:00+00:00,2,0.891277,0.795358,0.0,21.1204
2025-11-07 14:00:00+00:00,2,0.891277,0.795358,0.0,21.1204
2025-11-07 15:00:00+00:00,2,0.891277,0.795358,0.0,21.1204
2025-11-07 16:00:00+00:00,2,0.891277,0.795358,0.0,21.1204
2025-11-07 17:00:00+00:00,2,0.891277,0.795358,0.0,21.1204
2025-11-07 18:00:00+00:00,2,0.891277,0.795358,0.0,21.1204
2025-11-07 19:00:00+00:00,2,0.891277,0.795358,0.0,21.1204
2025-11-07 20:00:00+00:00,2,0.891277,0.795358,0.0,21.1204
2025-11-07 21:00:00+00:00,2,0.891277,0.795358,0.0,21.1204
2025-11-07 22:00:00+00:00,2,0.891277,0.795358,0.0,21.1204
2025-11-07 23:00:00+00:00,2,0.891277,0.795358,0.0,21.1204
2025-11-08 00:00:00+00:00,2,0.891277,0.795358,0.0,21.1204
2025-11-08 01:00:00+00:00,2,0.891277,0.795358,0.0,21.1204
2025-11-08 02:00:00+00:00,2,0.891277,0.795358,0.0,21.1204
2025-11-08 03:00:00+00:00,2,0.891277,0.795358,0.0,21.1204
2025-11-08 04:00:00+00:00,2,0.891277,0.795358,0.0,21.1204
2025-11-08 05:00:00+00:00,2,0.891277,0.795358,0.0,21.1204
2025-11-08 06:00:00+00:00,2,0.891277,0.795358,0.0,21.1204
2025-11-08 07:00:00+00:00,2,0.891277,0.795358,0.0,21.1204
2025-11-08 08:00:00+00:00,2,0.891277,0.795358,0.0,21.1204
2025-11-08 09:00:00+00:00,2,0.891277,0.795358,0.0,21.1204
2025-11-08 10:00:00+00:00,2,0.891277,0.795358,0.0,21.1204
2025-11-08 11:00:00+00:00,2,0.891277,0.795358,0.0,21.1204
2025-11-08 12:00:00+00:00,2,0.891277,0.795358,0.0,21.1204
2025-11-08 13:00:00+00:00,2,0.891277,0.795358,0.0,21.1204
2025-11-08 14:00:00+00:00,2,0.891277,0.795358,0.0,21.1204
2025-11-08 15:00:00+00:00,2,0.891277,0.795358,0.0,21.1204
2025-11-08 16:00:00+00:00,2,0.891277,0.795358,0.0,21.1204
2025-11-08 17:00:00+00:00,2,0.891277,0.795358,0.0,21.1204
2025-11-08 18:00:00+00:00,2,0.891277,0.795358,0.0,21.1204
2025-11-08 19:00:00+00:00,2,0.891277,0.795358,0.0,21.1204
2025-11-08 20:00:00+00:00,2,0.892221,0.7962,0.001059,21.0369
2025-11-08 21:00:00+00:00,2,0.891621,0.795665,-0.000672,21.09
2025-11-08 22:00:00+00:00,2,0.891621,0.795665,0.0,21.09
2025-11-08 23:00:00+00:00,2,0.891621,0.795665,0.0,21.09
2025-11-09 00:00:00+00:00,2,0.891621,0.795665,0.0,21.09
2025-11-09 01:00:00+00:00,2,0.891621,0.795665,0.0,21.09
2025-11-09 02:00:00+00:00,2,0.887831,0.792283,-0.00425,21.4254
2025-11-09 03:00:00+00:00,2,0.887231,0.791748,-0.000676,21.4784
2025-11-09 04:00:00+00:00,2,0.887231,0.791748,0.0,21.4784
2025-11-09 05:00:00+00:00,2,0.887708,0.792173,0.000537,21.4363
2025-11-09 06:00:00+00:00,2,0.887108,0.791637,-0.000676,21.4894
2025-11-09 07:00:00+00:00,2,0.887108,0.791637,0.0,21.4894
2025-11-09 08:00:00+00:00,2,0.887108,0.791637,0.0,21.4894
2025-11-09 09:00:00+00:00,2,0.880673,0.785895,-0.007254,22.0589
2025-11-09 10:00:00+00:00,2,0.880073,0.78536,-0.000681,22.112
2025-11-09 11:00:00+00:00,2,0.880073,0.78536,0.0,22.112
2025-11-09 12:00:00+00:00,2,0.880073,0.78536,0.0,22.112
2025-11-09 13:00:00+00:00,2,0.880073,0.78536,0.0,22.112
2025-11-09 14:00:00+00:00,2,0.880073,0.78536,0.0,22.112
2025-11-09 15:00:00+00:00,2,0.880073,0.78536,0.0,22.112
2025-11-09 16:00:00+00:00,2,0.880073,0.78536,0.0,22.112
2025-11-09 17:00:00+00:00,2,0.880073,0.78536,0.0,22.112
2025-11-09 18:00:00+00:00,2,0.880073,0.78536,0.0,22.112
2025-11-09 19:00:00+00:00,2,0.880073,0.78536,0.0,22.112
2025-11-09 20:00:00+00:00,2,0.880073,0.78536,0.0,22.112
2025-11-09 21:00:00+00:00,2,0.880073,0.78536,0.0,22.112
2025-11-09 22:00:00+00:00,2,0.880073,0.78536,0.0,22.112
2025-11-09 23:00:00+00:00,2,0.880073,0.78536,0.0,22.112
2025-11-10 00:00:00+00:00,2,0.880073,0.78536,0.0,22.112
2025-11-10 01:00:00+00:00,2,0.880073,0.78536,0.0,22.112
2025-11-10 02:00:00+00:00,2,0.880073,0.78536,0.0,22.112
2025-11-10 03:00:00+00:00,2,0.880073,0.78536,0.0,22.112
2025-11-10 04:00:00+00:00,2,0.880073,0.78536,0.0,22.112
2025-11-10 05:00:00+00:00,2,0.880073,0.78536,0.0,22.112
2025-11-10 06:00:00+00:00,2,0.880073,0.78536,0.0,22.112
2025-11-10 07:00:00+00:00,2,0.880073,0.78536,0.0,22.112
2025-11-10 08:00:00+00:00,2,0.880073,0.78536,0.0,22.112
2025-11-10 09:00:00+00:00,2,0.880073,0.78536,0.0,22.112
2025-11-10 10:00:00+00:00,2,0.880073,0.78536,0.0,22.112
2025-11-10 11:00:00+00:00,2,0.880073,0.78536,0.0,22.112
2025-11-10 12:00:00+00:00,2,0.880073,0.78536,0.0,22.112
2025-11-10 13:00:00+00:00,2,0.880073,0.78536,0.0,22.112
2025-11-10 14:00:00+00:00,2,0.880073,0.78536,0.0,22.112
2025-11-10 15:00:00+00:00,2,0.880073,0.78536,0.0,22.112
2025-11-10 16:00:00+00:00,2,0.880073,0.78536,0.0,22.112
2025-11-10 17:00:00+00:00,2,0.880073,0.78536,0.0,22.112
2025-11-10 18:00:00+00:00,2,0.880073,0.78536,0.0,22.112
2025-11-10 19:00:00+00:00,2,0.880073,0.78536,0.0,22.112
2025-11-10 20:00:00+00:00,2,0.880073,0.78536,0.0,22.112
2025-11-10 21:00:00+00:00,2,0.880073,0.78536,0.0,22.112
2025-11-10 22:00:00+00:00,2,0.880073,0.78536,0.0,22.112
2025-11-10 23:00:00+00:00,2,0.880073,0.78536,0.0,22.112
2025-11-11 00:00:00+00:00,2,0.880073,0.78536,0.0,22.112
2025-11-11 01:00:00+00:00,2,0.880073,0.78536,0.0,22.112
2025-11-11 02:00:00+00:00,2,0.880073,0.78536,0.0,22.112
2025-11-11 03:00:00+00:00,2,0.880073,0.78536,0.0,22.112
2025-11-11 04:00:00+00:00,2,0.880073,0.78536,0.0,22.112
2025-11-11 05:00:00+00:00,2,0.880073,0.78536,0.0,22.112
2025-11-11 06:00:00+00:00,2,0.880073,0.78536,0.0,22.112
2025-11-11 07:00:00+00:00,2,0.880073,0.78536,0.0,22.112
2025-11-11 08:00:00+00:00,2,0.880073,0.78536,0.0,22.112
2025-11-11 09:00:00+00:00,2,0.880073,0.78536,0.0,22.112
2025-11-11 10:00:00+00:00,2,0.888221,0.792631,0.009259,21.3908
2025-11-11 11:00:00+00:00,2,0.887621,0.792096,-0.000676,21.4439
2025-11-11 12:00:00+00:00,2,0.887621,0.792096,0.0,21.4439
2025-11-11 13:00:00+00:00,2,0.888808,0.793155,0.001337,21.3389
2025-11-11 14:00:00+00:00,2,0.888208,0.792619,-0.000675,21.392
2025-11-11 15:00:00+00:00,2,0.888208,0.792619,0.0,21.392
2025-11-11 16:00:00+00:00,2,0.888208,0.792619,0.0,21.392
2025-11-11 17:00:00+00:00,2,0.888208,0.792619,0.0,21.392
2025-11-11 18:00:00+00:00,2,0.888208,0.792619,0.0,21.392
2025-11-11 19:00:00+00:00,2,0.888208,0.792619,0.0,21.392
2025-11-11 20:00:00+00:00,2,0.888208,0.792619,0.0,21.392
2025-11-11 21:00:00+00:00,2,0.888208,0.792619,0.0,21.392
2025-11-11 22:00:00+00:00,2,0.888208,0.792619,0.0,21.392
2025-11-11 23:00:00+00:00,2,0.888208,0.792619,0.0,21.392
2025-11-12 00:00:00+00:00,2,0.888208,0.792619,0.0,21.392
2025-11-12 01:00:00+00:00,2,0.888208,0.792619,0.0,21.392
2025-11-12 02:00:00+00:00,2,0.888208,0.792619,0.0,21.392
2025-11-12 03:00:00+00:00,2,0.888208,0.792619,0.0,21.392
2025-11-12 04:00:00+00:00,2,0.886187,0.790816,-0.002275,21.5709
2025-11-12 05:00:00+00:00,2,0.879804,0.78512,-0.007203,22.1358
2025-11-12 06:00:00+00:00,2,0.879204,0.784584,-0.000682,22.1889
2025-11-12 07:00:00+00:00,2,0.88183,0.786927,0.002986,21.9565
2025-11-12 08:00:00+00:00,2,0.877575,0.78313,-0.004825,22.3331
2025-11-12 09:00:00+00:00,2,0.865932,0.77274,-0.013268,23.3635
2025-11-12 10:00:00+00:00,2,0.863276,0.77037,-0.003067,23.5986
2025-11-12 11:00:00+00:00,2,0.863676,0.770726,0.000463,23.5633
2025-11-12 12:00:00+00:00,2,0.859983,0.767431,-0.004275,23.8901
2025-11-12 13:00:00+00:00,2,0.861979,0.769212,0.00232,23.7134
2025-11-12 14:00:00+00:00,2,0.857221,0.764966,-0.00552,24.1345
2025-11-12 15:00:00+00:00,2,0.856444,0.764273,-0.000906,24.2033
2025-11-12 16:00:00+00:00,2,0.851268,0.759653,-0.006044,24.6614
2025-11-12 17:00:00+00:00,2,0.844039,0.753203,-0.008492,25.3011
2025-11-12 18:00:00+00:00,2,0.843093,0.752359,-0.00112,25.3848
2025-11-12 19:00:00+00:00,2,0.854587,0.762616,0.013633,24.3676
2025-11-12 20:00:00+00:00,2,0.856833,0.76462,0.002628,24.1688
2025-11-12 21:00:00+00:00,2,0.858737,0.766319,0.002222,24.0003
2025-11-12 22:00:00+00:00,2,0.858137,0.765783,-0.000699,24.0535
2025-11-12 23:00:00+00:00,2,0.850674,0.759123,-0.008697,24.714
2025-11-13 00:00:00+00:00,2,0.856962,0.764735,0.007392,24.1574
2025-11-13 01:00:00+00:00,2,0.844428,0.75355,-0.014626,25.2667
2025-11-13 02:00:00+00:00,2,0.850531,0.758995,0.007226,24.7267
2025-11-13 03:00:00+00:00,2,0.851609,0.759957,0.001268,24.6313
2025-11-13 04:00:00+00:00,2,0.846366,0.755278,-0.006157,25.0953
2025-11-13 05:00:00+00:00,2,0.851335,0.759712,0.005871,24.6556
2025-11-13 06:00:00+00:00,2,0.855816,0.763712,0.005264,24.2589
2025-11-13 07:00:00+00:00,2,0.855216,0.763176,-0.000701,24.312
2025-11-13 08:00:00+00:00,2,0.855216,0.763176,0.0,24.312
2025-11-13 09:00:00+00:00,2,0.855216,0.763176,0.0,24.312
2025-11-13 10:00:00+00:00,2,0.855216,0.763176,0.0,24.312
2025-11-13 11:00:00+00:00,2,0.855216,0.763176,0.0,24.312
2025-11-13 12:00:00+00:00,2,0.856506,0.764328,0.001509,24.1978
2025-11-13 13:00:00+00:00,2,0.852745,0.760972,-0.004391,24.5306
2025-11-13 14:00:00+00:00,2,0.851834,0.760159,-0.001068,24.6113
2025-11-13 15:00:00+00:00,2,0.853112,0.761299,0.0015,24.4982
2025-11-13 16:00:00+00:00,2,0.852512,0.760764,-0.000703,24.5513
2025-11-13 17:00:00+00:00,2,0.852512,0.760764,0.0,24.5513
2025-11-13 18:00:00+00:00,2,0.852512,0.760764,0.0,24.5513
2025-11-13 19:00:00+00:00,2,0.852512,0.760764,0.0,24.5513
2025-11-13 20:00:00+00:00,2,0.852512,0.760764,0.0,24.5513
2025-11-13 21:00:00+00:00,2,0.852512,0.760764,0.0,24.5513
2025-11-13 22:00:00+00:00,2,0.852512,0.760764,0.0,24.5513
2025-11-13 23:00:00+00:00,2,0.85027,0.758763,-0.00263,24.7497
2025-11-14 00:00:00+00:00,2,0.84967,0.758228,-0.000706,24.8028
2025-11-14 01:00:00+00:00,2,0.84967,0.758228,0.0,24.8028
2025-11-14 02:00:00+00:00,2,0.84967,0.758228,0.0,24.8028
2025-11-14 03:00:00+00:00,2,0.84967,0.758228,0.0,24.8028
2025-11-14 04:00:00+00:00,2,0.84967,0.758228,0.0,24.8028
2025-11-14 05:00:00+00:00,2,0.84967,0.758228,0.0,24.8028
2025-11-14 06:00:00+00:00,2,0.84967,0.758228,0.0,24.8028
2025-11-14 07:00:00+00:00,2,0.84967,0.758228,0.0,24.8028
2025-11-14 08:00:00+00:00,2,0.84967,0.758228,0.0,24.8028
2025-11-14 09:00:00+00:00,2,0.84967,0.758228,0.0,24.8028
2025-11-14 10:00:00+00:00,2,0.84967,0.758228,0.0,24.8028
2025-11-14 11:00:00+00:00,2,0.84967,0.758228,0.0,24.8028
2025-11-14 12:00:00+00:00,2,0.84967,0.758228,0.0,24.8028
2025-11-14 13:00:00+00:00,2,0.84967,0.758228,0.0,24.8028
2025-11-14 14:00:00+00:00,2,0.84967,0.758228,0.0,24.8028
2025-11-14 15:00:00+00:00,2,0.84967,0.758228,0.0,24.8028
2025-11-14 16:00:00+00:00,2,0.84967,0.758228,0.0,24.8028
2025-11-14 17:00:00+00:00,2,0.84967,0.758228,0.0,24.8028
2025-11-14 18:00:00+00:00,2,0.84967,0.758228,0.0,24.8028
2025-11-14 19:00:00+00:00,2,0.84967,0.758228,0.0,24.8028
2025-11-14 20:00:00+00:00,2,0.84967,0.758228,0.0,24.8028
2025-11-14 21:00:00+00:00,2,0.84967,0.758228,0.0,24.8028
2025-11-14 22:00:00+00:00,2,0.84967,0.758228,0.0,24.8028
2025-11-14 23:00:00+00:00,2,0.84967,0.758228,0.0,24.8028
2025-11-15 00:00:00+00:00,2,0.84967,0.758228,0.0,24.8028
2025-11-15 01:00:00+00:00,2,0.84967,0.758228,0.0,24.8028
2025-11-15 02:00:00+00:00,2,0.84967,0.758228,0.0,24.8028
2025-11-15 03:00:00+00:00,2,0.855228,0.763187,0.006541,24.311
2025-11-15 04:00:00+00:00,2,0.855937,0.76382,0.000829,24.2482
2025-11-15 05:00:00+00:00,2,0.865276,0.772155,0.010912,23.4216
2025-11-15 06:00:00+00:00,2,0.864676,0.771619,-0.000693,23.4747
2025-11-15 07:00:00+00:00,2,0.864676,0.771619,0.0,23.4747
2025-11-15 08:00:00+00:00,2,0.864676,0.771619,0.0,23.4747
2025-11-15 09:00:00+00:00,2,0.864676,0.771619,0.0,23.4747
2025-11-15 10:00:00+00:00,2,0.864676,0.771619,0.0,23.4747
2025-11-15 11:00:00+00:00,2,0.864676,0.771619,0.0,23.4747
2025-11-15 12:00:00+00:00,2,0.864676,0.771619,0.0,23.4747
2025-11-15 13:00:00+00:00,2,0.864676,0.771619,0.0,23.4747
2025-11-15 14:00:00+00:00,2,0.864676,0.771619,0.0,23.4747
2025-11-15 15:00:00+00:00,2,0.864676,0.771619,0.0,23.4747
2025-11-15 16:00:00+00:00,2,0.864676,0.771619,0.0,23.4747
2025-11-15 17:00:00+00:00,2,0.864676,0.771619,0.0,23.4747
2025-11-15 18:00:00+00:00,2,0.864676,0.771619,0.0,23.4747
2025-11-15 19:00:00+00:00,2,0.864676,0.771619,0.0,23.4747
2025-11-15 20:00:00+00:00,2,0.864676,0.771619,0.0,23.4747
2025-11-15 21:00:00+00:00,2,0.864676,0.771619,0.0,23.4747
2025-11-15 22:00:00+00:00,2,0.864676,0.771619,0.0,23.4747
2025-11-15 23:00:00+00:00,2,0.864676,0.771619,0.0,23.4747
2025-11-16 00:00:00+00:00,2,0.864676,0.771619,0.0,23.4747
2025-11-16 01:00:00+00:00,2,0.864676,0.771619,0.0,23.4747
2025-11-16 02:00:00+00:00,2,0.864676,0.771619,0.0,23.4747
2025-11-16 03:00:00+00:00,2,0.864676,0.771619,0.0,23.4747
2025-11-16 04:00:00+00:00,2,0.864676,0.771619,0.0,23.4747
2025-11-16 05:00:00+00:00,2,0.864676,0.771619,0.0,23.4747
2025-11-16 06:00:00+00:00,2,0.859806,0.767273,-0.005633,23.9057
2025-11-16 07:00:00+00:00,2,0.851853,0.760176,-0.009249,24.6096
2025-11-16 08:00:00+00:00,2,0.851635,0.759982,-0.000256,24.6288
2025-11-16 09:00:00+00:00,2,0.844502,0.753617,-0.008375,25.2601
2025-11-16 10:00:00+00:00,2,0.845809,0.754784,0.001548,25.1443
2025-11-16 11:00:00+00:00,2,0.840465,0.750015,-0.006318,25.6173
2025-11-16 12:00:00+00:00,2,0.848535,0.757217,0.009602,24.903
2025-11-16 13:00:00+00:00,2,0.855172,0.763139,0.007821,24.3157
2025-11-16 14:00:00+00:00,2,0.856859,0.764644,0.001973,24.1665
2025-11-16 15:00:00+00:00,2,0.858594,0.766192,0.002024,24.0129
2025-11-16 16:00:00+00:00,2,0.857964,0.76563,-0.000734,24.0687
2025-11-16 17:00:00+00:00,2,0.85797,0.765636,8e-06,24.0681
2025-11-16 18:00:00+00:00,2,0.857577,0.765284,-0.000459,24.103
2025-11-16 19:00:00+00:00,2,0.856977,0.764749,-0.0007,24.156
2025-11-16 20:00:00+00:00,2,0.870914,0.777186,0.016263,22.9226
2025-11-16 21:00:00+00:00,2,0.870314,0.77665,-0.000689,22.9758
2025-11-16 22:00:00+00:00,2,0.867461,0.774104,-0.003278,23.2283
2025-11-16 23:00:00+00:00,2,0.866861,0.773569,-0.000692,23.2813
2025-11-17 00:00:00+00:00,2,0.866861,0.773569,0.0,23.2813
2025-11-17 01:00:00+00:00,2,0.866861,0.773569,0.0,23.2813
2025-11-17 02:00:00+00:00,2,0.866861,0.773569,0.0,23.2813
2025-11-17 03:00:00+00:00,2,0.866861,0.773569,0.0,23.2813
2025-11-17 04:00:00+00:00,2,0.866861,0.773569,0.0,23.2813
2025-11-17 05:00:00+00:00,2,0.866861,0.773569,0.0,23.2813
2025-11-17 06:00:00+00:00,2,0.866481,0.77323,-0.000438,23.3149
2025-11-17 07:00:00+00:00,2,0.865881,0.772695,-0.000692,23.368
2025-11-17 08:00:00+00:00,2,0.865881,0.772695,0.0,23.368
2025-11-17 09:00:00+00:00,2,0.865881,0.772695,0.0,23.368
2025-11-17 10:00:00+00:00,2,0.865881,0.772695,0.0,23.368
2025-11-17 11:00:00+00:00,2,0.865881,0.772695,0.0,23.368
2025-11-17 12:00:00+00:00,2,0.865881,0.772695,0.0,23.368
2025-11-17 13:00:00+00:00,2,0.865881,0.772695,0.0,23.368
2025-11-17 14:00:00+00:00,2,0.865881,0.772695,0.0,23.368
2025-11-17 15:00:00+00:00,2,0.865881,0.772695,0.0,23.368
2025-11-17 16:00:00+00:00,2,0.865881,0.772695,0.0,23.368
2025-11-17 17:00:00+00:00,2,0.865881,0.772695,0.0,23.368
2025-11-17 18:00:00+00:00,2,0.865881,0.772695,0.0,23.368
2025-11-17 19:00:00+00:00,2,0.8682,0.774765,0.002679,23.1627
2025-11-17 20:00:00+00:00,2,0.851523,0.759882,-0.019209,24.6387
2025-11-17 21:00:00+00:00,2,0.850923,0.759347,-0.000705,24.6918
2025-11-17 22:00:00+00:00,2,0.850923,0.759347,0.0,24.6918
2025-11-17 23:00:00+00:00,2,0.850923,0.759347,0.0,24.6918
2025-11-18 00:00:00+00:00,2,0.846957,0.755807,-0.004661,25.0429
2025-11-18 01:00:00+00:00,2,0.852982,0.761184,0.007114,24.5096
2025-11-18 02:00:00+00:00,2,0.852382,0.760649,-0.000703,24.5627
2025-11-18 03:00:00+00:00,2,0.852382,0.760649,0.0,24.5627
2025-11-18 04:00:00+00:00,2,0.861896,0.769139,0.011162,23.7207
2025-11-18 05:00:00+00:00,2,0.861296,0.768604,-0.000696,23.7737
2025-11-18 06:00:00+00:00,2,0.861296,0.768604,0.0,23.7737
2025-11-18 07:00:00+00:00,2,0.861296,0.768604,0.0,23.7737
2025-11-18 08:00:00+00:00,2,0.861296,0.768604,0.0,23.7737
2025-11-18 09:00:00+00:00,2,0.861296,0.768604,0.0,23.7737
2025-11-18 10:00:00+00:00,2,0.861296,0.768604,0.0,23.7737
2025-11-18 11:00:00+00:00,2,0.861296,0.768604,0.0,23.7737
2025-11-18 12:00:00+00:00,2,0.863929,0.770954,0.003057,23.5407
2025-11-18 13:00:00+00:00,2,0.863329,0.770418,-0.000695,23.5938
2025-11-18 14:00:00+00:00,2,0.863329,0.770418,0.0,23.5938
2025-11-18 15:00:00+00:00,2,0.861335,0.768638,-0.00231,23.7704
2025-11-18 16:00:00+00:00,2,0.860735,0.768103,-0.000697,23.8234
2025-11-18 17:00:00+00:00,2,0.860735,0.768103,0.0,23.8234
2025-11-18 18:00:00+00:00,2,0.860735,0.768103,0.0,23.8234
2025-11-18 19:00:00+00:00,2,0.860735,0.768103,0.0,23.8234
2025-11-18 20:00:00+00:00,2,0.860735,0.768103,0.0,23.8234
2025-11-18 21:00:00+00:00,2,0.860735,0.768103,0.0,23.8234
2025-11-18 22:00:00+00:00,2,0.860735,0.768103,0.0,23.8234
2025-11-18 23:00:00+00:00,2,0.860735,0.768103,0.0,23.8234
2025-11-19 00:00:00+00:00,2,0.860735,0.768103,0.0,23.8234
2025-11-19 01:00:00+00:00,2,0.860735,0.768103,0.0,23.8234
2025-11-19 02:00:00+00:00,2,0.860735,0.768103,0.0,23.8234
2025-11-19 03:00:00+00:00,2,0.867855,0.774456,0.008272,23.1934
2025-11-19 04:00:00+00:00,2,0.867255,0.773921,-0.000691,23.2464
2025-11-19 05:00:00+00:00,2,0.873137,0.779171,0.006783,22.7257
2025-11-19 06:00:00+00:00,2,0.870783,0.777069,-0.002697,22.9342
2025-11-19 07:00:00+00:00,2,0.854728,0.762742,-0.018437,24.3551
2025-11-19 08:00:00+00:00,2,0.858493,0.766102,0.004405,24.0219
2025-11-19 09:00:00+00:00,2,0.860812,0.768171,0.0027,23.8167
2025-11-19 10:00:00+00:00,2,0.862232,0.769438,0.00165,23.691
2025-11-19 11:00:00+00:00,2,0.856092,0.763959,-0.007121,24.2344
2025-11-19 12:00:00+00:00,2,0.840768,0.750284,-0.0179,25.5906
2025-11-19 13:00:00+00:00,2,0.836707,0.74666,-0.00483,25.95
2025-11-19 14:00:00+00:00,2,0.822347,0.733845,-0.017163,27.2209
2025-11-19 15:00:00+00:00,2,0.821747,0.73331,-0.00073,27.274
2025-11-19 16:00:00+00:00,2,0.817235,0.729284,-0.00549,27.6733
2025-11-19 17:00:00+00:00,2,0.826923,0.737929,0.011854,26.8159
2025-11-19 18:00:00+00:00,2,0.826323,0.737393,-0.000726,26.8691
2025-11-19 19:00:00+00:00,2,0.832935,0.743294,0.008002,26.2838
2025-11-19 20:00:00+00:00,2,0.814111,0.726496,-0.022599,27.9498
2025-11-19 21:00:00+00:00,2,0.833618,0.743903,0.023961,26.2234
2025-11-19 22:00:00+00:00,2,0.833201,0.743531,-0.000501,26.2603
2025-11-19 23:00:00+00:00,2,0.832601,0.742995,-0.00072,26.3135
2025-11-20 00:00:00+00:00,2,0.832601,0.742995,0.0,26.3135
2025-11-20 01:00:00+00:00,2,0.832601,0.742995,0.0,26.3135
2025-11-20 02:00:00+00:00,2,0.838011,0.747823,0.006498,25.8347
2025-11-20 03:00:00+00:00,2,0.837411,0.747288,-0.000716,25.8877
2025-11-20 04:00:00+00:00,2,0.845201,0.754239,0.009302,25.1984
2025-11-20 05:00:00+00:00,2,0.844601,0.753704,-0.00071,25.2514
2025-11-20 06:00:00+00:00,2,0.848327,0.757029,0.004412,24.9217
2025-11-20 07:00:00+00:00,2,0.847727,0.756494,-0.000707,24.9747
2025-11-20 08:00:00+00:00,2,0.847727,0.756494,0.0,24.9747
2025-11-20 09:00:00+00:00,2,0.847727,0.756494,0.0,24.9747
2025-11-20 10:00:00+00:00,2,0.847469,0.756264,-0.000304,24.9975
2025-11-20 11:00:00+00:00,2,0.846869,0.755728,-0.000708,25.0507
2025-11-20 12:00:00+00:00,2,0.846869,0.755728,0.0,25.0507
2025-11-20 13:00:00+00:00,2,0.846869,0.755728,0.0,25.0507
2025-11-20 14:00:00+00:00,2,0.846869,0.755728,0.0,25.0507
2025-11-20 15:00:00+00:00,2,0.846869,0.755728,0.0,25.0507
2025-11-20 16:00:00+00:00,2,0.850371,0.758853,0.004135,24.7408
2025-11-20 17:00:00+00:00,2,0.849771,0.758318,-0.000706,24.7938
2025-11-20 18:00:00+00:00,2,0.849818,0.758359,5.5e-05,24.7898
2025-11-20 19:00:00+00:00,2,0.849218,0.757824,-0.000706,24.8428
2025-11-20 20:00:00+00:00,2,0.849218,0.757824,0.0,24.8428
2025-11-20 21:00:00+00:00,2,0.852753,0.760978,0.004162,24.53
2025-11-20 22:00:00+00:00,2,0.852153,0.760442,-0.000704,24.5832
2025-11-20 23:00:00+00:00,2,0.852616,0.760856,0.000544,24.5421
2025-11-21 00:00:00+00:00,2,0.852016,0.76032,-0.000704,24.5953
2025-11-21 01:00:00+00:00,2,0.852016,0.76032,0.0,24.5953
2025-11-21 02:00:00+00:00,2,0.85078,0.759217,-0.001451,24.7047
2025-11-21 03:00:00+00:00,2,0.85018,0.758682,-0.000705,24.7577
2025-11-21 04:00:00+00:00,2,0.846253,0.755178,-0.004619,25.1052
2025-11-21 05:00:00+00:00,2,0.845653,0.754642,-0.000709,25.1584
2025-11-21 06:00:00+00:00,2,0.845653,0.754642,0.0,25.1584
2025-11-21 07:00:00+00:00,2,0.845653,0.754642,0.0,25.1584
2025-11-21 08:00:00+00:00,2,0.845653,0.754642,0.0,25.1584
2025-11-21 09:00:00+00:00,2,0.845653,0.754642,0.0,25.1584
2025-11-21 10:00:00+00:00,2,0.845653,0.754642,0.0,25.1584
2025-11-21 11:00:00+00:00,2,0.845653,0.754642,0.0,25.1584
2025-11-21 12:00:00+00:00,2,0.845653,0.754642,0.0,25.1584
2025-11-21 13:00:00+00:00,2,0.845653,0.754642,0.0,25.1584
2025-11-21 14:00:00+00:00,2,0.845653,0.754642,0.0,25.1584
2025-11-21 15:00:00+00:00,2,0.845653,0.754642,0.0,25.1584
2025-11-21 16:00:00+00:00,2,0.845653,0.754642,0.0,25.1584
2025-11-21 17:00:00+00:00,2,0.845653,0.754642,0.0,25.1584
2025-11-21 18:00:00+00:00,2,0.845653,0.754642,0.0,25.1584
2025-11-21 19:00:00+00:00,2,0.845653,0.754642,0.0,25.1584
2025-11-21 20:00:00+00:00,2,0.845653,0.754642,0.0,25.1584
2025-11-21 21:00:00+00:00,2,0.845653,0.754642,0.0,25.1584
2025-11-21 22:00:00+00:00,2,0.845653,0.754642,0.0,25.1584
2025-11-21 23:00:00+00:00,2,0.845653,0.754642,0.0,25.1584
2025-11-22 00:00:00+00:00,2,0.845653,0.754642,0.0,25.1584
2025-11-22 01:00:00+00:00,2,0.845653,0.754642,0.0,25.1584
2025-11-22 02:00:00+00:00,2,0.845653,0.754642,0.0,25.1584
2025-11-22 03:00:00+00:00,2,0.845653,0.754642,0.0,25.1584
2025-11-22 04:00:00+00:00,2,0.845653,0.754642,0.0,25.1584
2025-11-22 05:00:00+00:00,2,0.845653,0.754642,0.0,25.1584
2025-11-22 06:00:00+00:00,2,0.848247,0.756957,0.003068,24.9288
2025-11-22 07:00:00+00:00,2,0.847647,0.756422,-0.000707,24.9819
2025-11-22 08:00:00+00:00,2,0.847647,0.756422,0.0,24.9819
2025-11-22 09:00:00+00:00,2,0.847647,0.756422,0.0,24.9819
2025-11-22 10:00:00+00:00,2,0.854175,0.762247,0.007701,24.4042
2025-11-22 11:00:00+00:00,2,0.853575,0.761712,-0.000702,24.4572
2025-11-22 12:00:00+00:00,2,0.853575,0.761712,0.0,24.4572
2025-11-22 13:00:00+00:00,2,0.853575,0.761712,0.0,24.4572
2025-11-22 14:00:00+00:00,2,0.853575,0.761712,0.0,24.4572
2025-11-22 15:00:00+00:00,2,0.853575,0.761712,0.0,24.4572
2025-11-22 16:00:00+00:00,2,0.853575,0.761712,0.0,24.4572
2025-11-22 17:00:00+00:00,2,0.853575,0.761712,0.0,24.4572
2025-11-22 18:00:00+00:00,2,0.853575,0.761712,0.0,24.4572
2025-11-22 19:00:00+00:00,2,0.853575,0.761712,0.0,24.4572
2025-11-22 20:00:00+00:00,2,0.853575,0.761712,0.0,24.4572
2025-11-22 21:00:00+00:00,2,0.853575,0.761712,0.0,24.4572
2025-11-22 22:00:00+00:00,2,0.853575,0.761712,0.0,24.4572
2025-11-22 23:00:00+00:00,2,0.853575,0.761712,0.0,24.4572
2025-11-23 00:00:00+00:00,2,0.853575,0.761712,0.0,24.4572
2025-11-23 01:00:00+00:00,2,0.853575,0.761712,0.0,24.4572
2025-11-23 02:00:00+00:00,2,0.853575,0.761712,0.0,24.4572
2025-11-23 03:00:00+00:00,2,0.853575,0.761712,0.0,24.4572
2025-11-23 04:00:00+00:00,2,0.853575,0.761712,0.0,24.4572
2025-11-23 05:00:00+00:00,2,0.853575,0.761712,0.0,24.4572
2025-11-23 06:00:00+00:00,2,0.853575,0.761712,0.0,24.4572
2025-11-23 07:00:00+00:00,2,0.854692,0.762709,0.001308,24.3584
2025-11-23 08:00:00+00:00,2,0.854092,0.762173,-0.000702,24.4115
2025-11-23 09:00:00+00:00,2,0.858536,0.766139,0.005203,24.0182
2025-11-23 10:00:00+00:00,2,0.857936,0.765603,-0.000699,24.0714
2025-11-23 11:00:00+00:00,2,0.857936,0.765603,0.0,24.0714
2025-11-23 12:00:00+00:00,2,0.857936,0.765603,0.0,24.0714
2025-11-23 13:00:00+00:00,2,0.857936,0.765603,0.0,24.0714
2025-11-23 14:00:00+00:00,2,0.857936,0.765603,0.0,24.0714
2025-11-23 15:00:00+00:00,2,0.857936,0.765603,0.0,24.0714
2025-11-23 16:00:00+00:00,2,0.857936,0.765603,0.0,24.0714
2025-11-23 17:00:00+00:00,2,0.857936,0.765603,0.0,24.0714
2025-11-23 18:00:00+00:00,2,0.857936,0.765603,0.0,24.0714
2025-11-23 19:00:00+00:00,2,0.857936,0.765603,0.0,24.0714
2025-11-23 20:00:00+00:00,2,0.857936,0.765603,0.0,24.0714
2025-11-23 21:00:00+00:00,2,0.858641,0.766232,0.000821,24.009
2025-11-23 22:00:00+00:00,2,0.858041,0.765696,-0.000699,24.0621
2025-11-23 23:00:00+00:00,2,0.858041,0.765696,0.0,24.0621
2025-11-24 00:00:00+00:00,2,0.858041,0.765696,0.0,24.0621
2025-11-24 01:00:00+00:00,2,0.862374,0.769563,0.00505,23.6786
2025-11-24 02:00:00+00:00,2,0.861774,0.769027,-0.000696,23.7318
2025-11-24 03:00:00+00:00,2,0.861774,0.769027,0.0,23.7318
2025-11-24 04:00:00+00:00,2,0.861774,0.769027,0.0,23.7318
2025-11-24 05:00:00+00:00,2,0.861774,0.769027,0.0,23.7318
2025-11-24 06:00:00+00:00,2,0.861774,0.769027,0.0,23.7318
2025-11-24 07:00:00+00:00,2,0.861774,0.769027,0.0,23.7318
2025-11-24 08:00:00+00:00,2,0.861774,0.769027,0.0,23.7318
2025-11-24 09:00:00+00:00,2,0.862264,0.769465,0.000569,23.6883
2025-11-24 10:00:00+00:00,2,0.861664,0.768929,-0.000696,23.7415
2025-11-24 11:00:00+00:00,2,0.861664,0.768929,0.0,23.7415
2025-11-24 12:00:00+00:00,2,0.861664,0.768929,0.0,23.7415
2025-11-24 13:00:00+00:00,2,0.861664,0.768929,0.0,23.7415
2025-11-24 14:00:00+00:00,2,0.861664,0.768929,0.0,23.7415
2025-11-24 15:00:00+00:00,2,0.861664,0.768929,0.0,23.7415
2025-11-24 16:00:00+00:00,2,0.861664,0.768929,0.0,23.7415
2025-11-24 17:00:00+00:00,2,0.861664,0.768929,0.0,23.7415
2025-11-24 18:00:00+00:00,2,0.861664,0.768929,0.0,23.7415
2025-11-24 19:00:00+00:00,2,0.861664,0.768929,0.0,23.7415
2025-11-24 20:00:00+00:00,2,0.86184,0.769086,0.000204,23.7259
2025-11-24 21:00:00+00:00,2,0.870183,0.776532,0.009681,22.9875
2025-11-24 22:00:00+00:00,2,0.869583,0.775996,-0.00069,23.0406
2025-11-24 23:00:00+00:00,2,0.869583,0.775996,0.0,23.0406
2025-11-25 00:00:00+00:00,2,0.869583,0.775996,0.0,23.0406
2025-11-25 01:00:00+00:00,2,0.869583,0.775996,0.0,23.0406
2025-11-25 02:00:00+00:00,2,0.869583,0.775996,0.0,23.0406
2025-11-25 03:00:00+00:00,2,0.869583,0.775996,0.0,23.0406
2025-11-25 04:00:00+00:00,2,0.869583,0.775996,0.0,23.0406
2025-11-25 05:00:00+00:00,2,0.869583,0.775996,0.0,23.0406
2025-11-25 06:00:00+00:00,2,0.869583,0.775996,0.0,23.0406
2025-11-25 07:00:00+00:00,2,0.869583,0.775996,0.0,23.0406
2025-11-25 08:00:00+00:00,2,0.869583,0.775996,0.0,23.0406
2025-11-25 09:00:00+00:00,2,0.869583,0.775996,0.0,23.0406
2025-11-25 10:00:00+00:00,2,0.869583,0.775996,0.0,23.0406
2025-11-25 11:00:00+00:00,2,0.869583,0.775996,0.0,23.0406
2025-11-25 12:00:00+00:00,2,0.869583,0.775996,0.0,23.0406
2025-11-25 13:00:00+00:00,2,0.869583,0.775996,0.0,23.0406
2025-11-25 14:00:00+00:00,2,0.869583,0.775996,0.0,23.0406
2025-11-25 15:00:00+00:00,2,0.869583,0.775996,0.0,23.0406
2025-11-25 16:00:00+00:00,2,0.869583,0.775996,0.0,23.0406
2025-11-25 17:00:00+00:00,2,0.869583,0.775996,0.0,23.0406
2025-11-25 18:00:00+00:00,2,0.869583,0.775996,0.0,23.0406
2025-11-25 19:00:00+00:00,2,0.868379,0.774922,-0.001384,23.1471
2025-11-25 20:00:00+00:00,2,0.869992,0.776361,0.001857,23.0044
2025-11-25 21:00:00+00:00,2,0.869392,0.775825,-0.00069,23.0576
2025-11-25 22:00:00+00:00,2,0.869392,0.775825,0.0,23.0576
2025-11-25 23:00:00+00:00,2,0.869392,0.775825,0.0,23.0576
2025-11-26 00:00:00+00:00,2,0.869392,0.775825,0.0,23.0576
2025-11-26 01:00:00+00:00,2,0.869392,0.775825,0.0,23.0576
2025-11-26 02:00:00+00:00,2,0.869392,0.775825,0.0,23.0576
2025-11-26 03:00:00+00:00,2,0.869392,0.775825,0.0,23.0576
2025-11-26 04:00:00+00:00,2,0.869392,0.775825,0.0,23.0576
2025-11-26 05:00:00+00:00,2,0.869392,0.775825,0.0,23.0576
2025-11-26 06:00:00+00:00,2,0.869392,0.775825,0.0,23.0576
2025-11-26 07:00:00+00:00,2,0.869392,0.775825,0.0,23.0576
2025-11-26 08:00:00+00:00,2,0.869392,0.775825,0.0,23.0576
2025-11-26 09:00:00+00:00,2,0.869392,0.775825,0.0,23.0576
2025-11-26 10:00:00+00:00,2,0.869392,0.775825,0.0,23.0576
2025-11-26 11:00:00+00:00,2,0.869392,0.775825,0.0,23.0576
2025-11-26 12:00:00+00:00,2,0.869392,0.775825,0.0,23.0576
2025-11-26 13:00:00+00:00,2,0.869392,0.775825,0.0,23.0576
2025-11-26 14:00:00+00:00,2,0.869392,0.775825,0.0,23.0576
2025-11-26 15:00:00+00:00,2,0.869392,0.775825,0.0,23.0576
2025-11-26 16:00:00+00:00,2,0.869392,0.775825,0.0,23.0576
2025-11-26 17:00:00+00:00,2,0.869392,0.775825,0.0,23.0576
2025-11-26 18:00:00+00:00,2,0.869392,0.775825,0.0,23.0576
2025-11-26 19:00:00+00:00,2,0.869392,0.775825,0.0,23.0576
2025-11-26 20:00:00+00:00,2,0.869392,0.775825,0.0,23.0576
2025-11-26 21:00:00+00:00,2,0.869392,0.775825,0.0,23.0576
2025-11-26 22:00:00+00:00,2,0.869392,0.775825,0.0,23.0576
2025-11-26 23:00:00+00:00,2,0.870388,0.776714,0.001146,22.9694
2025-11-27 00:00:00+00:00,2,0.873521,0.77951,0.003599,22.6921
2025-11-27 01:00:00+00:00,2,0.872921,0.778974,-0.000687,22.7453
2025-11-27 02:00:00+00:00,2,0.872921,0.778974,0.0,22.7453
2025-11-27 03:00:00+00:00,2,0.872921,0.778974,0.0,22.7453
2025-11-27 04:00:00+00:00,2,0.872921,0.778974,0.0,22.7453
2025-11-27 05:00:00+00:00,2,0.872921,0.778974,0.0,22.7453
2025-11-27 06:00:00+00:00,2,0.872921,0.778974,0.0,22.7453
2025-11-27 07:00:00+00:00,2,0.872921,0.778974,0.0,22.7453
2025-11-27 08:00:00+00:00,2,0.872921,0.778974,0.0,22.7453
2025-11-27 09:00:00+00:00,2,0.872921,0.778974,0.0,22.7453
2025-11-27 10:00:00+00:00,2,0.872921,0.778974,0.0,22.7453
2025-11-27 11:00:00+00:00,2,0.872921,0.778974,0.0,22.7453
2025-11-27 12:00:00+00:00,2,0.872921,0.778974,0.0,22.7453
2025-11-27 13:00:00+00:00,2,0.872921,0.778974,0.0,22.7453
2025-11-27 14:00:00+00:00,2,0.872921,0.778974,0.0,22.7453
2025-11-27 15:00:00+00:00,2,0.872921,0.778974,0.0,22.7453
2025-11-27 16:00:00+00:00,2,0.872921,0.778974,0.0,22.7453
2025-11-27 17:00:00+00:00,2,0.872921,0.778974,0.0,22.7453
2025-11-27 18:00:00+00:00,2,0.872921,0.778974,0.0,22.7453
2025-11-27 19:00:00+00:00,2,0.872921,0.778974,0.0,22.7453
2025-11-27 20:00:00+00:00,2,0.872921,0.778974,0.0,22.7453
2025-11-27 21:00:00+00:00,2,0.872921,0.778974,0.0,22.7453
2025-11-27 22:00:00+00:00,2,0.872921,0.778974,0.0,22.7453
2025-11-27 23:00:00+00:00,2,0.872921,0.778974,0.0,22.7453
2025-11-28 00:00:00+00:00,2,0.872921,0.778974,0.0,22.7453
2025-11-28 01:00:00+00:00,2,0.872921,0.778974,0.0,22.7453
2025-11-28 02:00:00+00:00,2,0.872921,0.778974,0.0,22.7453
2025-11-28 03:00:00+00:00,2,0.872921,0.778974,0.0,22.7453
2025-11-28 04:00:00+00:00,2,0.872921,0.778974,0.0,22.7453
2025-11-28 05:00:00+00:00,2,0.872921,0.778974,0.0,22.7453
2025-11-28 06:00:00+00:00,2,0.872921,0.778974,0.0,22.7453
2025-11-28 07:00:00+00:00,2,0.872921,0.778974,0.0,22.7453
2025-11-28 08:00:00+00:00,2,0.872921,0.778974,0.0,22.7453
2025-11-28 09:00:00+00:00,2,0.872921,0.778974,0.0,22.7453
2025-11-28 10:00:00+00:00,2,0.872921,0.778974,0.0,22.7453
2025-11-28 11:00:00+00:00,2,0.872921,0.778974,0.0,22.7453
2025-11-28 12:00:00+00:00,2,0.872921,0.778974,0.0,22.7453
2025-11-28 13:00:00+00:00,2,0.872921,0.778974,0.0,22.7453
2025-11-28 14:00:00+00:00,2,0.872921,0.778974,0.0,22.7453
2025-11-28 15:00:00+00:00,2,0.872921,0.778974,0.0,22.7453
2025-11-28 16:00:00+00:00,2,0.872921,0.778974,0.0,22.7453
2025-11-28 17:00:00+00:00,2,0.872921,0.778974,0.0,22.7453
2025-11-28 18:00:00+00:00,2,0.872921,0.778974,0.0,22.7453
2025-11-28 19:00:00+00:00,2,0.872921,0.778974,0.0,22.7453
2025-11-28 20:00:00+00:00,2,0.872921,0.778974,0.0,22.7453
2025-11-28 21:00:00+00:00,2,0.872921,0.778974,0.0,22.7453
2025-11-28 22:00:00+00:00,2,0.872921,0.778974,0.0,22.7453
2025-11-28 23:00:00+00:00,2,0.872921,0.778974,0.0,22.7453
2025-11-29 00:00:00+00:00,2,0.872921,0.778974,0.0,22.7453
2025-11-29 01:00:00+00:00,2,0.872921,0.778974,0.0,22.7453
2025-11-29 02:00:00+00:00,2,0.872921,0.778974,0.0,22.7453
2025-11-29 03:00:00+00:00,2,0.872921,0.778974,0.0,22.7453
2025-11-29 04:00:00+00:00,2,0.872921,0.778974,0.0,22.7453
2025-11-29 05:00:00+00:00,2,0.872921,0.778974,0.0,22.7453
2025-11-29 06:00:00+00:00,2,0.872921,0.778974,0.0,22.7453
2025-11-29 07:00:00+00:00,2,0.872921,0.778974,0.0,22.7453
2025-11-29 08:00:00+00:00,2,0.868537,0.775062,-0.005022,23.1333
2025-11-29 09:00:00+00:00,2,0.867937,0.774527,-0.000691,23.1863
2025-11-29 10:00:00+00:00,2,0.867937,0.774527,0.0,23.1863
2025-11-29 11:00:00+00:00,2,0.869688,0.776089,0.002017,23.0314
2025-11-29 12:00:00+00:00,2,0.872876,0.778934,0.003666,22.7492
2025-11-29 13:00:00+00:00,2,0.872276,0.778399,-0.000687,22.8023
2025-11-29 14:00:00+00:00,2,0.872276,0.778399,0.0,22.8023
2025-11-29 15:00:00+00:00,2,0.872276,0.778399,0.0,22.8023
2025-11-29 16:00:00+00:00,2,0.86666,0.773388,-0.006438,23.2993
2025-11-29 17:00:00+00:00,2,0.859432,0.766938,-0.00834,23.939
2025-11-29 18:00:00+00:00,2,0.865028,0.771931,0.006511,23.4438
2025-11-29 19:00:00+00:00,2,0.865843,0.772659,0.000943,23.3716
2025-11-29 20:00:00+00:00,2,0.851859,0.760181,-0.01615,24.6091
2025-11-29 21:00:00+00:00,2,0.850792,0.759228,-0.001253,24.7036
2025-11-29 22:00:00+00:00,2,0.854298,0.762357,0.004121,24.3933
2025-11-29 23:00:00+00:00,2,0.857107,0.764863,0.003288,24.1447
2025-11-30 00:00:00+00:00,2,0.855346,0.763292,-0.002054,24.3005
2025-11-30 01:00:00+00:00,2,0.860311,0.767723,0.005804,23.8611
2025-11-30 02:00:00+00:00,2,0.869553,0.775969,0.010742,23.0433
2025-11-30 03:00:00+00:00,2,0.868953,0.775434,-0.00069,23.0964
2025-11-30 04:00:00+00:00,2,0.868953,0.775434,0.0,23.0964
2025-11-30 05:00:00+00:00,2,0.868953,0.775434,0.0,23.0964
2025-11-30 06:00:00+00:00,2,0.868953,0.775434,0.0,23.0964
2025-11-30 07:00:00+00:00,2,0.868953,0.775434,0.0,23.0964
2025-11-30 08:00:00+00:00,2,0.868953,0.775434,0.0,23.0964
2025-12-05 08:00:00+00:00,3,1.0,0.775434,0.0,23.0964
2025-12-05 09:00:00+00:00,3,1.0,0.775434,0.0,23.0964
2025-12-05 10:00:00+00:00,3,1.0,0.775434,0.0,23.0964
2025-12-05 11:00:00+00:00,3,1.0,0.775434,0.0,23.0964
2025-12-05 12:00:00+00:00,3,1.0,0.775434,0.0,23.0964
2025-12-05 13:00:00+00:00,3,1.0,0.775434,0.0,23.0964
2025-12-05 14:00:00+00:00,3,1.0,0.775434,0.0,23.0964
2025-12-05 15:00:00+00:00,3,1.0,0.775434,0.0,23.0964
2025-12-05 16:00:00+00:00,3,1.0,0.775434,0.0,23.0964
2025-12-05 17:00:00+00:00,3,1.0,0.775434,0.0,23.0964
2025-12-05 18:00:00+00:00,3,1.0,0.775434,0.0,23.0964
2025-12-05 19:00:00+00:00,3,1.0,0.775434,0.0,23.0964
2025-12-05 20:00:00+00:00,3,1.0,0.775434,0.0,23.0964
2025-12-05 21:00:00+00:00,3,1.0,0.775434,0.0,23.0964
2025-12-05 22:00:00+00:00,3,1.0,0.775434,0.0,23.0964
2025-12-05 23:00:00+00:00,3,1.0,0.775434,0.0,23.0964
2025-12-06 00:00:00+00:00,3,1.0,0.775434,0.0,23.0964
2025-12-06 01:00:00+00:00,3,1.0,0.775434,0.0,23.0964
2025-12-06 02:00:00+00:00,3,1.0,0.775434,0.0,23.0964
2025-12-06 03:00:00+00:00,3,0.992375,0.769521,-0.007625,23.6828
2025-12-06 04:00:00+00:00,3,1.001216,0.776378,0.00891,23.0027
2025-12-06 05:00:00+00:00,3,1.000616,0.775913,-0.000599,23.0489
2025-12-06 06:00:00+00:00,3,1.000616,0.775913,0.0,23.0489
2025-12-06 07:00:00+00:00,3,1.005005,0.779316,0.004386,22.7114
2025-12-06 08:00:00+00:00,3,1.004405,0.778851,-0.000597,22.7575
2025-12-06 09:00:00+00:00,3,1.004405,0.778851,0.0,22.7575
2025-12-06 10:00:00+00:00,3,1.004405,0.778851,0.0,22.7575
2025-12-06 11:00:00+00:00,3,1.004405,0.778851,0.0,22.7575
2025-12-06 12:00:00+00:00,3,1.004405,0.778851,0.0,22.7575
2025-12-06 13:00:00+00:00,3,1.004405,0.778851,0.0,22.7575
2025-12-06 14:00:00+00:00,3,1.004405,0.778851,0.0,22.7575
2025-12-06 15:00:00+00:00,3,1.004405,0.778851,0.0,22.7575
2025-12-06 16:00:00+00:00,3,1.004405,0.778851,0.0,22.7575
2025-12-06 17:00:00+00:00,3,1.004405,0.778851,0.0,22.7575
2025-12-06 18:00:00+00:00,3,1.004405,0.778851,0.0,22.7575
2025-12-06 19:00:00+00:00,3,1.004405,0.778851,0.0,22.7575
2025-12-06 20:00:00+00:00,3,1.004405,0.778851,0.0,22.7575
2025-12-06 21:00:00+00:00,3,1.004405,0.778851,0.0,22.7575
2025-12-06 22:00:00+00:00,3,1.004405,0.778851,0.0,22.7575
2025-12-06 23:00:00+00:00,3,1.004405,0.778851,0.0,22.7575
2025-12-07 00:00:00+00:00,3,1.004405,0.778851,0.0,22.7575
2025-12-07 01:00:00+00:00,3,1.004405,0.778851,0.0,22.7575
2025-12-07 02:00:00+00:00,3,1.004405,0.778851,0.0,22.7575
2025-12-07 03:00:00+00:00,3,1.004405,0.778851,0.0,22.7575
2025-12-07 04:00:00+00:00,3,1.004405,0.778851,0.0,22.7575
2025-12-07 05:00:00+00:00,3,1.004405,0.778851,0.0,22.7575
2025-12-07 06:00:00+00:00,3,1.004405,0.778851,0.0,22.7575
2025-12-07 07:00:00+00:00,3,1.004405,0.778851,0.0,22.7575
2025-12-07 08:00:00+00:00,3,1.004405,0.778851,0.0,22.7575
2025-12-07 09:00:00+00:00,3,1.004405,0.778851,0.0,22.7575
2025-12-07 10:00:00+00:00,3,1.004405,0.778851,0.0,22.7575
2025-12-07 11:00:00+00:00,3,1.006791,0.780701,0.002376,22.574
2025-12-07 12:00:00+00:00,3,1.006191,0.780236,-0.000596,22.6201
2025-12-07 13:00:00+00:00,3,1.006191,0.780236,0.0,22.6201
2025-12-07 14:00:00+00:00,3,1.006191,0.780236,0.0,22.6201
2025-12-07 15:00:00+00:00,3,1.006191,0.780236,0.0,22.6201
2025-12-07 16:00:00+00:00,3,1.006191,0.780236,0.0,22.6201
2025-12-07 17:00:00+00:00,3,1.006191,0.780236,0.0,22.6201
2025-12-07 18:00:00+00:00,3,1.006191,0.780236,0.0,22.6201
2025-12-07 19:00:00+00:00,3,1.006191,0.780236,0.0,22.6201
2025-12-07 20:00:00+00:00,3,1.006191,0.780236,0.0,22.6201
2025-12-07 21:00:00+00:00,3,1.006191,0.780236,0.0,22.6201
2025-12-07 22:00:00+00:00,3,1.006191,0.780236,0.0,22.6201
2025-12-07 23:00:00+00:00,3,1.005618,0.779791,-0.00057,22.6643
2025-12-08 00:00:00+00:00,3,1.005018,0.779326,-0.000597,22.7104
2025-12-08 01:00:00+00:00,3,1.005018,0.779326,0.0,22.7104
2025-12-08 02:00:00+00:00,3,1.005018,0.779326,0.0,22.7104
2025-12-08 03:00:00+00:00,3,1.005018,0.779326,0.0,22.7104
2025-12-08 04:00:00+00:00,3,1.005018,0.779326,0.0,22.7104
2025-12-08 05:00:00+00:00,3,1.005018,0.779326,0.0,22.7104
2025-12-08 06:00:00+00:00,3,1.005018,0.779326,0.0,22.7104
2025-12-08 07:00:00+00:00,3,1.005018,0.779326,0.0,22.7104
2025-12-08 08:00:00+00:00,3,1.005018,0.779326,0.0,22.7104
2025-12-08 09:00:00+00:00,3,1.005018,0.779326,0.0,22.7104
2025-12-08 10:00:00+00:00,3,1.005018,0.779326,0.0,22.7104
2025-12-08 11:00:00+00:00,3,1.005018,0.779326,0.0,22.7104
2025-12-08 12:00:00+00:00,3,1.005018,0.779326,0.0,22.7104
2025-12-08 13:00:00+00:00,3,1.005018,0.779326,0.0,22.7104
2025-12-08 14:00:00+00:00,3,1.005018,0.779326,0.0,22.7104
2025-12-08 15:00:00+00:00,3,1.005018,0.779326,0.0,22.7104
2025-12-08 16:00:00+00:00,3,1.005018,0.779326,0.0,22.7104
2025-12-08 17:00:00+00:00,3,1.005018,0.779326,0.0,22.7104
2025-12-08 18:00:00+00:00,3,1.005018,0.779326,0.0,22.7104
2025-12-08 19:00:00+00:00,3,1.005018,0.779326,0.0,22.7104
2025-12-08 20:00:00+00:00,3,1.005018,0.779326,0.0,22.7104
2025-12-08 21:00:00+00:00,3,1.005018,0.779326,0.0,22.7104
2025-12-08 22:00:00+00:00,3,1.005018,0.779326,0.0,22.7104
2025-12-08 23:00:00+00:00,3,1.005018,0.779326,0.0,22.7104
2025-12-09 00:00:00+00:00,3,1.005018,0.779326,0.0,22.7104
2025-12-09 01:00:00+00:00,3,1.005018,0.779326,0.0,22.7104
2025-12-09 02:00:00+00:00,3,1.005018,0.779326,0.0,22.7104
2025-12-09 03:00:00+00:00,3,1.005018,0.779326,0.0,22.7104
2025-12-09 04:00:00+00:00,3,1.005018,0.779326,0.0,22.7104
2025-12-09 05:00:00+00:00,3,1.005018,0.779326,0.0,22.7104
2025-12-09 06:00:00+00:00,3,1.005018,0.779326,0.0,22.7104
2025-12-09 07:00:00+00:00,3,1.005018,0.779326,0.0,22.7104
2025-12-09 08:00:00+00:00,3,1.005018,0.779326,0.0,22.7104
2025-12-09 09:00:00+00:00,3,1.005018,0.779326,0.0,22.7104
2025-12-09 10:00:00+00:00,3,1.005018,0.779326,0.0,22.7104
2025-12-09 11:00:00+00:00,3,1.005018,0.779326,0.0,22.7104
2025-12-09 12:00:00+00:00,3,1.005018,0.779326,0.0,22.7104
2025-12-09 13:00:00+00:00,3,1.005018,0.779326,0.0,22.7104
2025-12-09 14:00:00+00:00,3,1.005018,0.779326,0.0,22.7104
2025-12-09 15:00:00+00:00,3,1.005375,0.779602,0.000355,22.683
2025-12-09 16:00:00+00:00,3,1.004775,0.779137,-0.000597,22.7291
2025-12-09 17:00:00+00:00,3,1.004775,0.779137,0.0,22.7291
2025-12-09 18:00:00+00:00,3,1.004775,0.779137,0.0,22.7291
2025-12-09 19:00:00+00:00,3,1.004775,0.779137,0.0,22.7291
2025-12-09 20:00:00+00:00,3,1.004775,0.779137,0.0,22.7291
2025-12-09 21:00:00+00:00,3,1.004775,0.779137,0.0,22.7291
2025-12-09 22:00:00+00:00,3,1.004775,0.779137,0.0,22.7291
2025-12-09 23:00:00+00:00,3,1.004775,0.779137,0.0,22.7291
2025-12-10 00:00:00+00:00,3,1.004775,0.779137,0.0,22.7291
2025-12-10 01:00:00+00:00,3,1.004775,0.779137,0.0,22.7291
2025-12-10 02:00:00+00:00,3,1.004775,0.779137,0.0,22.7291
2025-12-10 03:00:00+00:00,3,1.004775,0.779137,0.0,22.7291
2025-12-10 04:00:00+00:00,3,1.004775,0.779137,0.0,22.7291
2025-12-10 05:00:00+00:00,3,1.004775,0.779137,0.0,22.7291
2025-12-10 06:00:00+00:00,3,1.004775,0.779137,0.0,22.7291
2025-12-10 07:00:00+00:00,3,1.004775,0.779137,0.0,22.7291
2025-12-10 08:00:00+00:00,3,1.004775,0.779137,0.0,22.7291
2025-12-10 09:00:00+00:00,3,1.004775,0.779137,0.0,22.7291
2025-12-10 10:00:00+00:00,3,1.004775,0.779137,0.0,22.7291
2025-12-10 11:00:00+00:00,3,1.004775,0.779137,0.0,22.7291
2025-12-10 12:00:00+00:00,3,1.004775,0.779137,0.0,22.7291
2025-12-10 13:00:00+00:00,3,1.004775,0.779137,0.0,22.7291
2025-12-10 14:00:00+00:00,3,1.004775,0.779137,0.0,22.7291
2025-12-10 15:00:00+00:00,3,1.004775,0.779137,0.0,22.7291
2025-12-10 16:00:00+00:00,3,1.004775,0.779137,0.0,22.7291
2025-12-10 17:00:00+00:00,3,1.004775,0.779137,0.0,22.7291
2025-12-10 18:00:00+00:00,3,1.004775,0.779137,0.0,22.7291
2025-12-10 19:00:00+00:00,3,1.004775,0.779137,0.0,22.7291
2025-12-10 20:00:00+00:00,3,0.976922,0.757539,-0.02772,24.8711
2025-12-10 21:00:00+00:00,3,0.976322,0.757074,-0.000614,24.9172
2025-12-10 22:00:00+00:00,3,0.976322,0.757074,0.0,24.9172
2025-12-10 23:00:00+00:00,3,0.976322,0.757074,0.0,24.9172
2025-12-11 00:00:00+00:00,3,0.973846,0.755154,-0.002536,25.1076
2025-12-11 01:00:00+00:00,3,0.973246,0.754689,-0.000616,25.1537
2025-12-11 02:00:00+00:00,3,0.973246,0.754689,0.0,25.1537
2025-12-11 03:00:00+00:00,3,0.973246,0.754689,0.0,25.1537
2025-12-11 04:00:00+00:00,3,0.973246,0.754689,0.0,25.1537
2025-12-11 05:00:00+00:00,3,0.973246,0.754689,0.0,25.1537
2025-12-11 06:00:00+00:00,3,0.973246,0.754689,0.0,25.1537
2025-12-11 07:00:00+00:00,3,0.973246,0.754689,0.0,25.1537
2025-12-11 08:00:00+00:00,3,0.973246,0.754689,0.0,25.1537
2025-12-11 09:00:00+00:00,3,0.973246,0.754689,0.0,25.1537
2025-12-11 10:00:00+00:00,3,0.973246,0.754689,0.0,25.1537
2025-12-11 11:00:00+00:00,3,0.973246,0.754689,0.0,25.1537
2025-12-11 12:00:00+00:00,3,0.973246,0.754689,0.0,25.1537
2025-12-11 13:00:00+00:00,3,0.973246,0.754689,0.0,25.1537
2025-12-11 14:00:00+00:00,3,0.973246,0.754689,0.0,25.1537
2025-12-11 15:00:00+00:00,3,0.973246,0.754689,0.0,25.1537
2025-12-11 16:00:00+00:00,3,0.973246,0.754689,0.0,25.1537
2025-12-11 17:00:00+00:00,3,0.973246,0.754689,0.0,25.1537
2025-12-11 18:00:00+00:00,3,0.973246,0.754689,0.0,25.1537
2025-12-11 19:00:00+00:00,3,0.973246,0.754689,0.0,25.1537
2025-12-11 20:00:00+00:00,3,0.973246,0.754689,0.0,25.1537
2025-12-11 21:00:00+00:00,3,0.973246,0.754689,0.0,25.1537
2025-12-11 22:00:00+00:00,3,0.973246,0.754689,0.0,25.1537
2025-12-11 23:00:00+00:00,3,0.973246,0.754689,0.0,25.1537
2025-12-12 00:00:00+00:00,3,0.973246,0.754689,0.0,25.1537
2025-12-12 01:00:00+00:00,3,0.973246,0.754689,0.0,25.1537
2025-12-12 02:00:00+00:00,3,0.973246,0.754689,0.0,25.1537
2025-12-12 03:00:00+00:00,3,0.973246,0.754689,0.0,25.1537
2025-12-12 04:00:00+00:00,3,0.973246,0.754689,0.0,25.1537
2025-12-12 05:00:00+00:00,3,0.973246,0.754689,0.0,25.1537
2025-12-12 06:00:00+00:00,3,0.973246,0.754689,0.0,25.1537
2025-12-12 07:00:00+00:00,3,0.973246,0.754689,0.0,25.1537
2025-12-12 08:00:00+00:00,3,0.973246,0.754689,0.0,25.1537
2025-12-12 09:00:00+00:00,3,0.973246,0.754689,0.0,25.1537
2025-12-12 10:00:00+00:00,3,0.973246,0.754689,0.0,25.1537
2025-12-12 11:00:00+00:00,3,0.973246,0.754689,0.0,25.1537
2025-12-12 12:00:00+00:00,3,0.973246,0.754689,0.0,25.1537
2025-12-12 13:00:00+00:00,3,0.973246,0.754689,0.0,25.1537
2025-12-12 14:00:00+00:00,3,0.973246,0.754689,0.0,25.1537
2025-12-12 15:00:00+00:00,3,0.973246,0.754689,0.0,25.1537
2025-12-12 16:00:00+00:00,3,0.973246,0.754689,0.0,25.1537
2025-12-12 17:00:00+00:00,3,0.973246,0.754689,0.0,25.1537
2025-12-12 18:00:00+00:00,3,0.973246,0.754689,0.0,25.1537
2025-12-12 19:00:00+00:00,3,0.973246,0.754689,0.0,25.1537
2025-12-12 20:00:00+00:00,3,0.971608,0.753419,-0.001683,25.2797
2025-12-12 21:00:00+00:00,3,0.971008,0.752953,-0.000618,25.3259
2025-12-12 22:00:00+00:00,3,0.97012,0.752265,-0.000914,25.3941
2025-12-12 23:00:00+00:00,3,0.96952,0.7518,-0.000618,25.4403
2025-12-13 00:00:00+00:00,3,0.96952,0.7518,0.0,25.4403
2025-12-13 01:00:00+00:00,3,0.967981,0.750607,-0.001587,25.5586
2025-12-13 02:00:00+00:00,3,0.966723,0.749631,-0.0013,25.6554
2025-12-13 03:00:00+00:00,3,0.966411,0.749389,-0.000323,25.6794
2025-12-13 04:00:00+00:00,3,0.963754,0.747328,-0.00275,25.8838
2025-12-13 05:00:00+00:00,3,0.966964,0.749818,0.003331,25.6368
2025-12-13 06:00:00+00:00,3,0.966364,0.749353,-0.00062,25.6829
2025-12-13 07:00:00+00:00,3,0.966364,0.749353,0.0,25.6829
2025-12-13 08:00:00+00:00,3,0.966364,0.749353,0.0,25.6829
2025-12-13 09:00:00+00:00,3,0.966364,0.749353,0.0,25.6829
2025-12-13 10:00:00+00:00,3,0.966364,0.749353,0.0,25.6829
2025-12-13 11:00:00+00:00,3,0.966364,0.749353,0.0,25.6829
2025-12-13 12:00:00+00:00,3,0.966364,0.749353,0.0,25.6829
2025-12-13 13:00:00+00:00,3,0.966364,0.749353,0.0,25.6829
2025-12-13 14:00:00+00:00,3,0.966364,0.749353,0.0,25.6829
2025-12-13 15:00:00+00:00,3,0.966364,0.749353,0.0,25.6829
2025-12-13 16:00:00+00:00,3,0.966364,0.749353,0.0,25.6829
2025-12-13 17:00:00+00:00,3,0.966364,0.749353,0.0,25.6829
2025-12-13 18:00:00+00:00,3,0.966364,0.749353,0.0,25.6829
2025-12-13 19:00:00+00:00,3,0.966364,0.749353,0.0,25.6829
2025-12-13 20:00:00+00:00,3,0.966364,0.749353,0.0,25.6829
2025-12-13 21:00:00+00:00,3,0.966364,0.749353,0.0,25.6829
2025-12-13 22:00:00+00:00,3,0.966364,0.749353,0.0,25.6829
2025-12-13 23:00:00+00:00,3,0.966364,0.749353,0.0,25.6829
2025-12-14 00:00:00+00:00,3,0.966364,0.749353,0.0,25.6829
2025-12-14 01:00:00+00:00,3,0.966364,0.749353,0.0,25.6829
2025-12-14 02:00:00+00:00,3,0.966364,0.749353,0.0,25.6829
2025-12-14 03:00:00+00:00,3,0.966364,0.749353,0.0,25.6829
2025-12-14 04:00:00+00:00,3,0.966364,0.749353,0.0,25.6829
2025-12-14 05:00:00+00:00,3,0.966364,0.749353,0.0,25.6829
2025-12-14 06:00:00+00:00,3,0.966364,0.749353,0.0,25.6829
2025-12-14 07:00:00+00:00,3,0.96636,0.74935,-4e-06,25.6832
2025-12-14 08:00:00+00:00,3,0.965594,0.748756,-0.000792,25.7422
2025-12-14 09:00:00+00:00,3,0.965174,0.74843,-0.000436,25.7745
2025-12-14 10:00:00+00:00,3,0.967306,0.750083,0.002209,25.6105
2025-12-14 11:00:00+00:00,3,0.972701,0.754267,0.005578,25.1956
2025-12-14 12:00:00+00:00,3,0.972101,0.753802,-0.000617,25.2417
2025-12-14 13:00:00+00:00,3,0.974434,0.755611,0.0024,25.0623
2025-12-14 14:00:00+00:00,3,0.973834,0.755145,-0.000616,25.1085
2025-12-14 15:00:00+00:00,3,0.973834,0.755145,0.0,25.1085
2025-12-14 16:00:00+00:00,3,0.973834,0.755145,0.0,25.1085
2025-12-14 17:00:00+00:00,3,0.973834,0.755145,0.0,25.1085
2025-12-14 18:00:00+00:00,3,0.973834,0.755145,0.0,25.1085
2025-12-14 19:00:00+00:00,3,0.98286,0.762144,0.009268,24.4144
2025-12-14 20:00:00+00:00,3,0.98226,0.761679,-0.00061,24.4605
2025-12-14 21:00:00+00:00,3,0.98226,0.761679,0.0,24.4605
2025-12-14 22:00:00+00:00,3,0.98226,0.761679,0.0,24.4605
2025-12-14 23:00:00+00:00,3,0.98226,0.761679,0.0,24.4605
2025-12-15 00:00:00+00:00,3,0.98226,0.761679,0.0,24.4605
2025-12-15 01:00:00+00:00,3,0.98226,0.761679,0.0,24.4605
2025-12-15 02:00:00+00:00,3,0.98226,0.761679,0.0,24.4605
2025-12-15 03:00:00+00:00,3,0.98226,0.761679,0.0,24.4605
2025-12-15 04:00:00+00:00,3,0.98226,0.761679,0.0,24.4605
2025-12-15 05:00:00+00:00,3,0.98226,0.761679,0.0,24.4605
2025-12-15 06:00:00+00:00,3,0.98226,0.761679,0.0,24.4605
2025-12-15 07:00:00+00:00,3,0.98226,0.761679,0.0,24.4605
2025-12-15 08:00:00+00:00,3,0.98226,0.761679,0.0,24.4605
2025-12-15 09:00:00+00:00,3,0.98226,0.761679,0.0,24.4605
2025-12-15 10:00:00+00:00,3,0.98226,0.761679,0.0,24.4605
2025-12-15 11:00:00+00:00,3,0.98226,0.761679,0.0,24.4605
2025-12-15 12:00:00+00:00,3,0.98226,0.761679,0.0,24.4605
2025-12-15 13:00:00+00:00,3,0.98226,0.761679,0.0,24.4605
2025-12-15 14:00:00+00:00,3,0.98226,0.761679,0.0,24.4605
2025-12-15 15:00:00+00:00,3,0.98226,0.761679,0.0,24.4605
2025-12-15 16:00:00+00:00,3,0.98226,0.761679,0.0,24.4605
2025-12-15 17:00:00+00:00,3,0.98226,0.761679,0.0,24.4605
2025-12-15 18:00:00+00:00,3,0.98226,0.761679,0.0,24.4605
2025-12-15 19:00:00+00:00,3,1.004563,0.778973,0.022705,22.7454
2025-12-15 20:00:00+00:00,3,1.003963,0.778508,-0.000597,22.7915
2025-12-15 21:00:00+00:00,3,1.000522,0.77584,-0.003427,23.0561
2025-12-15 22:00:00+00:00,3,0.999922,0.775375,-0.0006,23.1022
2025-12-15 23:00:00+00:00,3,0.999922,0.775375,0.0,23.1022
2025-12-16 00:00:00+00:00,3,0.999922,0.775375,0.0,23.1022
2025-12-16 01:00:00+00:00,3,0.999922,0.775375,0.0,23.1022
2025-12-16 02:00:00+00:00,3,0.999922,0.775375,0.0,23.1022
2025-12-16 03:00:00+00:00,3,0.999922,0.775375,0.0,23.1022
2025-12-16 04:00:00+00:00,3,0.999922,0.775375,0.0,23.1022
2025-12-16 05:00:00+00:00,3,0.999922,0.775375,0.0,23.1022
2025-12-16 06:00:00+00:00,3,0.999922,0.775375,0.0,23.1022
2025-12-16 07:00:00+00:00,3,0.999922,0.775375,0.0,23.1022
2025-12-16 08:00:00+00:00,3,0.999922,0.775375,0.0,23.1022
2025-12-16 09:00:00+00:00,3,0.999922,0.775375,0.0,23.1022
2025-12-16 10:00:00+00:00,3,0.999922,0.775375,0.0,23.1022
2025-12-16 11:00:00+00:00,3,0.999922,0.775375,0.0,23.1022
2025-12-16 12:00:00+00:00,3,0.999922,0.775375,0.0,23.1022
2025-12-16 13:00:00+00:00,3,0.999922,0.775375,0.0,23.1022
2025-12-16 14:00:00+00:00,3,0.999922,0.775375,0.0,23.1022
2025-12-16 15:00:00+00:00,3,0.999922,0.775375,0.0,23.1022
2025-12-16 16:00:00+00:00,3,0.999922,0.775375,0.0,23.1022
2025-12-16 17:00:00+00:00,3,0.999922,0.775375,0.0,23.1022
2025-12-16 18:00:00+00:00,3,0.999922,0.775375,0.0,23.1022
2025-12-16 19:00:00+00:00,3,0.993626,0.770492,-0.006297,23.5865
2025-12-16 20:00:00+00:00,3,0.995518,0.771959,0.001904,23.441
2025-12-16 21:00:00+00:00,3,0.989901,0.767603,-0.005643,23.873
2025-12-16 22:00:00+00:00,3,0.972688,0.754255,-0.017389,25.1968
2025-12-16 23:00:00+00:00,3,0.972088,0.75379,-0.000617,25.2429
2025-12-17 00:00:00+00:00,3,0.972088,0.75379,0.0,25.2429
2025-12-17 01:00:00+00:00,3,0.972088,0.75379,0.0,25.2429
2025-12-17 02:00:00+00:00,3,0.972088,0.75379,0.0,25.2429
2025-12-17 03:00:00+00:00,3,0.972088,0.75379,0.0,25.2429
2025-12-17 04:00:00+00:00,3,0.972088,0.75379,0.0,25.2429
2025-12-17 05:00:00+00:00,3,0.972088,0.75379,0.0,25.2429
2025-12-17 06:00:00+00:00,3,0.972088,0.75379,0.0,25.2429
2025-12-17 07:00:00+00:00,3,0.972088,0.75379,0.0,25.2429
2025-12-17 08:00:00+00:00,3,0.972088,0.75379,0.0,25.2429
2025-12-17 09:00:00+00:00,3,0.973857,0.755162,0.001821,25.1068
2025-12-17 10:00:00+00:00,3,0.974267,0.755479,0.00042,25.0754
2025-12-17 11:00:00+00:00,3,0.973667,0.755014,-0.000616,25.1215
2025-12-17 12:00:00+00:00,3,0.973667,0.755014,0.0,25.1215
2025-12-17 13:00:00+00:00,3,0.974719,0.75583,0.001081,25.0406
2025-12-17 14:00:00+00:00,3,0.974119,0.755365,-0.000616,25.0867
2025-12-17 15:00:00+00:00,3,0.974119,0.755365,0.0,25.0867
2025-12-17 16:00:00+00:00,3,0.974119,0.755365,0.0,25.0867
2025-12-17 17:00:00+00:00,3,0.974119,0.755365,0.0,25.0867
2025-12-17 18:00:00+00:00,3,0.974119,0.755365,0.0,25.0867
2025-12-17 19:00:00+00:00,3,0.974119,0.755365,0.0,25.0867
2025-12-17 20:00:00+00:00,3,0.971001,0.752946,-0.003202,25.3266
2025-12-17 21:00:00+00:00,3,0.970401,0.752481,-0.000618,25.3727
2025-12-17 22:00:00+00:00,3,0.970401,0.752481,0.0,25.3727
2025-12-17 23:00:00+00:00,3,0.970401,0.752481,0.0,25.3727
2025-12-18 00:00:00+00:00,3,0.977484,0.757973,0.007299,24.8281
2025-12-18 01:00:00+00:00,3,0.976884,0.757508,-0.000614,24.8742
2025-12-18 02:00:00+00:00,3,0.976884,0.757508,0.0,24.8742
2025-12-18 03:00:00+00:00,3,0.976884,0.757508,0.0,24.8742
2025-12-18 04:00:00+00:00,3,0.976884,0.757508,0.0,24.8742
2025-12-18 05:00:00+00:00,3,0.976884,0.757508,0.0,24.8742
2025-12-18 06:00:00+00:00,3,0.976884,0.757508,0.0,24.8742
2025-12-18 07:00:00+00:00,3,0.976884,0.757508,0.0,24.8742
2025-12-18 08:00:00+00:00,3,0.976884,0.757508,0.0,24.8742
2025-12-18 09:00:00+00:00,3,0.976884,0.757508,0.0,24.8742
2025-12-18 10:00:00+00:00,3,0.976884,0.757508,0.0,24.8742
2025-12-18 11:00:00+00:00,3,0.976884,0.757508,0.0,24.8742
2025-12-18 12:00:00+00:00,3,0.976884,0.757508,0.0,24.8742
2025-12-18 13:00:00+00:00,3,0.976884,0.757508,0.0,24.8742
2025-12-18 14:00:00+00:00,3,0.976884,0.757508,0.0,24.8742
2025-12-18 15:00:00+00:00,3,0.976884,0.757508,0.0,24.8742
2025-12-18 16:00:00+00:00,3,0.976884,0.757508,0.0,24.8742
2025-12-18 17:00:00+00:00,3,0.976884,0.757508,0.0,24.8742
2025-12-18 18:00:00+00:00,3,0.976884,0.757508,0.0,24.8742
2025-12-18 19:00:00+00:00,3,0.976884,0.757508,0.0,24.8742
2025-12-18 20:00:00+00:00,3,0.976884,0.757508,0.0,24.8742
2025-12-18 21:00:00+00:00,3,0.976884,0.757508,0.0,24.8742
2025-12-18 22:00:00+00:00,3,0.976884,0.757508,0.0,24.8742
2025-12-18 23:00:00+00:00,3,0.976884,0.757508,0.0,24.8742
2025-12-19 00:00:00+00:00,3,0.976884,0.757508,0.0,24.8742
2025-12-19 01:00:00+00:00,3,0.976884,0.757508,0.0,24.8742
2025-12-19 02:00:00+00:00,3,0.976884,0.757508,0.0,24.8742
2025-12-19 03:00:00+00:00,3,0.976884,0.757508,0.0,24.8742
2025-12-19 04:00:00+00:00,3,0.976884,0.757508,0.0,24.8742
2025-12-19 05:00:00+00:00,3,0.976884,0.757508,0.0,24.8742
2025-12-19 06:00:00+00:00,3,0.976884,0.757508,0.0,24.8742
2025-12-19 07:00:00+00:00,3,0.976884,0.757508,0.0,24.8742
2025-12-19 08:00:00+00:00,3,0.976884,0.757508,0.0,24.8742
2025-12-19 09:00:00+00:00,3,0.976884,0.757508,0.0,24.8742
2025-12-19 10:00:00+00:00,3,0.976884,0.757508,0.0,24.8742
2025-12-19 11:00:00+00:00,3,0.976884,0.757508,0.0,24.8742
2025-12-19 12:00:00+00:00,3,0.976884,0.757508,0.0,24.8742
2025-12-19 13:00:00+00:00,3,0.976884,0.757508,0.0,24.8742
2025-12-19 14:00:00+00:00,3,0.976884,0.757508,0.0,24.8742
2025-12-19 15:00:00+00:00,3,0.976884,0.757508,0.0,24.8742
2025-12-19 16:00:00+00:00,3,0.976884,0.757508,0.0,24.8742
2025-12-19 17:00:00+00:00,3,0.976884,0.757508,0.0,24.8742
2025-12-19 18:00:00+00:00,3,0.976884,0.757508,0.0,24.8742
2025-12-19 19:00:00+00:00,3,0.976884,0.757508,0.0,24.8742
2025-12-19 20:00:00+00:00,3,0.976884,0.757508,0.0,24.8742
2025-12-19 21:00:00+00:00,3,0.976884,0.757508,0.0,24.8742
2025-12-19 22:00:00+00:00,3,0.976884,0.757508,0.0,24.8742
2025-12-19 23:00:00+00:00,3,0.976884,0.757508,0.0,24.8742
2025-12-20 00:00:00+00:00,3,0.976884,0.757508,0.0,24.8742
2025-12-20 01:00:00+00:00,3,0.976884,0.757508,0.0,24.8742
2025-12-20 02:00:00+00:00,3,0.976884,0.757508,0.0,24.8742
2025-12-20 03:00:00+00:00,3,0.976884,0.757508,0.0,24.8742
2025-12-20 04:00:00+00:00,3,0.976884,0.757508,0.0,24.8742
2025-12-20 05:00:00+00:00,3,0.976884,0.757508,0.0,24.8742
2025-12-20 06:00:00+00:00,3,0.976884,0.757508,0.0,24.8742
2025-12-20 07:00:00+00:00,3,0.976884,0.757508,0.0,24.8742
2025-12-20 08:00:00+00:00,3,0.976884,0.757508,0.0,24.8742
2025-12-20 09:00:00+00:00,3,0.976884,0.757508,0.0,24.8742
2025-12-20 10:00:00+00:00,3,0.976884,0.757508,0.0,24.8742
2025-12-20 11:00:00+00:00,3,0.976884,0.757508,0.0,24.8742
2025-12-20 12:00:00+00:00,3,0.976884,0.757508,0.0,24.8742
2025-12-20 13:00:00+00:00,3,0.976884,0.757508,0.0,24.8742
2025-12-20 14:00:00+00:00,3,0.976884,0.757508,0.0,24.8742
2025-12-20 15:00:00+00:00,3,0.976884,0.757508,0.0,24.8742
2025-12-20 16:00:00+00:00,3,0.976884,0.757508,0.0,24.8742
2025-12-20 17:00:00+00:00,3,0.976884,0.757508,0.0,24.8742
2025-12-20 18:00:00+00:00,3,0.976884,0.757508,0.0,24.8742
2025-12-20 19:00:00+00:00,3,0.976884,0.757508,0.0,24.8742
2025-12-20 20:00:00+00:00,3,0.976884,0.757508,0.0,24.8742
2025-12-20 21:00:00+00:00,3,0.976884,0.757508,0.0,24.8742
2025-12-20 22:00:00+00:00,3,0.976884,0.757508,0.0,24.8742
2025-12-20 23:00:00+00:00,3,0.976884,0.757508,0.0,24.8742
2025-12-21 00:00:00+00:00,3,0.976884,0.757508,0.0,24.8742
2025-12-21 01:00:00+00:00,3,0.976884,0.757508,0.0,24.8742
2025-12-21 02:00:00+00:00,3,0.976884,0.757508,0.0,24.8742
2025-12-21 03:00:00+00:00,3,0.976884,0.757508,0.0,24.8742
2025-12-21 04:00:00+00:00,3,0.976884,0.757508,0.0,24.8742
2025-12-21 05:00:00+00:00,3,0.976884,0.757508,0.0,24.8742
2025-12-21 06:00:00+00:00,3,0.976884,0.757508,0.0,24.8742
2025-12-21 07:00:00+00:00,3,0.976884,0.757508,0.0,24.8742
2025-12-21 08:00:00+00:00,3,0.976884,0.757508,0.0,24.8742
2025-12-21 09:00:00+00:00,3,0.976884,0.757508,0.0,24.8742
2025-12-21 10:00:00+00:00,3,0.976884,0.757508,0.0,24.8742
2025-12-21 11:00:00+00:00,3,0.976884,0.757508,0.0,24.8742
2025-12-21 12:00:00+00:00,3,0.976884,0.757508,0.0,24.8742
2025-12-21 13:00:00+00:00,3,0.976884,0.757508,0.0,24.8742
2025-12-21 14:00:00+00:00,3,0.976884,0.757508,0.0,24.8742
2025-12-21 15:00:00+00:00,3,0.976884,0.757508,0.0,24.8742
2025-12-21 16:00:00+00:00,3,0.976884,0.757508,0.0,24.8742
2025-12-21 17:00:00+00:00,3,0.976884,0.757508,0.0,24.8742
2025-12-21 18:00:00+00:00,3,0.976884,0.757508,0.0,24.8742
2025-12-21 19:00:00+00:00,3,0.976884,0.757508,0.0,24.8742
2025-12-21 20:00:00+00:00,3,0.976884,0.757508,0.0,24.8742
2025-12-21 21:00:00+00:00,3,0.976884,0.757508,0.0,24.8742
2025-12-21 22:00:00+00:00,3,0.976884,0.757508,0.0,24.8742
2025-12-21 23:00:00+00:00,3,0.976884,0.757508,0.0,24.8742
2025-12-22 00:00:00+00:00,3,0.976884,0.757508,0.0,24.8742
2025-12-22 01:00:00+00:00,3,0.976884,0.757508,0.0,24.8742
2025-12-22 02:00:00+00:00,3,0.976884,0.757508,0.0,24.8742
2025-12-22 03:00:00+00:00,3,0.976884,0.757508,0.0,24.8742
2025-12-22 04:00:00+00:00,3,0.976884,0.757508,0.0,24.8742
2025-12-22 05:00:00+00:00,3,0.976884,0.757508,0.0,24.8742
2025-12-22 06:00:00+00:00,3,0.976884,0.757508,0.0,24.8742
2025-12-22 07:00:00+00:00,3,0.976884,0.757508,0.0,24.8742
2025-12-22 08:00:00+00:00,3,0.976884,0.757508,0.0,24.8742
2025-12-22 09:00:00+00:00,3,0.976884,0.757508,0.0,24.8742
2025-12-22 10:00:00+00:00,3,0.976884,0.757508,0.0,24.8742
2025-12-22 11:00:00+00:00,3,0.976884,0.757508,0.0,24.8742
2025-12-22 12:00:00+00:00,3,0.976884,0.757508,0.0,24.8742
2025-12-22 13:00:00+00:00,3,0.976884,0.757508,0.0,24.8742
2025-12-22 14:00:00+00:00,3,0.976884,0.757508,0.0,24.8742
2025-12-22 15:00:00+00:00,3,0.976884,0.757508,0.0,24.8742
2025-12-22 16:00:00+00:00,3,0.976884,0.757508,0.0,24.8742
2025-12-22 17:00:00+00:00,3,0.976884,0.757508,0.0,24.8742
2025-12-22 18:00:00+00:00,3,0.976884,0.757508,0.0,24.8742
2025-12-22 19:00:00+00:00,3,0.976884,0.757508,0.0,24.8742
2025-12-22 20:00:00+00:00,3,0.976884,0.757508,0.0,24.8742
2025-12-22 21:00:00+00:00,3,0.976884,0.757508,0.0,24.8742
2025-12-22 22:00:00+00:00,3,0.976884,0.757508,0.0,24.8742
2025-12-22 23:00:00+00:00,3,0.976884,0.757508,0.0,24.8742
2025-12-23 00:00:00+00:00,3,0.976884,0.757508,0.0,24.8742
2025-12-23 01:00:00+00:00,3,0.976884,0.757508,0.0,24.8742
2025-12-23 02:00:00+00:00,3,0.976884,0.757508,0.0,24.8742
2025-12-23 03:00:00+00:00,3,0.976884,0.757508,0.0,24.8742
2025-12-23 04:00:00+00:00,3,0.976884,0.757508,0.0,24.8742
2025-12-23 05:00:00+00:00,3,0.976884,0.757508,0.0,24.8742
2025-12-23 06:00:00+00:00,3,0.976884,0.757508,0.0,24.8742
2025-12-23 07:00:00+00:00,3,0.976884,0.757508,0.0,24.8742
2025-12-23 08:00:00+00:00,3,0.976884,0.757508,0.0,24.8742
2025-12-23 09:00:00+00:00,3,0.976884,0.757508,0.0,24.8742
2025-12-23 10:00:00+00:00,3,0.976884,0.757508,0.0,24.8742
2025-12-23 11:00:00+00:00,3,0.976884,0.757508,0.0,24.8742
2025-12-23 12:00:00+00:00,3,0.976884,0.757508,0.0,24.8742
2025-12-23 13:00:00+00:00,3,0.976884,0.757508,0.0,24.8742
2025-12-23 14:00:00+00:00,3,0.976884,0.757508,0.0,24.8742
2025-12-23 15:00:00+00:00,3,0.976884,0.757508,0.0,24.8742
2025-12-23 16:00:00+00:00,3,0.976884,0.757508,0.0,24.8742
2025-12-23 17:00:00+00:00,3,0.976884,0.757508,0.0,24.8742
2025-12-23 18:00:00+00:00,3,0.976884,0.757508,0.0,24.8742
2025-12-23 19:00:00+00:00,3,0.976884,0.757508,0.0,24.8742
2025-12-23 20:00:00+00:00,3,0.976884,0.757508,0.0,24.8742
2025-12-23 21:00:00+00:00,3,0.976884,0.757508,0.0,24.8742
2025-12-23 22:00:00+00:00,3,0.976884,0.757508,0.0,24.8742
2025-12-23 23:00:00+00:00,3,0.976884,0.757508,0.0,24.8742
2025-12-24 00:00:00+00:00,3,0.976884,0.757508,0.0,24.8742
2025-12-24 01:00:00+00:00,3,0.976884,0.757508,0.0,24.8742
2025-12-24 02:00:00+00:00,3,0.976884,0.757508,0.0,24.8742
2025-12-24 03:00:00+00:00,3,0.976884,0.757508,0.0,24.8742
2025-12-24 04:00:00+00:00,3,0.976884,0.757508,0.0,24.8742
2025-12-24 05:00:00+00:00,3,0.976884,0.757508,0.0,24.8742
2025-12-24 06:00:00+00:00,3,0.976884,0.757508,0.0,24.8742
2025-12-24 07:00:00+00:00,3,0.976884,0.757508,0.0,24.8742
2025-12-24 08:00:00+00:00,3,0.976884,0.757508,0.0,24.8742
2025-12-24 09:00:00+00:00,3,0.976884,0.757508,0.0,24.8742
2025-12-24 10:00:00+00:00,3,0.976884,0.757508,0.0,24.8742
2025-12-24 11:00:00+00:00,3,0.976884,0.757508,0.0,24.8742
2025-12-24 12:00:00+00:00,3,0.976884,0.757508,0.0,24.8742
2025-12-24 13:00:00+00:00,3,0.976884,0.757508,0.0,24.8742
2025-12-24 14:00:00+00:00,3,0.976884,0.757508,0.0,24.8742
2025-12-24 15:00:00+00:00,3,0.976884,0.757508,0.0,24.8742
2025-12-24 16:00:00+00:00,3,0.976884,0.757508,0.0,24.8742
2025-12-24 17:00:00+00:00,3,0.976884,0.757508,0.0,24.8742
2025-12-24 18:00:00+00:00,3,0.976884,0.757508,0.0,24.8742
2025-12-24 19:00:00+00:00,3,0.976884,0.757508,0.0,24.8742
2025-12-24 20:00:00+00:00,3,0.976884,0.757508,0.0,24.8742
2025-12-24 21:00:00+00:00,3,0.976884,0.757508,0.0,24.8742
2025-12-24 22:00:00+00:00,3,0.976884,0.757508,0.0,24.8742
2025-12-24 23:00:00+00:00,3,0.976884,0.757508,0.0,24.8742
2025-12-25 00:00:00+00:00,3,0.976884,0.757508,0.0,24.8742
2025-12-25 01:00:00+00:00,3,0.976884,0.757508,0.0,24.8742
2025-12-25 02:00:00+00:00,3,0.976884,0.757508,0.0,24.8742
2025-12-25 03:00:00+00:00,3,0.976884,0.757508,0.0,24.8742
2025-12-25 04:00:00+00:00,3,0.976884,0.757508,0.0,24.8742
2025-12-25 05:00:00+00:00,3,0.976884,0.757508,0.0,24.8742
2025-12-25 06:00:00+00:00,3,0.976884,0.757508,0.0,24.8742
2025-12-25 07:00:00+00:00,3,0.976884,0.757508,0.0,24.8742
2025-12-25 08:00:00+00:00,3,0.976884,0.757508,0.0,24.8742
2025-12-25 09:00:00+00:00,3,0.976884,0.757508,0.0,24.8742
2025-12-25 10:00:00+00:00,3,0.976884,0.757508,0.0,24.8742
2025-12-25 11:00:00+00:00,3,0.976884,0.757508,0.0,24.8742
2025-12-25 12:00:00+00:00,3,0.976884,0.757508,0.0,24.8742
2025-12-25 13:00:00+00:00,3,0.976884,0.757508,0.0,24.8742
2025-12-25 14:00:00+00:00,3,0.976884,0.757508,0.0,24.8742
2025-12-25 15:00:00+00:00,3,0.976884,0.757508,0.0,24.8742
2025-12-25 16:00:00+00:00,3,0.976884,0.757508,0.0,24.8742
2025-12-25 17:00:00+00:00,3,0.976884,0.757508,0.0,24.8742
2025-12-25 18:00:00+00:00,3,0.976884,0.757508,0.0,24.8742
2025-12-25 19:00:00+00:00,3,0.976884,0.757508,0.0,24.8742
2025-12-25 20:00:00+00:00,3,0.976884,0.757508,0.0,24.8742
2025-12-25 21:00:00+00:00,3,0.976884,0.757508,0.0,24.8742
2025-12-25 22:00:00+00:00,3,0.976884,0.757508,0.0,24.8742
2025-12-25 23:00:00+00:00,3,0.976884,0.757508,0.0,24.8742
2025-12-26 00:00:00+00:00,3,0.976884,0.757508,0.0,24.8742
2025-12-26 01:00:00+00:00,3,0.976884,0.757508,0.0,24.8742
2025-12-26 02:00:00+00:00,3,0.976884,0.757508,0.0,24.8742
2025-12-26 03:00:00+00:00,3,0.976884,0.757508,0.0,24.8742
2025-12-26 04:00:00+00:00,3,0.976884,0.757508,0.0,24.8742
2025-12-26 05:00:00+00:00,3,0.976884,0.757508,0.0,24.8742
2025-12-26 06:00:00+00:00,3,0.976884,0.757508,0.0,24.8742
2025-12-26 07:00:00+00:00,3,0.976884,0.757508,0.0,24.8742
2025-12-26 08:00:00+00:00,3,0.976884,0.757508,0.0,24.8742
2025-12-26 09:00:00+00:00,3,0.976884,0.757508,0.0,24.8742
2025-12-26 10:00:00+00:00,3,0.976884,0.757508,0.0,24.8742
2025-12-26 11:00:00+00:00,3,0.976884,0.757508,0.0,24.8742
2025-12-26 12:00:00+00:00,3,0.976884,0.757508,0.0,24.8742
2025-12-26 13:00:00+00:00,3,0.976884,0.757508,0.0,24.8742
2025-12-26 14:00:00+00:00,3,0.976884,0.757508,0.0,24.8742
2025-12-26 15:00:00+00:00,3,0.976884,0.757508,0.0,24.8742
2025-12-26 16:00:00+00:00,3,0.976884,0.757508,0.0,24.8742
2025-12-26 17:00:00+00:00,3,0.976884,0.757508,0.0,24.8742
2025-12-26 18:00:00+00:00,3,0.976884,0.757508,0.0,24.8742
2025-12-26 19:00:00+00:00,3,0.976884,0.757508,0.0,24.8742
2025-12-26 20:00:00+00:00,3,0.976884,0.757508,0.0,24.8742
2025-12-26 21:00:00+00:00,3,0.976884,0.757508,0.0,24.8742
2025-12-26 22:00:00+00:00,3,0.976884,0.757508,0.0,24.8742
2025-12-26 23:00:00+00:00,3,0.976884,0.757508,0.0,24.8742
2025-12-27 00:00:00+00:00,3,0.976884,0.757508,0.0,24.8742
2025-12-27 01:00:00+00:00,3,0.976884,0.757508,0.0,24.8742
2025-12-27 02:00:00+00:00,3,0.976884,0.757508,0.0,24.8742
2025-12-27 03:00:00+00:00,3,0.976884,0.757508,0.0,24.8742
2025-12-27 04:00:00+00:00,3,0.976884,0.757508,0.0,24.8742
2025-12-27 05:00:00+00:00,3,0.976884,0.757508,0.0,24.8742
2025-12-27 06:00:00+00:00,3,0.976884,0.757508,0.0,24.8742
2025-12-27 07:00:00+00:00,3,0.976884,0.757508,0.0,24.8742
2025-12-27 08:00:00+00:00,3,0.976884,0.757508,0.0,24.8742
2025-12-27 09:00:00+00:00,3,0.976884,0.757508,0.0,24.8742
2025-12-27 10:00:00+00:00,3,0.976884,0.757508,0.0,24.8742
2025-12-27 11:00:00+00:00,3,0.976884,0.757508,0.0,24.8742
2025-12-27 12:00:00+00:00,3,0.976884,0.757508,0.0,24.8742
2025-12-27 13:00:00+00:00,3,0.976884,0.757508,0.0,24.8742
2025-12-27 14:00:00+00:00,3,0.976884,0.757508,0.0,24.8742
2025-12-27 15:00:00+00:00,3,0.976884,0.757508,0.0,24.8742
2025-12-27 16:00:00+00:00,3,0.976884,0.757508,0.0,24.8742
2025-12-27 17:00:00+00:00,3,0.976884,0.757508,0.0,24.8742
2025-12-27 18:00:00+00:00,3,0.976884,0.757508,0.0,24.8742
2025-12-27 19:00:00+00:00,3,0.976884,0.757508,0.0,24.8742
2025-12-27 20:00:00+00:00,3,0.976884,0.757508,0.0,24.8742
2025-12-27 21:00:00+00:00,3,0.976884,0.757508,0.0,24.8742
2025-12-27 22:00:00+00:00,3,0.976884,0.757508,0.0,24.8742
2025-12-27 23:00:00+00:00,3,0.976884,0.757508,0.0,24.8742
2025-12-28 00:00:00+00:00,3,0.976884,0.757508,0.0,24.8742
2025-12-28 01:00:00+00:00,3,0.976884,0.757508,0.0,24.8742
2025-12-28 02:00:00+00:00,3,0.976884,0.757508,0.0,24.8742
2025-12-28 03:00:00+00:00,3,0.976884,0.757508,0.0,24.8742
2025-12-28 04:00:00+00:00,3,0.976884,0.757508,0.0,24.8742
2025-12-28 05:00:00+00:00,3,0.976884,0.757508,0.0,24.8742
2025-12-28 06:00:00+00:00,3,0.976884,0.757508,0.0,24.8742
2025-12-28 07:00:00+00:00,3,0.976884,0.757508,0.0,24.8742
2025-12-28 08:00:00+00:00,3,0.976884,0.757508,0.0,24.8742
2025-12-28 09:00:00+00:00,3,0.976884,0.757508,0.0,24.8742
2025-12-28 10:00:00+00:00,3,0.976884,0.757508,0.0,24.8742
2025-12-28 11:00:00+00:00,3,0.976884,0.757508,0.0,24.8742
2025-12-28 12:00:00+00:00,3,0.976884,0.757508,0.0,24.8742
2025-12-28 13:00:00+00:00,3,0.976884,0.757508,0.0,24.8742
2025-12-28 14:00:00+00:00,3,0.976884,0.757508,0.0,24.8742
2025-12-28 15:00:00+00:00,3,0.976884,0.757508,0.0,24.8742
2025-12-28 16:00:00+00:00,3,0.976884,0.757508,0.0,24.8742
2025-12-28 17:00:00+00:00,3,0.976884,0.757508,0.0,24.8742
2025-12-28 18:00:00+00:00,3,0.976884,0.757508,0.0,24.8742
2025-12-28 19:00:00+00:00,3,0.976884,0.757508,0.0,24.8742
2025-12-28 20:00:00+00:00,3,0.976884,0.757508,0.0,24.8742
2025-12-28 21:00:00+00:00,3,0.976884,0.757508,0.0,24.8742
2025-12-28 22:00:00+00:00,3,0.976884,0.757508,0.0,24.8742
2025-12-28 23:00:00+00:00,3,0.976884,0.757508,0.0,24.8742
2025-12-29 00:00:00+00:00,3,0.976884,0.757508,0.0,24.8742
2025-12-29 01:00:00+00:00,3,0.976884,0.757508,0.0,24.8742
2025-12-29 02:00:00+00:00,3,0.976884,0.757508,0.0,24.8742
2025-12-29 03:00:00+00:00,3,0.976884,0.757508,0.0,24.8742
2025-12-29 04:00:00+00:00,3,0.976884,0.757508,0.0,24.8742
2025-12-29 05:00:00+00:00,3,0.976884,0.757508,0.0,24.8742
2025-12-29 06:00:00+00:00,3,0.976884,0.757508,0.0,24.8742
2025-12-29 07:00:00+00:00,3,0.976884,0.757508,0.0,24.8742
2025-12-29 08:00:00+00:00,3,0.976884,0.757508,0.0,24.8742
2025-12-29 09:00:00+00:00,3,0.976884,0.757508,0.0,24.8742
2025-12-29 10:00:00+00:00,3,0.976884,0.757508,0.0,24.8742
2025-12-29 11:00:00+00:00,3,0.976884,0.757508,0.0,24.8742
2025-12-29 12:00:00+00:00,3,0.976884,0.757508,0.0,24.8742
2025-12-29 13:00:00+00:00,3,0.976884,0.757508,0.0,24.8742
2025-12-29 14:00:00+00:00,3,0.976884,0.757508,0.0,24.8742
2025-12-29 15:00:00+00:00,3,0.976884,0.757508,0.0,24.8742
2025-12-29 16:00:00+00:00,3,0.976884,0.757508,0.0,24.8742
2025-12-29 17:00:00+00:00,3,0.976884,0.757508,0.0,24.8742
2025-12-29 18:00:00+00:00,3,0.976884,0.757508,0.0,24.8742
2025-12-29 19:00:00+00:00,3,0.976884,0.757508,0.0,24.8742
2025-12-29 20:00:00+00:00,3,0.976884,0.757508,0.0,24.8742
2025-12-29 21:00:00+00:00,3,0.976884,0.757508,0.0,24.8742
2025-12-29 22:00:00+00:00,3,0.976884,0.757508,0.0,24.8742
2025-12-29 23:00:00+00:00,3,0.976884,0.757508,0.0,24.8742
2025-12-30 00:00:00+00:00,3,0.976884,0.757508,0.0,24.8742
2025-12-30 01:00:00+00:00,3,0.976884,0.757508,0.0,24.8742
2025-12-30 02:00:00+00:00,3,0.976884,0.757508,0.0,24.8742
2025-12-30 03:00:00+00:00,3,0.976884,0.757508,0.0,24.8742
2025-12-30 04:00:00+00:00,3,0.976884,0.757508,0.0,24.8742
2025-12-30 05:00:00+00:00,3,0.976884,0.757508,0.0,24.8742
2025-12-30 06:00:00+00:00,3,0.976884,0.757508,0.0,24.8742
2025-12-30 07:00:00+00:00,3,0.976884,0.757508,0.0,24.8742
2025-12-30 08:00:00+00:00,3,0.976884,0.757508,0.0,24.8742
2025-12-30 09:00:00+00:00,3,0.976884,0.757508,0.0,24.8742
2025-12-30 10:00:00+00:00,3,0.976884,0.757508,0.0,24.8742
2025-12-30 11:00:00+00:00,3,0.976884,0.757508,0.0,24.8742
2025-12-30 12:00:00+00:00,3,0.976884,0.757508,0.0,24.8742
2025-12-30 13:00:00+00:00,3,0.976884,0.757508,0.0,24.8742
2025-12-30 14:00:00+00:00,3,0.976884,0.757508,0.0,24.8742
2025-12-30 15:00:00+00:00,3,0.976884,0.757508,0.0,24.8742
2025-12-30 16:00:00+00:00,3,0.976884,0.757508,0.0,24.8742
2025-12-30 17:00:00+00:00,3,0.976884,0.757508,0.0,24.8742
2025-12-30 18:00:00+00:00,3,0.976884,0.757508,0.0,24.8742
2025-12-30 19:00:00+00:00,3,0.976884,0.757508,0.0,24.8742
2025-12-30 20:00:00+00:00,3,0.976884,0.757508,0.0,24.8742
2025-12-30 21:00:00+00:00,3,0.976884,0.757508,0.0,24.8742
2025-12-30 22:00:00+00:00,3,0.976884,0.757508,0.0,24.8742
2025-12-30 23:00:00+00:00,3,0.976884,0.757508,0.0,24.8742
2025-12-31 00:00:00+00:00,3,0.976884,0.757508,0.0,24.8742
2025-12-31 01:00:00+00:00,3,0.976884,0.757508,0.0,24.8742
2025-12-31 02:00:00+00:00,3,0.976884,0.757508,0.0,24.8742
2025-12-31 03:00:00+00:00,3,0.976884,0.757508,0.0,24.8742
2025-12-31 04:00:00+00:00,3,0.976884,0.757508,0.0,24.8742
2025-12-31 05:00:00+00:00,3,0.976884,0.757508,0.0,24.8742
2025-12-31 06:00:00+00:00,3,0.976884,0.757508,0.0,24.8742
2025-12-31 07:00:00+00:00,3,0.976884,0.757508,0.0,24.8742
2025-12-31 08:00:00+00:00,3,0.976884,0.757508,0.0,24.8742
2025-12-31 09:00:00+00:00,3,0.976884,0.757508,0.0,24.8742
2025-12-31 10:00:00+00:00,3,0.976884,0.757508,0.0,24.8742
2025-12-31 11:00:00+00:00,3,0.976884,0.757508,0.0,24.8742
2025-12-31 12:00:00+00:00,3,0.976884,0.757508,0.0,24.8742
2025-12-31 13:00:00+00:00,3,0.976884,0.757508,0.0,24.8742
2025-12-31 14:00:00+00:00,3,0.976884,0.757508,0.0,24.8742
2025-12-31 15:00:00+00:00,3,0.976884,0.757508,0.0,24.8742
2025-12-31 16:00:00+00:00,3,0.976884,0.757508,0.0,24.8742
2025-12-31 17:00:00+00:00,3,0.976884,0.757508,0.0,24.8742
2025-12-31 18:00:00+00:00,3,0.976884,0.757508,0.0,24.8742
2025-12-31 19:00:00+00:00,3,0.976884,0.757508,0.0,24.8742
2025-12-31 20:00:00+00:00,3,0.976884,0.757508,0.0,24.8742
2025-12-31 21:00:00+00:00,3,0.976884,0.757508,0.0,24.8742
2025-12-31 22:00:00+00:00,3,0.976884,0.757508,0.0,24.8742
2025-12-31 23:00:00+00:00,3,0.976884,0.757508,0.0,24.8742
2026-01-01 00:00:00+00:00,3,0.976884,0.757508,0.0,24.8742
2026-01-01 01:00:00+00:00,3,0.976884,0.757508,0.0,24.8742
2026-01-01 02:00:00+00:00,3,0.976884,0.757508,0.0,24.8742
2026-01-01 03:00:00+00:00,3,0.976884,0.757508,0.0,24.8742
2026-01-01 04:00:00+00:00,3,0.976884,0.757508,0.0,24.8742
2026-01-01 05:00:00+00:00,3,0.976884,0.757508,0.0,24.8742
2026-01-01 06:00:00+00:00,3,0.976884,0.757508,0.0,24.8742
2026-01-01 07:00:00+00:00,3,0.976884,0.757508,0.0,24.8742
2026-01-01 08:00:00+00:00,3,0.976884,0.757508,0.0,24.8742
2026-01-01 09:00:00+00:00,3,0.976884,0.757508,0.0,24.8742
2026-01-01 10:00:00+00:00,3,0.976884,0.757508,0.0,24.8742
2026-01-01 11:00:00+00:00,3,0.976884,0.757508,0.0,24.8742
2026-01-01 12:00:00+00:00,3,0.976884,0.757508,0.0,24.8742
2026-01-01 13:00:00+00:00,3,0.976884,0.757508,0.0,24.8742
2026-01-01 14:00:00+00:00,3,0.976884,0.757508,0.0,24.8742
2026-01-01 15:00:00+00:00,3,0.976884,0.757508,0.0,24.8742
2026-01-01 16:00:00+00:00,3,0.976884,0.757508,0.0,24.8742
2026-01-01 17:00:00+00:00,3,0.976884,0.757508,0.0,24.8742
2026-01-01 18:00:00+00:00,3,0.976884,0.757508,0.0,24.8742
2026-01-01 19:00:00+00:00,3,0.976884,0.757508,0.0,24.8742
2026-01-01 20:00:00+00:00,3,0.976884,0.757508,0.0,24.8742
2026-01-01 21:00:00+00:00,3,0.976884,0.757508,0.0,24.8742
2026-01-01 22:00:00+00:00,3,0.976884,0.757508,0.0,24.8742
2026-01-01 23:00:00+00:00,3,0.976884,0.757508,0.0,24.8742
2026-01-02 00:00:00+00:00,3,0.976884,0.757508,0.0,24.8742
2026-01-02 01:00:00+00:00,3,0.976884,0.757508,0.0,24.8742
2026-01-02 02:00:00+00:00,3,0.976884,0.757508,0.0,24.8742
2026-01-02 03:00:00+00:00,3,0.976884,0.757508,0.0,24.8742
2026-01-02 04:00:00+00:00,3,0.976884,0.757508,0.0,24.8742
2026-01-02 05:00:00+00:00,3,0.976884,0.757508,0.0,24.8742
2026-01-02 06:00:00+00:00,3,0.976884,0.757508,0.0,24.8742
2026-01-02 07:00:00+00:00,3,0.976884,0.757508,0.0,24.8742
2026-01-02 08:00:00+00:00,3,0.976884,0.757508,0.0,24.8742
2026-01-02 09:00:00+00:00,3,0.976884,0.757508,0.0,24.8742
2026-01-02 10:00:00+00:00,3,0.976884,0.757508,0.0,24.8742
2026-01-02 11:00:00+00:00,3,0.976884,0.757508,0.0,24.8742
2026-01-02 12:00:00+00:00,3,0.976884,0.757508,0.0,24.8742
2026-01-02 13:00:00+00:00,3,0.976884,0.757508,0.0,24.8742
2026-01-02 14:00:00+00:00,3,0.976884,0.757508,0.0,24.8742
2026-01-02 15:00:00+00:00,3,0.976884,0.757508,0.0,24.8742
2026-01-02 16:00:00+00:00,3,0.976884,0.757508,0.0,24.8742
2026-01-02 17:00:00+00:00,3,0.976884,0.757508,0.0,24.8742
2026-01-02 18:00:00+00:00,3,0.976884,0.757508,0.0,24.8742
2026-01-02 19:00:00+00:00,3,0.976884,0.757508,0.0,24.8742
2026-01-02 20:00:00+00:00,3,0.976884,0.757508,0.0,24.8742
2026-01-02 21:00:00+00:00,3,0.976884,0.757508,0.0,24.8742
2026-01-02 22:00:00+00:00,3,0.976884,0.757508,0.0,24.8742
2026-01-02 23:00:00+00:00,3,0.976884,0.757508,0.0,24.8742
2026-01-03 00:00:00+00:00,3,0.976884,0.757508,0.0,24.8742
2026-01-03 01:00:00+00:00,3,0.976884,0.757508,0.0,24.8742
2026-01-03 02:00:00+00:00,3,0.976884,0.757508,0.0,24.8742
2026-01-03 03:00:00+00:00,3,0.976884,0.757508,0.0,24.8742
2026-01-03 04:00:00+00:00,3,0.976884,0.757508,0.0,24.8742
2026-01-03 05:00:00+00:00,3,0.976884,0.757508,0.0,24.8742
2026-01-03 06:00:00+00:00,3,0.976884,0.757508,0.0,24.8742
2026-01-03 07:00:00+00:00,3,0.976884,0.757508,0.0,24.8742
2026-01-03 08:00:00+00:00,3,0.976884,0.757508,0.0,24.8742
2026-01-03 09:00:00+00:00,3,0.976884,0.757508,0.0,24.8742
2026-01-03 10:00:00+00:00,3,0.976884,0.757508,0.0,24.8742
2026-01-03 11:00:00+00:00,3,0.976884,0.757508,0.0,24.8742
2026-01-03 12:00:00+00:00,3,0.976884,0.757508,0.0,24.8742
2026-01-03 13:00:00+00:00,3,0.976884,0.757508,0.0,24.8742
2026-01-03 14:00:00+00:00,3,0.976884,0.757508,0.0,24.8742
2026-01-03 15:00:00+00:00,3,0.976884,0.757508,0.0,24.8742
2026-01-03 16:00:00+00:00,3,0.976884,0.757508,0.0,24.8742
2026-01-03 17:00:00+00:00,3,0.976884,0.757508,0.0,24.8742
2026-01-03 18:00:00+00:00,3,0.976884,0.757508,0.0,24.8742
2026-01-03 19:00:00+00:00,3,0.976884,0.757508,0.0,24.8742
2026-01-03 20:00:00+00:00,3,0.976884,0.757508,0.0,24.8742
2026-01-03 21:00:00+00:00,3,0.976884,0.757508,0.0,24.8742
2026-01-03 22:00:00+00:00,3,0.976884,0.757508,0.0,24.8742
2026-01-03 23:00:00+00:00,3,0.976884,0.757508,0.0,24.8742
2026-01-04 00:00:00+00:00,3,0.976884,0.757508,0.0,24.8742
2026-01-04 01:00:00+00:00,3,0.976884,0.757508,0.0,24.8742
2026-01-04 02:00:00+00:00,3,0.976884,0.757508,0.0,24.8742
2026-01-04 03:00:00+00:00,3,0.976884,0.757508,0.0,24.8742
2026-01-04 04:00:00+00:00,3,0.976884,0.757508,0.0,24.8742
2026-01-04 05:00:00+00:00,3,0.976884,0.757508,0.0,24.8742
2026-01-04 06:00:00+00:00,3,0.976884,0.757508,0.0,24.8742
2026-01-04 07:00:00+00:00,3,0.976884,0.757508,0.0,24.8742
2026-01-04 08:00:00+00:00,3,0.976884,0.757508,0.0,24.8742
2026-01-04 09:00:00+00:00,3,0.976884,0.757508,0.0,24.8742
2026-01-04 10:00:00+00:00,3,0.976884,0.757508,0.0,24.8742
2026-01-04 11:00:00+00:00,3,0.976884,0.757508,0.0,24.8742
2026-01-04 12:00:00+00:00,3,0.976884,0.757508,0.0,24.8742
2026-01-04 13:00:00+00:00,3,0.976884,0.757508,0.0,24.8742
2026-01-04 14:00:00+00:00,3,0.976884,0.757508,0.0,24.8742
2026-01-04 15:00:00+00:00,3,0.976884,0.757508,0.0,24.8742
2026-01-04 16:00:00+00:00,3,0.976884,0.757508,0.0,24.8742
2026-01-04 17:00:00+00:00,3,0.976884,0.757508,0.0,24.8742
2026-01-04 18:00:00+00:00,3,0.976884,0.757508,0.0,24.8742
2026-01-04 19:00:00+00:00,3,0.976884,0.757508,0.0,24.8742
2026-01-04 20:00:00+00:00,3,0.976884,0.757508,0.0,24.8742
2026-01-04 21:00:00+00:00,3,0.976884,0.757508,0.0,24.8742
2026-01-04 22:00:00+00:00,3,0.976884,0.757508,0.0,24.8742
2026-01-04 23:00:00+00:00,3,0.976884,0.757508,0.0,24.8742
2026-01-05 00:00:00+00:00,3,0.976884,0.757508,0.0,24.8742
2026-01-05 01:00:00+00:00,3,0.976884,0.757508,0.0,24.8742
2026-01-05 02:00:00+00:00,3,0.976884,0.757508,0.0,24.8742
2026-01-05 03:00:00+00:00,3,0.976884,0.757508,0.0,24.8742
2026-01-05 04:00:00+00:00,3,0.976884,0.757508,0.0,24.8742
2026-01-05 05:00:00+00:00,3,0.976884,0.757508,0.0,24.8742
2026-01-05 06:00:00+00:00,3,0.976884,0.757508,0.0,24.8742
2026-01-05 07:00:00+00:00,3,0.976884,0.757508,0.0,24.8742
2026-01-05 08:00:00+00:00,3,0.976884,0.757508,0.0,24.8742
2026-01-05 09:00:00+00:00,3,0.976884,0.757508,0.0,24.8742
2026-01-05 10:00:00+00:00,3,0.976884,0.757508,0.0,24.8742
2026-01-05 11:00:00+00:00,3,0.976884,0.757508,0.0,24.8742
2026-01-05 12:00:00+00:00,3,0.976884,0.757508,0.0,24.8742
2026-01-05 13:00:00+00:00,3,0.976884,0.757508,0.0,24.8742
2026-01-05 14:00:00+00:00,3,0.976884,0.757508,0.0,24.8742
2026-01-05 15:00:00+00:00,3,0.976884,0.757508,0.0,24.8742
2026-01-05 16:00:00+00:00,3,0.976884,0.757508,0.0,24.8742
2026-01-05 17:00:00+00:00,3,0.976884,0.757508,0.0,24.8742
2026-01-05 18:00:00+00:00,3,0.976884,0.757508,0.0,24.8742
2026-01-05 19:00:00+00:00,3,0.976884,0.757508,0.0,24.8742
2026-01-05 20:00:00+00:00,3,0.976884,0.757508,0.0,24.8742
2026-01-05 21:00:00+00:00,3,0.976884,0.757508,0.0,24.8742
2026-01-05 22:00:00+00:00,3,0.976884,0.757508,0.0,24.8742
2026-01-05 23:00:00+00:00,3,0.976884,0.757508,0.0,24.8742
2026-01-06 00:00:00+00:00,3,0.976884,0.757508,0.0,24.8742
2026-01-06 01:00:00+00:00,3,0.976884,0.757508,0.0,24.8742
2026-01-06 02:00:00+00:00,3,0.976884,0.757508,0.0,24.8742
2026-01-06 03:00:00+00:00,3,0.976884,0.757508,0.0,24.8742
2026-01-06 04:00:00+00:00,3,0.976884,0.757508,0.0,24.8742
2026-01-06 05:00:00+00:00,3,0.976884,0.757508,0.0,24.8742
2026-01-06 06:00:00+00:00,3,0.976884,0.757508,0.0,24.8742
2026-01-06 07:00:00+00:00,3,0.976884,0.757508,0.0,24.8742
2026-01-06 08:00:00+00:00,3,0.976884,0.757508,0.0,24.8742
2026-01-06 09:00:00+00:00,3,0.976884,0.757508,0.0,24.8742
2026-01-06 10:00:00+00:00,3,0.976884,0.757508,0.0,24.8742
2026-01-06 11:00:00+00:00,3,0.976884,0.757508,0.0,24.8742
2026-01-06 12:00:00+00:00,3,0.976884,0.757508,0.0,24.8742
2026-01-06 13:00:00+00:00,3,0.976884,0.757508,0.0,24.8742
2026-01-06 14:00:00+00:00,3,0.973933,0.755219,-0.003021,25.1012
2026-01-06 15:00:00+00:00,3,0.973333,0.754754,-0.000616,25.1473
2026-01-06 16:00:00+00:00,3,0.973333,0.754754,0.0,25.1473
2026-01-06 17:00:00+00:00,3,0.973333,0.754754,0.0,25.1473
2026-01-06 18:00:00+00:00,3,0.973333,0.754754,0.0,25.1473
2026-01-06 19:00:00+00:00,3,0.973333,0.754754,0.0,25.1473
2026-01-06 20:00:00+00:00,3,0.973333,0.754754,0.0,25.1473
2026-01-06 21:00:00+00:00,3,0.973333,0.754754,0.0,25.1473
2026-01-06 22:00:00+00:00,3,0.973333,0.754754,0.0,25.1473
2026-01-06 23:00:00+00:00,3,0.973333,0.754754,0.0,25.1473
2026-01-07 00:00:00+00:00,3,0.973333,0.754754,0.0,25.1473
2026-01-07 01:00:00+00:00,3,0.973333,0.754754,0.0,25.1473
2026-01-07 02:00:00+00:00,3,0.973333,0.754754,0.0,25.1473
2026-01-07 03:00:00+00:00,3,0.973333,0.754754,0.0,25.1473
2026-01-07 04:00:00+00:00,3,0.973333,0.754754,0.0,25.1473
2026-01-07 05:00:00+00:00,3,0.973333,0.754754,0.0,25.1473
2026-01-07 06:00:00+00:00,3,0.973333,0.754754,0.0,25.1473
2026-01-07 07:00:00+00:00,3,0.973333,0.754754,0.0,25.1473
2026-01-07 08:00:00+00:00,3,0.973333,0.754754,0.0,25.1473
2026-01-07 09:00:00+00:00,3,0.973333,0.754754,0.0,25.1473
2026-01-07 10:00:00+00:00,3,0.973333,0.754754,0.0,25.1473
2026-01-07 11:00:00+00:00,3,0.973333,0.754754,0.0,25.1473
2026-01-07 12:00:00+00:00,3,0.973333,0.754754,0.0,25.1473
2026-01-07 13:00:00+00:00,3,0.973333,0.754754,0.0,25.1473
2026-01-07 14:00:00+00:00,3,0.973333,0.754754,0.0,25.1473
2026-01-07 15:00:00+00:00,3,0.973333,0.754754,0.0,25.1473
2026-01-07 16:00:00+00:00,3,0.973333,0.754754,0.0,25.1473
2026-01-07 17:00:00+00:00,3,0.973333,0.754754,0.0,25.1473
2026-01-07 18:00:00+00:00,3,0.973333,0.754754,0.0,25.1473
2026-01-07 19:00:00+00:00,3,0.973333,0.754754,0.0,25.1473
2026-01-07 20:00:00+00:00,3,0.973333,0.754754,0.0,25.1473
2026-01-07 21:00:00+00:00,3,0.973333,0.754754,0.0,25.1473
2026-01-07 22:00:00+00:00,3,0.973333,0.754754,0.0,25.1473
2026-01-07 23:00:00+00:00,3,0.973333,0.754754,0.0,25.1473
2026-01-08 00:00:00+00:00,3,0.973333,0.754754,0.0,25.1473
2026-01-08 01:00:00+00:00,3,0.973333,0.754754,0.0,25.1473
2026-01-08 02:00:00+00:00,3,0.973333,0.754754,0.0,25.1473
2026-01-08 03:00:00+00:00,3,0.973333,0.754754,0.0,25.1473
2026-01-08 04:00:00+00:00,3,0.973333,0.754754,0.0,25.1473
2026-01-08 05:00:00+00:00,3,0.973333,0.754754,0.0,25.1473
2026-01-08 06:00:00+00:00,3,0.973333,0.754754,0.0,25.1473
2026-01-08 07:00:00+00:00,3,0.973333,0.754754,0.0,25.1473
2026-01-08 08:00:00+00:00,3,0.973333,0.754754,0.0,25.1473
2026-01-08 09:00:00+00:00,3,0.973333,0.754754,0.0,25.1473
2026-01-08 10:00:00+00:00,3,0.973333,0.754754,0.0,25.1473
2026-01-08 11:00:00+00:00,3,0.973333,0.754754,0.0,25.1473
2026-01-08 12:00:00+00:00,3,0.973333,0.754754,0.0,25.1473
2026-01-08 13:00:00+00:00,3,0.973333,0.754754,0.0,25.1473
2026-01-08 14:00:00+00:00,3,0.973333,0.754754,0.0,25.1473
2026-01-08 15:00:00+00:00,3,0.973333,0.754754,0.0,25.1473
2026-01-08 16:00:00+00:00,3,0.973333,0.754754,0.0,25.1473
2026-01-08 17:00:00+00:00,3,0.973333,0.754754,0.0,25.1473
2026-01-08 18:00:00+00:00,3,0.973333,0.754754,0.0,25.1473
2026-01-08 19:00:00+00:00,3,0.973333,0.754754,0.0,25.1473
2026-01-08 20:00:00+00:00,3,0.973333,0.754754,0.0,25.1473
2026-01-08 21:00:00+00:00,3,0.973333,0.754754,0.0,25.1473
2026-01-08 22:00:00+00:00,3,0.973333,0.754754,0.0,25.1473
2026-01-08 23:00:00+00:00,3,0.973333,0.754754,0.0,25.1473
2026-01-09 00:00:00+00:00,3,0.973333,0.754754,0.0,25.1473
2026-01-09 01:00:00+00:00,3,0.973333,0.754754,0.0,25.1473
2026-01-09 02:00:00+00:00,3,0.973333,0.754754,0.0,25.1473
2026-01-09 03:00:00+00:00,3,0.973333,0.754754,0.0,25.1473
2026-01-09 04:00:00+00:00,3,0.973333,0.754754,0.0,25.1473
2026-01-09 05:00:00+00:00,3,0.973333,0.754754,0.0,25.1473
2026-01-09 06:00:00+00:00,3,0.973333,0.754754,0.0,25.1473
2026-01-09 07:00:00+00:00,3,0.973333,0.754754,0.0,25.1473
2026-01-09 08:00:00+00:00,3,0.973333,0.754754,0.0,25.1473
2026-01-09 09:00:00+00:00,3,0.973333,0.754754,0.0,25.1473
2026-01-09 10:00:00+00:00,3,0.973333,0.754754,0.0,25.1473
2026-01-09 11:00:00+00:00,3,0.973333,0.754754,0.0,25.1473
2026-01-09 12:00:00+00:00,3,0.973333,0.754754,0.0,25.1473
2026-01-09 13:00:00+00:00,3,0.973333,0.754754,0.0,25.1473
2026-01-09 14:00:00+00:00,3,0.973333,0.754754,0.0,25.1473
2026-01-09 15:00:00+00:00,3,0.973333,0.754754,0.0,25.1473
2026-01-09 16:00:00+00:00,3,0.973333,0.754754,0.0,25.1473
2026-01-09 17:00:00+00:00,3,0.973333,0.754754,0.0,25.1473
2026-01-09 18:00:00+00:00,3,0.973333,0.754754,0.0,25.1473
2026-01-09 19:00:00+00:00,3,0.973333,0.754754,0.0,25.1473
2026-01-09 20:00:00+00:00,3,0.973333,0.754754,0.0,25.1473
2026-01-09 21:00:00+00:00,3,0.973333,0.754754,0.0,25.1473
2026-01-09 22:00:00+00:00,3,0.973333,0.754754,0.0,25.1473
2026-01-09 23:00:00+00:00,3,0.973333,0.754754,0.0,25.1473
2026-01-10 00:00:00+00:00,3,0.973333,0.754754,0.0,25.1473
2026-01-10 01:00:00+00:00,3,0.973333,0.754754,0.0,25.1473
2026-01-10 02:00:00+00:00,3,0.973333,0.754754,0.0,25.1473
2026-01-10 03:00:00+00:00,3,0.973333,0.754754,0.0,25.1473
2026-01-10 04:00:00+00:00,3,0.973333,0.754754,0.0,25.1473
2026-01-10 05:00:00+00:00,3,0.973333,0.754754,0.0,25.1473
2026-01-10 06:00:00+00:00,3,0.973333,0.754754,0.0,25.1473
2026-01-10 07:00:00+00:00,3,0.973333,0.754754,0.0,25.1473
2026-01-10 08:00:00+00:00,3,0.973333,0.754754,0.0,25.1473
2026-01-10 09:00:00+00:00,3,0.973333,0.754754,0.0,25.1473
2026-01-10 10:00:00+00:00,3,0.973333,0.754754,0.0,25.1473
2026-01-10 11:00:00+00:00,3,0.973333,0.754754,0.0,25.1473
2026-01-10 12:00:00+00:00,3,0.973333,0.754754,0.0,25.1473
2026-01-10 13:00:00+00:00,3,0.973333,0.754754,0.0,25.1473
2026-01-10 14:00:00+00:00,3,0.973333,0.754754,0.0,25.1473
2026-01-10 15:00:00+00:00,3,0.973333,0.754754,0.0,25.1473
2026-01-10 16:00:00+00:00,3,0.973333,0.754754,0.0,25.1473
2026-01-10 17:00:00+00:00,3,0.973333,0.754754,0.0,25.1473
2026-01-10 18:00:00+00:00,3,0.973333,0.754754,0.0,25.1473
2026-01-10 19:00:00+00:00,3,0.973333,0.754754,0.0,25.1473
2026-01-10 20:00:00+00:00,3,0.973333,0.754754,0.0,25.1473
2026-01-10 21:00:00+00:00,3,0.973333,0.754754,0.0,25.1473
2026-01-10 22:00:00+00:00,3,0.973333,0.754754,0.0,25.1473
2026-01-10 23:00:00+00:00,3,0.973333,0.754754,0.0,25.1473
2026-01-11 00:00:00+00:00,3,0.973333,0.754754,0.0,25.1473
2026-01-11 01:00:00+00:00,3,0.973333,0.754754,0.0,25.1473
2026-01-11 02:00:00+00:00,3,0.973333,0.754754,0.0,25.1473
2026-01-11 03:00:00+00:00,3,0.973333,0.754754,0.0,25.1473
2026-01-11 04:00:00+00:00,3,0.973333,0.754754,0.0,25.1473
2026-01-11 05:00:00+00:00,3,0.973333,0.754754,0.0,25.1473
2026-01-11 06:00:00+00:00,3,0.973333,0.754754,0.0,25.1473
2026-01-11 07:00:00+00:00,3,0.973333,0.754754,0.0,25.1473
2026-01-11 08:00:00+00:00,3,0.973333,0.754754,0.0,25.1473
2026-01-11 09:00:00+00:00,3,0.973333,0.754754,0.0,25.1473
2026-01-11 10:00:00+00:00,3,0.973333,0.754754,0.0,25.1473
2026-01-11 11:00:00+00:00,3,0.973333,0.754754,0.0,25.1473
2026-01-11 12:00:00+00:00,3,0.973333,0.754754,0.0,25.1473
2026-01-11 13:00:00+00:00,3,0.973333,0.754754,0.0,25.1473
2026-01-11 14:00:00+00:00,3,0.973333,0.754754,0.0,25.1473
2026-01-11 15:00:00+00:00,3,0.973333,0.754754,0.0,25.1473
2026-01-11 16:00:00+00:00,3,0.973333,0.754754,0.0,25.1473
2026-01-11 17:00:00+00:00,3,0.973333,0.754754,0.0,25.1473
2026-01-11 18:00:00+00:00,3,0.973333,0.754754,0.0,25.1473
2026-01-11 19:00:00+00:00,3,0.973333,0.754754,0.0,25.1473
2026-01-11 20:00:00+00:00,3,0.973333,0.754754,0.0,25.1473
2026-01-11 21:00:00+00:00,3,0.973333,0.754754,0.0,25.1473
2026-01-11 22:00:00+00:00,3,0.973333,0.754754,0.0,25.1473
2026-01-11 23:00:00+00:00,3,0.973333,0.754754,0.0,25.1473
2026-01-12 00:00:00+00:00,3,0.973333,0.754754,0.0,25.1473
2026-01-12 01:00:00+00:00,3,0.973333,0.754754,0.0,25.1473
2026-01-12 02:00:00+00:00,3,0.973333,0.754754,0.0,25.1473
2026-01-12 03:00:00+00:00,3,0.973333,0.754754,0.0,25.1473
2026-01-12 04:00:00+00:00,3,0.973333,0.754754,0.0,25.1473
2026-01-12 05:00:00+00:00,3,0.973333,0.754754,0.0,25.1473
2026-01-12 06:00:00+00:00,3,0.973333,0.754754,0.0,25.1473
2026-01-12 07:00:00+00:00,3,0.973333,0.754754,0.0,25.1473
2026-01-12 08:00:00+00:00,3,0.973333,0.754754,0.0,25.1473
2026-01-12 09:00:00+00:00,3,0.973333,0.754754,0.0,25.1473
2026-01-12 10:00:00+00:00,3,0.973333,0.754754,0.0,25.1473
2026-01-12 11:00:00+00:00,3,0.973333,0.754754,0.0,25.1473
2026-01-12 12:00:00+00:00,3,0.973333,0.754754,0.0,25.1473
2026-01-12 13:00:00+00:00,3,0.973333,0.754754,0.0,25.1473
2026-01-12 14:00:00+00:00,3,0.974662,0.755785,0.001366,25.0451
2026-01-12 15:00:00+00:00,3,0.974062,0.755319,-0.000616,25.0913
2026-01-12 16:00:00+00:00,3,0.970404,0.752482,-0.003756,25.3726
2026-01-12 17:00:00+00:00,3,0.969804,0.752017,-0.000618,25.4187
2026-01-12 18:00:00+00:00,3,0.969804,0.752017,0.0,25.4187
2026-01-12 19:00:00+00:00,3,0.969804,0.752017,0.0,25.4187
2026-01-12 20:00:00+00:00,3,0.969804,0.752017,0.0,25.4187
2026-01-12 21:00:00+00:00,3,0.969804,0.752017,0.0,25.4187
2026-01-12 22:00:00+00:00,3,0.969804,0.752017,0.0,25.4187
2026-01-12 23:00:00+00:00,3,0.969804,0.752017,0.0,25.4187
2026-01-13 00:00:00+00:00,3,0.969804,0.752017,0.0,25.4187
2026-01-13 01:00:00+00:00,3,0.969804,0.752017,0.0,25.4187
2026-01-13 02:00:00+00:00,3,0.969804,0.752017,0.0,25.4187
2026-01-13 03:00:00+00:00,3,0.969804,0.752017,0.0,25.4187
2026-01-13 04:00:00+00:00,3,0.969804,0.752017,0.0,25.4187
2026-01-13 05:00:00+00:00,3,0.969804,0.752017,0.0,25.4187
2026-01-13 06:00:00+00:00,3,0.969804,0.752017,0.0,25.4187
2026-01-13 07:00:00+00:00,3,0.969804,0.752017,0.0,25.4187
2026-01-13 08:00:00+00:00,3,0.969804,0.752017,0.0,25.4187
2026-01-13 09:00:00+00:00,3,0.969804,0.752017,0.0,25.4187
2026-01-13 10:00:00+00:00,3,0.969804,0.752017,0.0,25.4187
2026-01-13 11:00:00+00:00,3,0.969804,0.752017,0.0,25.4187
2026-01-13 12:00:00+00:00,3,0.969804,0.752017,0.0,25.4187
2026-01-13 13:00:00+00:00,3,0.969804,0.752017,0.0,25.4187
2026-01-13 14:00:00+00:00,3,0.969804,0.752017,0.0,25.4187
2026-01-13 15:00:00+00:00,3,0.969804,0.752017,0.0,25.4187
2026-01-13 16:00:00+00:00,3,0.969804,0.752017,0.0,25.4187
2026-01-13 17:00:00+00:00,3,0.969804,0.752017,0.0,25.4187
2026-01-13 18:00:00+00:00,3,0.969804,0.752017,0.0,25.4187
2026-01-13 19:00:00+00:00,3,0.969804,0.752017,0.0,25.4187
2026-01-13 20:00:00+00:00,3,0.969804,0.752017,0.0,25.4187
2026-01-13 21:00:00+00:00,3,0.969804,0.752017,0.0,25.4187
2026-01-13 22:00:00+00:00,3,0.969804,0.752017,0.0,25.4187
2026-01-13 23:00:00+00:00,3,0.969804,0.752017,0.0,25.4187
2026-01-14 00:00:00+00:00,3,0.969804,0.752017,0.0,25.4187
2026-01-14 01:00:00+00:00,3,0.969804,0.752017,0.0,25.4187
2026-01-14 02:00:00+00:00,3,0.969804,0.752017,0.0,25.4187
2026-01-14 03:00:00+00:00,3,0.969804,0.752017,0.0,25.4187
2026-01-14 04:00:00+00:00,3,0.969804,0.752017,0.0,25.4187
2026-01-14 05:00:00+00:00,3,0.969804,0.752017,0.0,25.4187
2026-01-14 06:00:00+00:00,3,0.969804,0.752017,0.0,25.4187
2026-01-14 07:00:00+00:00,3,0.969804,0.752017,0.0,25.4187
2026-01-14 08:00:00+00:00,3,0.969804,0.752017,0.0,25.4187
2026-01-14 09:00:00+00:00,3,0.969804,0.752017,0.0,25.4187
2026-01-14 10:00:00+00:00,3,0.969804,0.752017,0.0,25.4187
2026-01-14 11:00:00+00:00,3,0.969804,0.752017,0.0,25.4187
2026-01-14 12:00:00+00:00,3,0.969804,0.752017,0.0,25.4187
2026-01-14 13:00:00+00:00,3,0.969804,0.752017,0.0,25.4187
2026-01-14 14:00:00+00:00,3,0.969804,0.752017,0.0,25.4187
2026-01-14 15:00:00+00:00,3,0.969804,0.752017,0.0,25.4187
2026-01-14 16:00:00+00:00,3,0.969804,0.752017,0.0,25.4187
2026-01-14 17:00:00+00:00,3,0.969804,0.752017,0.0,25.4187
2026-01-14 18:00:00+00:00,3,0.969804,0.752017,0.0,25.4187
2026-01-14 19:00:00+00:00,3,0.969804,0.752017,0.0,25.4187
2026-01-14 20:00:00+00:00,3,0.969804,0.752017,0.0,25.4187
2026-01-14 21:00:00+00:00,3,0.969804,0.752017,0.0,25.4187
2026-01-14 22:00:00+00:00,3,0.969804,0.752017,0.0,25.4187
2026-01-14 23:00:00+00:00,3,0.969804,0.752017,0.0,25.4187
2026-01-15 00:00:00+00:00,3,0.969804,0.752017,0.0,25.4187
2026-01-15 01:00:00+00:00,3,0.969804,0.752017,0.0,25.4187
2026-01-15 02:00:00+00:00,3,0.969804,0.752017,0.0,25.4187
2026-01-15 03:00:00+00:00,3,0.969804,0.752017,0.0,25.4187
2026-01-15 04:00:00+00:00,3,0.969804,0.752017,0.0,25.4187
2026-01-15 05:00:00+00:00,3,0.969804,0.752017,0.0,25.4187
2026-01-15 06:00:00+00:00,3,0.969804,0.752017,0.0,25.4187
2026-01-15 07:00:00+00:00,3,0.969804,0.752017,0.0,25.4187
2026-01-15 08:00:00+00:00,3,0.969804,0.752017,0.0,25.4187
2026-01-15 09:00:00+00:00,3,0.969804,0.752017,0.0,25.4187
2026-01-15 10:00:00+00:00,3,0.969804,0.752017,0.0,25.4187
2026-01-15 11:00:00+00:00,3,0.969804,0.752017,0.0,25.4187
2026-01-15 12:00:00+00:00,3,0.969804,0.752017,0.0,25.4187
2026-01-15 13:00:00+00:00,3,0.969804,0.752017,0.0,25.4187
2026-01-15 14:00:00+00:00,3,0.969804,0.752017,0.0,25.4187
2026-01-15 15:00:00+00:00,3,0.969804,0.752017,0.0,25.4187
2026-01-15 16:00:00+00:00,3,0.969804,0.752017,0.0,25.4187
2026-01-15 17:00:00+00:00,3,0.969804,0.752017,0.0,25.4187
2026-01-15 18:00:00+00:00,3,0.969804,0.752017,0.0,25.4187
2026-01-15 19:00:00+00:00,3,0.969804,0.752017,0.0,25.4187
2026-01-15 20:00:00+00:00,3,0.969804,0.752017,0.0,25.4187
2026-01-15 21:00:00+00:00,3,0.969804,0.752017,0.0,25.4187
2026-01-15 22:00:00+00:00,3,0.969804,0.752017,0.0,25.4187
2026-01-15 23:00:00+00:00,3,0.969804,0.752017,0.0,25.4187
2026-01-16 00:00:00+00:00,3,0.969804,0.752017,0.0,25.4187
2026-01-16 01:00:00+00:00,3,0.969804,0.752017,0.0,25.4187
2026-01-16 02:00:00+00:00,3,0.969804,0.752017,0.0,25.4187
2026-01-16 03:00:00+00:00,3,0.969804,0.752017,0.0,25.4187
2026-01-16 04:00:00+00:00,3,0.969804,0.752017,0.0,25.4187
2026-01-16 05:00:00+00:00,3,0.969804,0.752017,0.0,25.4187
2026-01-16 06:00:00+00:00,3,0.969804,0.752017,0.0,25.4187
2026-01-16 07:00:00+00:00,3,0.969804,0.752017,0.0,25.4187
2026-01-16 08:00:00+00:00,3,0.969804,0.752017,0.0,25.4187
2026-01-16 09:00:00+00:00,3,0.969804,0.752017,0.0,25.4187
2026-01-16 10:00:00+00:00,3,0.969804,0.752017,0.0,25.4187
2026-01-16 11:00:00+00:00,3,0.969804,0.752017,0.0,25.4187
2026-01-16 12:00:00+00:00,3,0.969804,0.752017,0.0,25.4187
2026-01-16 13:00:00+00:00,3,0.969804,0.752017,0.0,25.4187
2026-01-16 14:00:00+00:00,3,0.969804,0.752017,0.0,25.4187
2026-01-16 15:00:00+00:00,3,0.969804,0.752017,0.0,25.4187
2026-01-16 16:00:00+00:00,3,0.969804,0.752017,0.0,25.4187
2026-01-16 17:00:00+00:00,3,0.969804,0.752017,0.0,25.4187
2026-01-16 18:00:00+00:00,3,0.969804,0.752017,0.0,25.4187
2026-01-16 19:00:00+00:00,3,0.969804,0.752017,0.0,25.4187
2026-01-16 20:00:00+00:00,3,0.969804,0.752017,0.0,25.4187
2026-01-16 21:00:00+00:00,3,0.969804,0.752017,0.0,25.4187
2026-01-16 22:00:00+00:00,3,0.969804,0.752017,0.0,25.4187
2026-01-16 23:00:00+00:00,3,0.969804,0.752017,0.0,25.4187
2026-01-17 00:00:00+00:00,3,0.969804,0.752017,0.0,25.4187
2026-01-17 01:00:00+00:00,3,0.969804,0.752017,0.0,25.4187
2026-01-17 02:00:00+00:00,3,0.969804,0.752017,0.0,25.4187
2026-01-17 03:00:00+00:00,3,0.969804,0.752017,0.0,25.4187
2026-01-17 04:00:00+00:00,3,0.969804,0.752017,0.0,25.4187
2026-01-17 05:00:00+00:00,3,0.969804,0.752017,0.0,25.4187
2026-01-17 06:00:00+00:00,3,0.969804,0.752017,0.0,25.4187
2026-01-17 07:00:00+00:00,3,0.969804,0.752017,0.0,25.4187
2026-01-17 08:00:00+00:00,3,0.969804,0.752017,0.0,25.4187
2026-01-17 09:00:00+00:00,3,0.969804,0.752017,0.0,25.4187
2026-01-17 10:00:00+00:00,3,0.969804,0.752017,0.0,25.4187
2026-01-17 11:00:00+00:00,3,0.969804,0.752017,0.0,25.4187
2026-01-17 12:00:00+00:00,3,0.969804,0.752017,0.0,25.4187
2026-01-17 13:00:00+00:00,3,0.969804,0.752017,0.0,25.4187
2026-01-17 14:00:00+00:00,3,0.969804,0.752017,0.0,25.4187
2026-01-17 15:00:00+00:00,3,0.969804,0.752017,0.0,25.4187
2026-01-17 16:00:00+00:00,3,0.969804,0.752017,0.0,25.4187
2026-01-17 17:00:00+00:00,3,0.969804,0.752017,0.0,25.4187
2026-01-17 18:00:00+00:00,3,0.969804,0.752017,0.0,25.4187
2026-01-17 19:00:00+00:00,3,0.969804,0.752017,0.0,25.4187
2026-01-17 20:00:00+00:00,3,0.969804,0.752017,0.0,25.4187
2026-01-17 21:00:00+00:00,3,0.969804,0.752017,0.0,25.4187
2026-01-17 22:00:00+00:00,3,0.969804,0.752017,0.0,25.4187
2026-01-17 23:00:00+00:00,3,0.969804,0.752017,0.0,25.4187
2026-01-18 00:00:00+00:00,3,0.969804,0.752017,0.0,25.4187
2026-01-18 01:00:00+00:00,3,0.969804,0.752017,0.0,25.4187
2026-01-18 02:00:00+00:00,3,0.969804,0.752017,0.0,25.4187
2026-01-18 03:00:00+00:00,3,0.969804,0.752017,0.0,25.4187
2026-01-18 04:00:00+00:00,3,0.969804,0.752017,0.0,25.4187
2026-01-18 05:00:00+00:00,3,0.969804,0.752017,0.0,25.4187
2026-01-18 06:00:00+00:00,3,0.969804,0.752017,0.0,25.4187
2026-01-18 07:00:00+00:00,3,0.969804,0.752017,0.0,25.4187
2026-01-18 08:00:00+00:00,3,0.969804,0.752017,0.0,25.4187
2026-01-18 09:00:00+00:00,3,0.969804,0.752017,0.0,25.4187
2026-01-18 10:00:00+00:00,3,0.969804,0.752017,0.0,25.4187
2026-01-18 11:00:00+00:00,3,0.969804,0.752017,0.0,25.4187
2026-01-18 12:00:00+00:00,3,0.969804,0.752017,0.0,25.4187
2026-01-18 13:00:00+00:00,3,0.968545,0.751041,-0.001298,25.5155
2026-01-18 14:00:00+00:00,3,0.967945,0.750576,-0.000619,25.5617
2026-01-18 15:00:00+00:00,3,0.967945,0.750576,0.0,25.5617
2026-01-18 16:00:00+00:00,3,0.967945,0.750576,0.0,25.5617
2026-01-18 17:00:00+00:00,3,0.967945,0.750576,0.0,25.5617
2026-01-18 18:00:00+00:00,3,0.967945,0.750576,0.0,25.5617
2026-01-18 19:00:00+00:00,3,0.967945,0.750576,0.0,25.5617
2026-01-18 20:00:00+00:00,3,0.967945,0.750576,0.0,25.5617
2026-01-18 21:00:00+00:00,3,0.967945,0.750576,0.0,25.5617
2026-01-18 22:00:00+00:00,3,0.967945,0.750576,0.0,25.5617
2026-01-18 23:00:00+00:00,3,0.964388,0.747818,-0.003675,25.8352
2026-01-19 00:00:00+00:00,3,0.96681,0.749696,0.002511,25.6489
2026-01-19 01:00:00+00:00,3,0.966898,0.749765,9.2e-05,25.6421
2026-01-19 02:00:00+00:00,3,0.964119,0.747609,-0.002875,25.8559
2026-01-19 03:00:00+00:00,3,0.953701,0.739531,-0.010805,26.657
2026-01-19 04:00:00+00:00,3,0.952822,0.73885,-0.000921,26.7246
2026-01-19 05:00:00+00:00,3,0.9583,0.743098,0.005749,26.3033
2026-01-19 06:00:00+00:00,3,0.959215,0.743807,0.000955,26.233
2026-01-19 07:00:00+00:00,3,0.959513,0.744039,0.000311,26.21
2026-01-19 08:00:00+00:00,3,0.963648,0.747246,0.00431,25.8919
2026-01-19 09:00:00+00:00,3,0.963048,0.74678,-0.000623,25.9381
2026-01-19 10:00:00+00:00,3,0.963048,0.74678,0.0,25.9381
2026-01-19 11:00:00+00:00,3,0.963048,0.74678,0.0,25.9381
2026-01-19 12:00:00+00:00,3,0.963048,0.74678,0.0,25.9381
2026-01-19 13:00:00+00:00,3,0.963048,0.74678,0.0,25.9381
2026-01-19 14:00:00+00:00,3,0.963048,0.74678,0.0,25.9381
2026-01-19 15:00:00+00:00,3,0.963048,0.74678,0.0,25.9381
2026-01-19 16:00:00+00:00,3,0.963048,0.74678,0.0,25.9381
2026-01-19 17:00:00+00:00,3,0.963048,0.74678,0.0,25.9381
2026-01-19 18:00:00+00:00,3,0.963048,0.74678,0.0,25.9381
2026-01-19 19:00:00+00:00,3,0.963048,0.74678,0.0,25.9381
2026-01-19 20:00:00+00:00,3,0.963048,0.74678,0.0,25.9381
2026-01-19 21:00:00+00:00,3,0.963048,0.74678,0.0,25.9381
2026-01-19 22:00:00+00:00,3,0.963048,0.74678,0.0,25.9381
2026-01-19 23:00:00+00:00,3,0.968501,0.751009,0.005663,25.5187
2026-01-20 00:00:00+00:00,3,0.967901,0.750543,-0.00062,25.5649
2026-01-20 01:00:00+00:00,3,0.967901,0.750543,0.0,25.5649
2026-01-20 02:00:00+00:00,3,0.967901,0.750543,0.0,25.5649
2026-01-20 03:00:00+00:00,3,0.967901,0.750543,0.0,25.5649
2026-01-20 04:00:00+00:00,3,0.967901,0.750543,0.0,25.5649
2026-01-20 05:00:00+00:00,3,0.972208,0.753883,0.004449,25.2337
2026-01-20 06:00:00+00:00,3,0.971608,0.753417,-0.000617,25.2799
2026-01-20 07:00:00+00:00,3,0.971608,0.753417,0.0,25.2799
2026-01-20 08:00:00+00:00,3,0.971608,0.753417,0.0,25.2799
2026-01-20 09:00:00+00:00,3,0.971608,0.753417,0.0,25.2799
2026-01-20 10:00:00+00:00,3,0.971608,0.753417,0.0,25.2799
2026-01-20 11:00:00+00:00,3,0.971608,0.753417,0.0,25.2799
2026-01-20 12:00:00+00:00,3,0.971608,0.753417,0.0,25.2799
2026-01-20 13:00:00+00:00,3,0.971608,0.753417,0.0,25.2799
2026-01-20 14:00:00+00:00,3,0.971608,0.753417,0.0,25.2799
2026-01-20 15:00:00+00:00,3,0.971608,0.753417,0.0,25.2799
2026-01-20 16:00:00+00:00,3,0.971608,0.753417,0.0,25.2799
2026-01-20 17:00:00+00:00,3,0.971608,0.753417,0.0,25.2799
2026-01-20 18:00:00+00:00,3,0.971608,0.753417,0.0,25.2799
2026-01-20 19:00:00+00:00,3,0.971608,0.753417,0.0,25.2799
2026-01-20 20:00:00+00:00,3,0.971608,0.753417,0.0,25.2799
2026-01-20 21:00:00+00:00,3,0.971608,0.753417,0.0,25.2799
2026-01-20 22:00:00+00:00,3,0.971608,0.753417,0.0,25.2799
2026-01-20 23:00:00+00:00,3,0.971608,0.753417,0.0,25.2799
2026-01-21 00:00:00+00:00,3,0.975833,0.756694,0.004349,24.9549
2026-01-21 01:00:00+00:00,3,0.975233,0.756229,-0.000615,25.001
2026-01-21 02:00:00+00:00,3,0.975233,0.756229,0.0,25.001
2026-01-21 03:00:00+00:00,3,0.975233,0.756229,0.0,25.001
2026-01-21 04:00:00+00:00,3,0.975233,0.756229,0.0,25.001
2026-01-21 05:00:00+00:00,3,0.975233,0.756229,0.0,25.001
2026-01-21 06:00:00+00:00,3,0.975233,0.756229,0.0,25.001
2026-01-21 07:00:00+00:00,3,0.975233,0.756229,0.0,25.001
2026-01-21 08:00:00+00:00,3,0.975233,0.756229,0.0,25.001
2026-01-21 09:00:00+00:00,3,0.975233,0.756229,0.0,25.001
2026-01-21 10:00:00+00:00,3,0.975233,0.756229,0.0,25.001
2026-01-21 11:00:00+00:00,3,0.975233,0.756229,0.0,25.001
2026-01-21 12:00:00+00:00,3,0.975233,0.756229,0.0,25.001
2026-01-21 13:00:00+00:00,3,0.975233,0.756229,0.0,25.001
2026-01-21 14:00:00+00:00,3,0.975233,0.756229,0.0,25.001
2026-01-21 15:00:00+00:00,3,0.975233,0.756229,0.0,25.001
2026-01-21 16:00:00+00:00,3,0.975233,0.756229,0.0,25.001
2026-01-21 17:00:00+00:00,3,0.975233,0.756229,0.0,25.001
2026-01-21 18:00:00+00:00,3,0.975233,0.756229,0.0,25.001
2026-01-21 19:00:00+00:00,3,0.975233,0.756229,0.0,25.001
2026-01-21 20:00:00+00:00,3,0.975233,0.756229,0.0,25.001
2026-01-21 21:00:00+00:00,3,0.975233,0.756229,0.0,25.001
2026-01-21 22:00:00+00:00,3,0.975233,0.756229,0.0,25.001
2026-01-21 23:00:00+00:00,3,0.975233,0.756229,0.0,25.001
2026-01-22 00:00:00+00:00,3,0.975233,0.756229,0.0,25.001
2026-01-22 01:00:00+00:00,3,0.975233,0.756229,0.0,25.001
2026-01-22 02:00:00+00:00,3,0.975233,0.756229,0.0,25.001
2026-01-22 03:00:00+00:00,3,0.975233,0.756229,0.0,25.001
2026-01-22 04:00:00+00:00,3,0.975233,0.756229,0.0,25.001
2026-01-22 05:00:00+00:00,3,0.975233,0.756229,0.0,25.001
2026-01-22 06:00:00+00:00,3,0.975233,0.756229,0.0,25.001
2026-01-22 07:00:00+00:00,3,0.975233,0.756229,0.0,25.001
2026-01-22 08:00:00+00:00,3,0.975233,0.756229,0.0,25.001
2026-01-22 09:00:00+00:00,3,0.975233,0.756229,0.0,25.001
2026-01-22 10:00:00+00:00,3,0.975233,0.756229,0.0,25.001
2026-01-22 11:00:00+00:00,3,0.975233,0.756229,0.0,25.001
2026-01-22 12:00:00+00:00,3,0.975233,0.756229,0.0,25.001
2026-01-22 13:00:00+00:00,3,0.975233,0.756229,0.0,25.001
2026-01-22 14:00:00+00:00,3,0.975233,0.756229,0.0,25.001
2026-01-22 15:00:00+00:00,3,0.975233,0.756229,0.0,25.001
2026-01-22 16:00:00+00:00,3,0.975233,0.756229,0.0,25.001
2026-01-22 17:00:00+00:00,3,0.975233,0.756229,0.0,25.001
2026-01-22 18:00:00+00:00,3,0.975233,0.756229,0.0,25.001
2026-01-22 19:00:00+00:00,3,0.975233,0.756229,0.0,25.001
2026-01-22 20:00:00+00:00,3,0.975233,0.756229,0.0,25.001
2026-01-22 21:00:00+00:00,3,0.975233,0.756229,0.0,25.001
2026-01-22 22:00:00+00:00,3,0.975233,0.756229,0.0,25.001
2026-01-22 23:00:00+00:00,3,0.975233,0.756229,0.0,25.001
2026-01-23 00:00:00+00:00,3,0.975233,0.756229,0.0,25.001
2026-01-23 01:00:00+00:00,3,0.975233,0.756229,0.0,25.001
2026-01-23 02:00:00+00:00,3,0.975233,0.756229,0.0,25.001
2026-01-23 03:00:00+00:00,3,0.975233,0.756229,0.0,25.001
2026-01-23 04:00:00+00:00,3,0.975233,0.756229,0.0,25.001
2026-01-23 05:00:00+00:00,3,0.975233,0.756229,0.0,25.001
2026-01-23 06:00:00+00:00,3,0.975233,0.756229,0.0,25.001
2026-01-23 07:00:00+00:00,3,0.975233,0.756229,0.0,25.001
2026-01-23 08:00:00+00:00,3,0.975233,0.756229,0.0,25.001
2026-01-23 09:00:00+00:00,3,0.975233,0.756229,0.0,25.001
2026-01-23 10:00:00+00:00,3,0.975233,0.756229,0.0,25.001
2026-01-23 11:00:00+00:00,3,0.975233,0.756229,0.0,25.001
2026-01-23 12:00:00+00:00,3,0.975233,0.756229,0.0,25.001
2026-01-23 13:00:00+00:00,3,0.975233,0.756229,0.0,25.001
2026-01-23 14:00:00+00:00,3,0.975233,0.756229,0.0,25.001
2026-01-23 15:00:00+00:00,3,0.975233,0.756229,0.0,25.001
2026-01-23 16:00:00+00:00,3,0.975233,0.756229,0.0,25.001
2026-01-23 17:00:00+00:00,3,0.975233,0.756229,0.0,25.001
2026-01-23 18:00:00+00:00,3,0.975233,0.756229,0.0,25.001
2026-01-23 19:00:00+00:00,3,0.975233,0.756229,0.0,25.001
2026-01-23 20:00:00+00:00,3,0.975233,0.756229,0.0,25.001
2026-01-23 21:00:00+00:00,3,0.975233,0.756229,0.0,25.001
2026-01-23 22:00:00+00:00,3,0.972585,0.754176,-0.002715,25.2046
2026-01-23 23:00:00+00:00,3,0.967361,0.750124,-0.005372,25.6065
2026-01-24 00:00:00+00:00,3,0.966761,0.749659,-0.00062,25.6526
2026-01-24 01:00:00+00:00,3,0.966761,0.749659,0.0,25.6526
2026-01-24 02:00:00+00:00,3,0.966761,0.749659,0.0,25.6526
2026-01-24 03:00:00+00:00,3,0.966761,0.749659,0.0,25.6526
2026-01-24 04:00:00+00:00,3,0.966761,0.749659,0.0,25.6526
2026-01-24 05:00:00+00:00,3,0.966761,0.749659,0.0,25.6526
2026-01-24 06:00:00+00:00,3,0.966761,0.749659,0.0,25.6526
2026-01-24 07:00:00+00:00,3,0.966761,0.749659,0.0,25.6526
2026-01-24 08:00:00+00:00,3,0.966761,0.749659,0.0,25.6526
2026-01-24 09:00:00+00:00,3,0.966761,0.749659,0.0,25.6526
2026-01-24 10:00:00+00:00,3,0.966761,0.749659,0.0,25.6526
2026-01-24 11:00:00+00:00,3,0.966761,0.749659,0.0,25.6526
2026-01-24 12:00:00+00:00,3,0.966761,0.749659,0.0,25.6526
2026-01-24 13:00:00+00:00,3,0.966761,0.749659,0.0,25.6526
2026-01-24 14:00:00+00:00,3,0.966761,0.749659,0.0,25.6526
2026-01-24 15:00:00+00:00,3,0.966761,0.749659,0.0,25.6526
2026-01-24 16:00:00+00:00,3,0.966761,0.749659,0.0,25.6526
2026-01-24 17:00:00+00:00,3,0.966761,0.749659,0.0,25.6526
2026-01-24 18:00:00+00:00,3,0.966761,0.749659,0.0,25.6526
2026-01-24 19:00:00+00:00,3,0.966761,0.749659,0.0,25.6526
2026-01-24 20:00:00+00:00,3,0.966761,0.749659,0.0,25.6526
2026-01-24 21:00:00+00:00,3,0.966761,0.749659,0.0,25.6526
2026-01-24 22:00:00+00:00,3,0.966761,0.749659,0.0,25.6526
2026-01-24 23:00:00+00:00,3,0.966761,0.749659,0.0,25.6526
2026-01-25 00:00:00+00:00,3,0.966761,0.749659,0.0,25.6526
2026-01-25 01:00:00+00:00,3,0.966761,0.749659,0.0,25.6526
2026-01-25 02:00:00+00:00,3,0.966761,0.749659,0.0,25.6526
2026-01-25 03:00:00+00:00,3,0.966761,0.749659,0.0,25.6526
2026-01-25 04:00:00+00:00,3,0.966761,0.749659,0.0,25.6526
2026-01-25 05:00:00+00:00,3,0.966761,0.749659,0.0,25.6526
2026-01-25 06:00:00+00:00,3,0.966761,0.749659,0.0,25.6526
2026-01-25 07:00:00+00:00,3,0.966761,0.749659,0.0,25.6526
2026-01-25 08:00:00+00:00,3,0.966761,0.749659,0.0,25.6526
2026-01-25 09:00:00+00:00,3,0.966761,0.749659,0.0,25.6526
2026-01-25 10:00:00+00:00,3,0.966761,0.749659,0.0,25.6526
2026-01-25 11:00:00+00:00,3,0.966761,0.749659,0.0,25.6526
2026-01-25 12:00:00+00:00,3,0.966761,0.749659,0.0,25.6526
2026-01-25 13:00:00+00:00,3,0.966761,0.749659,0.0,25.6526
2026-01-25 14:00:00+00:00,3,0.966761,0.749659,0.0,25.6526
2026-01-25 15:00:00+00:00,3,0.966761,0.749659,0.0,25.6526
2026-01-25 16:00:00+00:00,3,0.966761,0.749659,0.0,25.6526
2026-01-25 17:00:00+00:00,3,0.966761,0.749659,0.0,25.6526
2026-01-25 18:00:00+00:00,3,0.966761,0.749659,0.0,25.6526
2026-01-25 19:00:00+00:00,3,0.966761,0.749659,0.0,25.6526
2026-01-25 20:00:00+00:00,3,0.966761,0.749659,0.0,25.6526
2026-01-25 21:00:00+00:00,3,0.966761,0.749659,0.0,25.6526
2026-01-25 22:00:00+00:00,3,0.966761,0.749659,0.0,25.6526
2026-01-25 23:00:00+00:00,3,0.966761,0.749659,0.0,25.6526
2026-01-26 00:00:00+00:00,3,0.966761,0.749659,0.0,25.6526
2026-01-26 01:00:00+00:00,3,0.966761,0.749659,0.0,25.6526
2026-01-26 02:00:00+00:00,3,0.966761,0.749659,0.0,25.6526
2026-01-26 03:00:00+00:00,3,0.966761,0.749659,0.0,25.6526
2026-01-26 04:00:00+00:00,3,0.966761,0.749659,0.0,25.6526
2026-01-26 05:00:00+00:00,3,0.966761,0.749659,0.0,25.6526
2026-01-26 06:00:00+00:00,3,0.966761,0.749659,0.0,25.6526
2026-01-26 07:00:00+00:00,3,0.966761,0.749659,0.0,25.6526
2026-01-26 08:00:00+00:00,3,0.966761,0.749659,0.0,25.6526
2026-01-26 09:00:00+00:00,3,0.966761,0.749659,0.0,25.6526
2026-01-26 10:00:00+00:00,3,0.966761,0.749659,0.0,25.6526
2026-01-26 11:00:00+00:00,3,0.966761,0.749659,0.0,25.6526
2026-01-26 12:00:00+00:00,3,0.966761,0.749659,0.0,25.6526
2026-01-26 13:00:00+00:00,3,0.966761,0.749659,0.0,25.6526
2026-01-26 14:00:00+00:00,3,0.966761,0.749659,0.0,25.6526
2026-01-26 15:00:00+00:00,3,0.966761,0.749659,0.0,25.6526
2026-01-26 16:00:00+00:00,3,0.966761,0.749659,0.0,25.6526
2026-01-26 17:00:00+00:00,3,0.966761,0.749659,0.0,25.6526
2026-01-26 18:00:00+00:00,3,0.966761,0.749659,0.0,25.6526
2026-01-26 19:00:00+00:00,3,0.966761,0.749659,0.0,25.6526
2026-01-26 20:00:00+00:00,3,0.966761,0.749659,0.0,25.6526
2026-01-26 21:00:00+00:00,3,0.96778,0.75045,0.001055,25.5741
2026-01-26 22:00:00+00:00,3,0.96718,0.749985,-0.00062,25.6203
2026-01-26 23:00:00+00:00,3,0.96718,0.749985,0.0,25.6203
2026-01-27 00:00:00+00:00,3,0.96718,0.749985,0.0,25.6203
2026-01-27 01:00:00+00:00,3,0.96718,0.749985,0.0,25.6203
2026-01-27 02:00:00+00:00,3,0.96718,0.749985,0.0,25.6203
2026-01-27 03:00:00+00:00,3,0.96718,0.749985,0.0,25.6203
2026-01-27 04:00:00+00:00,3,0.96718,0.749985,0.0,25.6203
2026-01-27 05:00:00+00:00,3,0.96718,0.749985,0.0,25.6203
2026-01-27 06:00:00+00:00,3,0.96718,0.749985,0.0,25.6203
2026-01-27 07:00:00+00:00,3,0.96718,0.749985,0.0,25.6203
2026-01-27 08:00:00+00:00,3,0.96718,0.749985,0.0,25.6203
2026-01-27 09:00:00+00:00,3,0.96718,0.749985,0.0,25.6203
2026-01-27 10:00:00+00:00,3,0.96718,0.749985,0.0,25.6203
2026-01-27 11:00:00+00:00,3,0.96718,0.749985,0.0,25.6203
2026-01-27 12:00:00+00:00,3,0.96718,0.749985,0.0,25.6203
2026-01-27 13:00:00+00:00,3,0.96718,0.749985,0.0,25.6203
2026-01-27 14:00:00+00:00,3,0.96718,0.749985,0.0,25.6203
2026-01-27 15:00:00+00:00,3,0.96718,0.749985,0.0,25.6203
2026-01-27 16:00:00+00:00,3,0.96718,0.749985,0.0,25.6203
2026-01-27 17:00:00+00:00,3,0.96718,0.749985,0.0,25.6203
2026-01-27 18:00:00+00:00,3,0.96718,0.749985,0.0,25.6203
2026-01-27 19:00:00+00:00,3,0.96718,0.749985,0.0,25.6203
2026-01-27 20:00:00+00:00,3,0.96718,0.749985,0.0,25.6203
2026-01-27 21:00:00+00:00,3,0.96718,0.749985,0.0,25.6203
2026-01-27 22:00:00+00:00,3,0.96718,0.749985,0.0,25.6203
2026-01-27 23:00:00+00:00,3,0.96718,0.749985,0.0,25.6203
2026-01-28 00:00:00+00:00,3,0.96718,0.749985,0.0,25.6203
2026-01-28 01:00:00+00:00,3,0.968936,0.751347,0.001816,25.4852
2026-01-28 02:00:00+00:00,3,0.968336,0.750882,-0.000619,25.5313
2026-01-28 03:00:00+00:00,3,0.968336,0.750882,0.0,25.5313
2026-01-28 04:00:00+00:00,3,0.968336,0.750882,0.0,25.5313
2026-01-28 05:00:00+00:00,3,0.962499,0.746354,-0.006029,25.9804
2026-01-28 06:00:00+00:00,3,0.961899,0.745889,-0.000623,26.0265
2026-01-28 07:00:00+00:00,3,0.961899,0.745889,0.0,26.0265
2026-01-28 08:00:00+00:00,3,0.961899,0.745889,0.0,26.0265
2026-01-28 09:00:00+00:00,3,0.964351,0.747791,0.002549,25.8379
2026-01-28 10:00:00+00:00,3,0.964063,0.747568,-0.000298,25.86
2026-01-28 11:00:00+00:00,3,0.960443,0.744761,-0.003755,26.1384
2026-01-28 12:00:00+00:00,3,0.962933,0.746692,0.002593,25.9468
2026-01-28 13:00:00+00:00,3,0.961244,0.745382,-0.001754,26.0768
2026-01-28 14:00:00+00:00,3,0.957663,0.742606,-0.003725,26.3521
2026-01-28 15:00:00+00:00,3,0.96313,0.746845,0.005709,25.9317
2026-01-28 16:00:00+00:00,3,0.96253,0.74638,-0.000623,25.9778
2026-01-28 17:00:00+00:00,3,0.957871,0.742767,-0.00484,26.3361
2026-01-28 18:00:00+00:00,3,0.957182,0.742233,-0.00072,26.3891
2026-01-28 19:00:00+00:00,3,0.961313,0.745436,0.004316,26.0714
2026-01-28 20:00:00+00:00,3,0.960713,0.744971,-0.000624,26.1175
2026-01-28 21:00:00+00:00,3,0.963183,0.746886,0.002571,25.9276
2026-01-28 22:00:00+00:00,3,0.962583,0.746421,-0.000623,25.9737
2026-01-28 23:00:00+00:00,3,0.962583,0.746421,0.0,25.9737
2026-01-29 00:00:00+00:00,3,0.962583,0.746421,0.0,25.9737
2026-01-29 01:00:00+00:00,3,0.958139,0.742975,-0.004617,26.3155
2026-01-29 02:00:00+00:00,3,0.957539,0.74251,-0.000626,26.3616
2026-01-29 03:00:00+00:00,3,0.957539,0.74251,0.0,26.3616
2026-01-29 04:00:00+00:00,3,0.957539,0.74251,0.0,26.3616
2026-01-29 05:00:00+00:00,3,0.957539,0.74251,0.0,26.3616
2026-01-29 06:00:00+00:00,3,0.957539,0.74251,0.0,26.3616
2026-01-29 07:00:00+00:00,3,0.957539,0.74251,0.0,26.3616
2026-01-29 08:00:00+00:00,3,0.957539,0.74251,0.0,26.3616
2026-01-29 09:00:00+00:00,3,0.957539,0.74251,0.0,26.3616
2026-01-29 10:00:00+00:00,3,0.957539,0.74251,0.0,26.3616
2026-01-29 11:00:00+00:00,3,0.957539,0.74251,0.0,26.3616
2026-01-29 12:00:00+00:00,3,0.957539,0.74251,0.0,26.3616
2026-01-29 13:00:00+00:00,3,0.957539,0.74251,0.0,26.3616
2026-01-29 14:00:00+00:00,3,0.957539,0.74251,0.0,26.3616
2026-01-29 15:00:00+00:00,3,0.957539,0.74251,0.0,26.3616
2026-01-29 16:00:00+00:00,3,0.957539,0.74251,0.0,26.3616
2026-01-29 17:00:00+00:00,3,0.957539,0.74251,0.0,26.3616
2026-01-29 18:00:00+00:00,3,0.957539,0.74251,0.0,26.3616
2026-01-29 19:00:00+00:00,3,0.957539,0.74251,0.0,26.3616
2026-01-29 20:00:00+00:00,3,0.957539,0.74251,0.0,26.3616
2026-01-29 21:00:00+00:00,3,0.945909,0.733491,-0.012146,27.2561
2026-01-29 22:00:00+00:00,3,0.945309,0.733026,-0.000634,27.3022
2026-01-29 23:00:00+00:00,3,0.945309,0.733026,0.0,27.3022
2026-01-30 00:00:00+00:00,3,0.945309,0.733026,0.0,27.3022
2026-01-30 01:00:00+00:00,3,0.945309,0.733026,0.0,27.3022
2026-01-30 02:00:00+00:00,3,0.945309,0.733026,0.0,27.3022
2026-01-30 03:00:00+00:00,3,0.945309,0.733026,0.0,27.3022
2026-01-30 04:00:00+00:00,3,0.951791,0.738052,0.006857,26.8037
2026-01-30 05:00:00+00:00,3,0.95374,0.739563,0.002047,26.6539
2026-01-30 06:00:00+00:00,3,0.949266,0.736094,-0.004691,26.9979
2026-01-30 07:00:00+00:00,3,0.948666,0.735629,-0.000632,27.044
2026-01-30 08:00:00+00:00,3,0.947685,0.734868,-0.001034,27.1195
2026-01-30 09:00:00+00:00,3,0.947085,0.734403,-0.000633,27.1656
2026-01-30 10:00:00+00:00,3,0.947085,0.734403,0.0,27.1656
2026-01-30 11:00:00+00:00,3,0.942621,0.730942,-0.004713,27.5089
2026-01-30 12:00:00+00:00,3,0.942021,0.730476,-0.000637,27.5551
2026-01-30 13:00:00+00:00,3,0.944558,0.732443,0.002693,27.36
2026-01-30 14:00:00+00:00,3,0.943958,0.731978,-0.000635,27.4061
2026-01-30 15:00:00+00:00,3,0.943958,0.731978,0.0,27.4061
2026-01-30 16:00:00+00:00,3,0.948947,0.735847,0.005286,27.0224
2026-01-30 17:00:00+00:00,3,0.948347,0.735382,-0.000632,27.0685
2026-01-30 18:00:00+00:00,3,0.948347,0.735382,0.0,27.0685
2026-01-30 19:00:00+00:00,3,0.94646,0.733919,-0.00199,27.2136
2026-01-30 20:00:00+00:00,3,0.94586,0.733454,-0.000634,27.2597
2026-01-30 21:00:00+00:00,3,0.944058,0.732056,-0.001905,27.3984
2026-01-30 22:00:00+00:00,3,0.947111,0.734423,0.003233,27.1636
2026-01-30 23:00:00+00:00,3,0.946511,0.733958,-0.000634,27.2097
2026-01-31 00:00:00+00:00,3,0.935552,0.72546,-0.011578,28.0525
2026-01-31 01:00:00+00:00,3,0.934682,0.724785,-0.00093,28.1195
2026-01-31 02:00:00+00:00,3,0.927688,0.719361,-0.007484,28.6574
2026-01-31 03:00:00+00:00,3,0.936456,0.726159,0.009451,27.9832
2026-01-31 04:00:00+00:00,3,0.933048,0.723517,-0.003639,28.2452
2026-01-31 05:00:00+00:00,3,0.941587,0.730139,0.009152,27.5885
2026-01-31 06:00:00+00:00,3,0.940987,0.729674,-0.000637,27.6346
2026-01-31 07:00:00+00:00,3,0.940987,0.729674,0.0,27.6346
2026-01-31 08:00:00+00:00,3,0.93795,0.727319,-0.003227,27.8682
2026-01-31 09:00:00+00:00,3,0.933047,0.723516,-0.005228,28.2453
2026-01-31 10:00:00+00:00,3,0.928227,0.719779,-0.005166,28.6159
2026-01-31 11:00:00+00:00,3,0.941102,0.729762,0.01387,27.6259
2026-01-31 12:00:00+00:00,3,0.942472,0.730825,0.001456,27.5205
2026-01-31 13:00:00+00:00,3,0.945183,0.732926,0.002876,27.3121
2026-01-31 14:00:00+00:00,3,0.95556,0.740973,0.010979,26.514
2026-01-31 15:00:00+00:00,3,0.95496,0.740508,-0.000628,26.5601
2026-01-31 16:00:00+00:00,3,0.95496,0.740508,0.0,26.5601
2026-01-31 17:00:00+00:00,3,0.95496,0.740508,0.0,26.5601
2026-01-31 18:00:00+00:00,3,0.95496,0.740508,0.0,26.5601
2026-01-31 19:00:00+00:00,3,0.95496,0.740508,0.0,26.5601
2026-01-31 20:00:00+00:00,3,0.95496,0.740508,0.0,26.5601
2026-01-31 21:00:00+00:00,3,0.95496,0.740508,0.0,26.5601
2026-01-31 22:00:00+00:00,3,0.95496,0.740508,0.0,26.5601
2026-01-31 23:00:00+00:00,3,0.95496,0.740508,0.0,26.5601
2026-02-01 00:00:00+00:00,3,0.95496,0.740508,0.0,26.5601
2026-02-01 01:00:00+00:00,3,0.95496,0.740508,0.0,26.5601
2026-02-01 02:00:00+00:00,3,0.95496,0.740508,0.0,26.5601
2026-02-01 03:00:00+00:00,3,0.95496,0.740508,0.0,26.5601
2026-02-01 04:00:00+00:00,3,0.95496,0.740508,0.0,26.5601
2026-02-01 05:00:00+00:00,3,0.95496,0.740508,0.0,26.5601
2026-02-01 06:00:00+00:00,3,0.95496,0.740508,0.0,26.5601
2026-02-01 07:00:00+00:00,3,0.95496,0.740508,0.0,26.5601
2026-02-01 08:00:00+00:00,3,0.95496,0.740508,0.0,26.5601
2026-02-01 09:00:00+00:00,3,0.95496,0.740508,0.0,26.5601
2026-02-01 10:00:00+00:00,3,0.95496,0.740508,0.0,26.5601
2026-02-01 11:00:00+00:00,3,0.95496,0.740508,0.0,26.5601
2026-02-01 12:00:00+00:00,3,0.95496,0.740508,0.0,26.5601
2026-02-01 13:00:00+00:00,3,0.95496,0.740508,0.0,26.5601
2026-02-01 14:00:00+00:00,3,0.950143,0.736773,-0.005044,26.9306
2026-02-01 15:00:00+00:00,3,0.949543,0.736308,-0.000631,26.9767
2026-02-01 16:00:00+00:00,3,0.949543,0.736308,0.0,26.9767
2026-02-01 17:00:00+00:00,3,0.949543,0.736308,0.0,26.9767
2026-02-01 18:00:00+00:00,3,0.949543,0.736308,0.0,26.9767
2026-02-01 19:00:00+00:00,3,0.949543,0.736308,0.0,26.9767
2026-02-01 20:00:00+00:00,3,0.949543,0.736308,0.0,26.9767
2026-02-01 21:00:00+00:00,3,0.949543,0.736308,0.0,26.9767
2026-02-01 22:00:00+00:00,3,0.949543,0.736308,0.0,26.9767
2026-02-01 23:00:00+00:00,3,0.949543,0.736308,0.0,26.9767
2026-02-02 00:00:00+00:00,3,0.949543,0.736308,0.0,26.9767
2026-02-02 01:00:00+00:00,3,0.949543,0.736308,0.0,26.9767
2026-02-02 02:00:00+00:00,3,0.949543,0.736308,0.0,26.9767
2026-02-02 03:00:00+00:00,3,0.942339,0.730722,-0.007587,27.5307
2026-02-02 04:00:00+00:00,3,0.943103,0.731314,0.000811,27.472
2026-02-02 05:00:00+00:00,3,0.944854,0.732672,0.001857,27.3373
2026-02-02 06:00:00+00:00,3,0.951237,0.737622,0.006756,26.8464
2026-02-02 07:00:00+00:00,3,0.945507,0.733179,-0.006024,27.287
2026-02-02 08:00:00+00:00,3,0.944907,0.732713,-0.000635,27.3332
2026-02-02 09:00:00+00:00,3,0.944907,0.732713,0.0,27.3332
2026-02-02 10:00:00+00:00,3,0.944907,0.732713,0.0,27.3332
2026-02-02 11:00:00+00:00,3,0.944907,0.732713,0.0,27.3332
2026-02-02 12:00:00+00:00,3,0.944907,0.732713,0.0,27.3332
2026-02-02 13:00:00+00:00,3,0.944907,0.732713,0.0,27.3332
2026-02-02 14:00:00+00:00,3,0.944907,0.732713,0.0,27.3332
2026-02-02 15:00:00+00:00,3,0.944907,0.732713,0.0,27.3332
2026-02-02 16:00:00+00:00,3,0.944907,0.732713,0.0,27.3332
2026-02-02 17:00:00+00:00,3,0.944907,0.732713,0.0,27.3332
2026-02-02 18:00:00+00:00,3,0.944907,0.732713,0.0,27.3332
2026-02-02 19:00:00+00:00,3,0.944907,0.732713,0.0,27.3332
2026-02-02 20:00:00+00:00,3,0.944907,0.732713,0.0,27.3332
2026-02-02 21:00:00+00:00,3,0.944907,0.732713,0.0,27.3332
2026-02-02 22:00:00+00:00,3,0.930714,0.721708,-0.01502,28.4246
2026-02-02 23:00:00+00:00,3,0.930114,0.721242,-0.000645,28.4709
2026-02-03 00:00:00+00:00,3,0.930114,0.721242,0.0,28.4709
2026-02-03 01:00:00+00:00,3,0.924397,0.716809,-0.006147,28.9105
2026-02-03 02:00:00+00:00,3,0.923797,0.716344,-0.000649,28.9566
2026-02-03 03:00:00+00:00,3,0.923797,0.716344,0.0,28.9566
2026-02-03 04:00:00+00:00,3,0.931118,0.722021,0.007925,28.3936
2026-02-03 05:00:00+00:00,3,0.927328,0.719082,-0.00407,28.6851
2026-02-03 06:00:00+00:00,3,0.926728,0.718617,-0.000647,28.7312
2026-02-03 07:00:00+00:00,3,0.913764,0.708564,-0.013989,29.7282
2026-02-03 08:00:00+00:00,3,0.913164,0.708099,-0.000657,29.7743
2026-02-03 09:00:00+00:00,3,0.90827,0.704303,-0.00536,30.1508
2026-02-03 10:00:00+00:00,3,0.906279,0.702759,-0.002192,30.3039
2026-02-03 11:00:00+00:00,3,0.909083,0.704933,0.003093,30.0883
2026-02-03 12:00:00+00:00,3,0.906588,0.702999,-0.002744,30.2801
2026-02-03 13:00:00+00:00,3,0.910408,0.705961,0.004214,29.9863
2026-02-03 14:00:00+00:00,3,0.916751,0.710879,0.006967,29.4986
2026-02-03 15:00:00+00:00,3,0.907886,0.704005,-0.00967,30.1803
2026-02-03 16:00:00+00:00,3,0.90097,0.698642,-0.007618,30.7122
2026-02-03 17:00:00+00:00,3,0.891299,0.691143,-0.010734,31.4559
2026-02-03 18:00:00+00:00,3,0.890699,0.690678,-0.000673,31.502
2026-02-03 19:00:00+00:00,3,0.88647,0.687398,-0.004749,31.8273
2026-02-03 20:00:00+00:00,3,0.862001,0.668424,-0.027602,33.7091
2026-02-03 21:00:00+00:00,3,0.861401,0.667959,-0.000696,33.7552
2026-02-03 22:00:00+00:00,3,0.834163,0.646837,-0.031621,35.85
2026-02-03 23:00:00+00:00,3,0.836247,0.648453,0.002498,35.6897
2026-02-04 00:00:00+00:00,3,0.835647,0.647988,-0.000717,35.7358
2026-02-04 01:00:00+00:00,3,0.815983,0.63274,-0.023531,37.248
2026-02-04 02:00:00+00:00,3,0.815383,0.632275,-0.000735,37.2941
2026-02-04 03:00:00+00:00,3,0.823735,0.638752,0.010243,36.6518
2026-02-04 04:00:00+00:00,3,0.810871,0.628777,-0.015616,37.6411
2026-02-04 05:00:00+00:00,3,0.818599,0.634769,0.00953,37.0468
2026-02-04 06:00:00+00:00,3,0.847027,0.656814,0.034728,34.8605
2026-02-04 07:00:00+00:00,3,0.837684,0.649569,-0.01103,35.579
2026-02-04 08:00:00+00:00,3,0.827092,0.641355,-0.012645,36.3936
2026-02-04 09:00:00+00:00,3,0.836598,0.648726,0.011493,35.6626
2026-02-04 10:00:00+00:00,3,0.835998,0.648261,-0.000717,35.7087
2026-02-04 11:00:00+00:00,3,0.835998,0.648261,0.0,35.7087
2026-02-04 12:00:00+00:00,3,0.833698,0.646478,-0.002751,35.8856
2026-02-04 13:00:00+00:00,3,0.8342,0.646867,0.000602,35.847
2026-02-04 14:00:00+00:00,3,0.845827,0.655883,0.013938,34.9528
2026-02-04 15:00:00+00:00,3,0.847986,0.657557,0.002553,34.7868
2026-02-04 16:00:00+00:00,3,0.856519,0.664174,0.010063,34.1306
2026-02-04 17:00:00+00:00,3,0.855919,0.663709,-0.000701,34.1767
2026-02-04 18:00:00+00:00,3,0.855919,0.663709,0.0,34.1767
2026-02-04 19:00:00+00:00,3,0.855919,0.663709,0.0,34.1767
2026-02-04 20:00:00+00:00,3,0.855919,0.663709,0.0,34.1767
2026-02-04 21:00:00+00:00,3,0.855919,0.663709,0.0,34.1767
2026-02-04 22:00:00+00:00,3,0.865095,0.670824,0.01072,33.4711
2026-02-04 23:00:00+00:00,3,0.864495,0.670358,-0.000694,33.5173
2026-02-05 00:00:00+00:00,3,0.875716,0.679059,0.01298,32.6543
2026-02-05 01:00:00+00:00,3,0.875116,0.678594,-0.000685,32.7005
2026-02-05 02:00:00+00:00,3,0.875116,0.678594,0.0,32.7005
2026-02-05 03:00:00+00:00,3,0.875116,0.678594,0.0,32.7005
2026-02-05 04:00:00+00:00,3,0.875116,0.678594,0.0,32.7005
2026-02-05 05:00:00+00:00,3,0.875116,0.678594,0.0,32.7005
2026-02-05 06:00:00+00:00,3,0.875116,0.678594,0.0,32.7005
2026-02-05 07:00:00+00:00,3,0.875116,0.678594,0.0,32.7005
2026-02-05 08:00:00+00:00,3,0.875116,0.678594,0.0,32.7005
2026-02-05 09:00:00+00:00,3,0.875116,0.678594,0.0,32.7005
2026-02-05 10:00:00+00:00,3,0.875116,0.678594,0.0,32.7005
2026-02-05 11:00:00+00:00,3,0.857167,0.664676,-0.02051,34.0808
2026-02-05 12:00:00+00:00,3,0.84866,0.658079,-0.009925,34.735
2026-02-05 13:00:00+00:00,3,0.853744,0.662021,0.00599,34.3441
2026-02-05 14:00:00+00:00,3,0.849297,0.658573,-0.005209,34.686
2026-02-05 15:00:00+00:00,3,0.847412,0.657111,-0.002219,34.831
2026-02-05 16:00:00+00:00,3,0.847233,0.656973,-0.000211,34.8447
2026-02-05 17:00:00+00:00,3,0.86035,0.667144,0.015482,33.836
2026-02-05 18:00:00+00:00,3,0.86121,0.667811,0.001,33.7699
2026-02-05 19:00:00+00:00,3,0.855626,0.663481,-0.006484,34.1993
2026-02-05 20:00:00+00:00,3,0.861927,0.668367,0.007364,33.7147
2026-02-05 21:00:00+00:00,3,0.859505,0.666489,-0.00281,33.901
2026-02-05 22:00:00+00:00,3,0.862392,0.668728,0.003359,33.6789
2026-02-05 23:00:00+00:00,3,0.866447,0.671872,0.004702,33.3671
2026-02-06 00:00:00+00:00,3,0.864695,0.670514,-0.002021,33.5018
2026-02-06 01:00:00+00:00,3,0.867906,0.673004,0.003713,33.2549
2026-02-06 02:00:00+00:00,3,0.866246,0.671716,-0.001913,33.3826
2026-02-06 03:00:00+00:00,3,0.865016,0.670763,-0.001419,33.4771
2026-02-06 04:00:00+00:00,3,0.863646,0.669701,-0.001584,33.5824
2026-02-06 05:00:00+00:00,3,0.861706,0.668196,-0.002246,33.7317
2026-02-06 06:00:00+00:00,3,0.861106,0.667731,-0.000696,33.7778
2026-02-06 07:00:00+00:00,3,0.861106,0.667731,0.0,33.7778
2026-02-06 08:00:00+00:00,3,0.861106,0.667731,0.0,33.7778
2026-02-06 09:00:00+00:00,3,0.861106,0.667731,0.0,33.7778
2026-02-06 10:00:00+00:00,3,0.861106,0.667731,0.0,33.7778
2026-02-06 11:00:00+00:00,3,0.861106,0.667731,0.0,33.7778
2026-02-06 12:00:00+00:00,3,0.861106,0.667731,0.0,33.7778
2026-02-06 13:00:00+00:00,3,0.861106,0.667731,0.0,33.7778
2026-02-06 14:00:00+00:00,3,0.861106,0.667731,0.0,33.7778
2026-02-06 15:00:00+00:00,3,0.861106,0.667731,0.0,33.7778
2026-02-06 16:00:00+00:00,3,0.861106,0.667731,0.0,33.7778
2026-02-06 17:00:00+00:00,3,0.861106,0.667731,0.0,33.7778
2026-02-06 18:00:00+00:00,3,0.861106,0.667731,0.0,33.7778
2026-02-06 19:00:00+00:00,3,0.861106,0.667731,0.0,33.7778
2026-02-06 20:00:00+00:00,3,0.861106,0.667731,0.0,33.7778
2026-02-06 21:00:00+00:00,3,0.861106,0.667731,0.0,33.7778
2026-02-06 22:00:00+00:00,3,0.861106,0.667731,0.0,33.7778
2026-02-06 23:00:00+00:00,3,0.861106,0.667731,0.0,33.7778
2026-02-07 00:00:00+00:00,3,0.861106,0.667731,0.0,33.7778
2026-02-07 01:00:00+00:00,3,0.861106,0.667731,0.0,33.7778
2026-02-07 02:00:00+00:00,3,0.861106,0.667731,0.0,33.7778
2026-02-07 03:00:00+00:00,3,0.864962,0.670722,0.004478,33.4812
2026-02-07 04:00:00+00:00,3,0.864362,0.670256,-0.000694,33.5274
2026-02-07 05:00:00+00:00,3,0.864362,0.670256,0.0,33.5274
2026-02-07 06:00:00+00:00,3,0.862134,0.668529,-0.002577,33.6987
2026-02-07 07:00:00+00:00,3,0.865325,0.671003,0.003701,33.4533
2026-02-07 08:00:00+00:00,3,0.873627,0.67744,0.009593,32.8149
2026-02-07 09:00:00+00:00,3,0.873027,0.676975,-0.000687,32.861
2026-02-07 10:00:00+00:00,3,0.873027,0.676975,0.0,32.861
2026-02-07 11:00:00+00:00,3,0.873027,0.676975,0.0,32.861
2026-02-07 12:00:00+00:00,3,0.873027,0.676975,0.0,32.861
2026-02-07 13:00:00+00:00,3,0.873027,0.676975,0.0,32.861
2026-02-07 14:00:00+00:00,3,0.873027,0.676975,0.0,32.861
2026-02-07 15:00:00+00:00,3,0.873027,0.676975,0.0,32.861
2026-02-07 16:00:00+00:00,3,0.873027,0.676975,0.0,32.861
2026-02-07 17:00:00+00:00,3,0.873027,0.676975,0.0,32.861
2026-02-07 18:00:00+00:00,3,0.873027,0.676975,0.0,32.861
2026-02-07 19:00:00+00:00,3,0.873027,0.676975,0.0,32.861
2026-02-07 20:00:00+00:00,3,0.873027,0.676975,0.0,32.861
2026-02-07 21:00:00+00:00,3,0.873027,0.676975,0.0,32.861
2026-02-07 22:00:00+00:00,3,0.873027,0.676975,0.0,32.861
2026-02-07 23:00:00+00:00,3,0.873027,0.676975,0.0,32.861
2026-02-08 00:00:00+00:00,3,0.873027,0.676975,0.0,32.861
2026-02-08 01:00:00+00:00,3,0.873027,0.676975,0.0,32.861
2026-02-08 02:00:00+00:00,3,0.873027,0.676975,0.0,32.861
2026-02-08 03:00:00+00:00,3,0.873027,0.676975,0.0,32.861
2026-02-08 04:00:00+00:00,3,0.869514,0.67425,-0.004024,33.1313
2026-02-08 05:00:00+00:00,3,0.868914,0.673785,-0.00069,33.1774
2026-02-08 06:00:00+00:00,3,0.868914,0.673785,0.0,33.1774
2026-02-08 07:00:00+00:00,3,0.868914,0.673785,0.0,33.1774
2026-02-08 08:00:00+00:00,3,0.868914,0.673785,0.0,33.1774
2026-02-08 09:00:00+00:00,3,0.868914,0.673785,0.0,33.1774
2026-02-08 10:00:00+00:00,3,0.868914,0.673785,0.0,33.1774
2026-02-08 11:00:00+00:00,3,0.868914,0.673785,0.0,33.1774
2026-02-08 12:00:00+00:00,3,0.868914,0.673785,0.0,33.1774
2026-02-08 13:00:00+00:00,3,0.868914,0.673785,0.0,33.1774
2026-02-08 14:00:00+00:00,3,0.868914,0.673785,0.0,33.1774
2026-02-08 15:00:00+00:00,3,0.868914,0.673785,0.0,33.1774
2026-02-08 16:00:00+00:00,3,0.868914,0.673785,0.0,33.1774
2026-02-08 17:00:00+00:00,3,0.868914,0.673785,0.0,33.1774
2026-02-08 18:00:00+00:00,3,0.868914,0.673785,0.0,33.1774
2026-02-08 19:00:00+00:00,3,0.861175,0.667784,-0.008907,33.7725
2026-02-08 20:00:00+00:00,3,0.871653,0.675909,0.012167,32.9667
2026-02-08 21:00:00+00:00,3,0.871053,0.675444,-0.000688,33.0129
2026-02-08 22:00:00+00:00,3,0.871053,0.675444,0.0,33.0129
2026-02-08 23:00:00+00:00,3,0.871053,0.675444,0.0,33.0129
2026-02-09 00:00:00+00:00,3,0.871053,0.675444,0.0,33.0129
2026-02-09 01:00:00+00:00,3,0.871053,0.675444,0.0,33.0129
2026-02-09 02:00:00+00:00,3,0.871053,0.675444,0.0,33.0129
2026-02-09 03:00:00+00:00,3,0.871053,0.675444,0.0,33.0129
2026-02-09 04:00:00+00:00,3,0.871053,0.675444,0.0,33.0129
2026-02-09 05:00:00+00:00,3,0.871053,0.675444,0.0,33.0129
2026-02-09 06:00:00+00:00,3,0.871053,0.675444,0.0,33.0129
2026-02-09 07:00:00+00:00,3,0.871053,0.675444,0.0,33.0129
2026-02-09 08:00:00+00:00,3,0.871053,0.675444,0.0,33.0129
2026-02-09 09:00:00+00:00,3,0.871053,0.675444,0.0,33.0129
2026-02-09 10:00:00+00:00,3,0.871053,0.675444,0.0,33.0129
2026-02-09 11:00:00+00:00,3,0.862911,0.669131,-0.009346,33.639
2026-02-09 12:00:00+00:00,3,0.862311,0.668666,-0.000695,33.6851
2026-02-09 13:00:00+00:00,3,0.861047,0.667686,-0.001466,33.7823
2026-02-09 14:00:00+00:00,3,0.859646,0.666599,-0.001628,33.8901
2026-02-09 15:00:00+00:00,3,0.855274,0.663209,-0.005085,34.2263
2026-02-09 16:00:00+00:00,3,0.861972,0.668403,0.007831,33.7112
2026-02-09 17:00:00+00:00,3,0.863007,0.669205,0.0012,33.6316
2026-02-09 18:00:00+00:00,3,0.867133,0.672404,0.004781,33.3144
2026-02-09 19:00:00+00:00,3,0.855951,0.663733,-0.012896,34.1743
2026-02-09 20:00:00+00:00,3,0.855117,0.663086,-0.000974,34.2385
2026-02-09 21:00:00+00:00,3,0.848938,0.658295,-0.007226,34.7136
2026-02-09 22:00:00+00:00,3,0.855098,0.663071,0.007256,34.24
2026-02-09 23:00:00+00:00,3,0.86483,0.670619,0.011382,33.4914
2026-02-10 00:00:00+00:00,3,0.86423,0.670153,-0.000694,33.5376
2026-02-10 01:00:00+00:00,3,0.86423,0.670153,0.0,33.5376
2026-02-10 02:00:00+00:00,3,0.86423,0.670153,0.0,33.5376
2026-02-10 03:00:00+00:00,3,0.858816,0.665955,-0.006265,33.9539
2026-02-10 04:00:00+00:00,3,0.858216,0.665489,-0.000699,34.0002
2026-02-10 05:00:00+00:00,3,0.858216,0.665489,0.0,34.0002
2026-02-10 06:00:00+00:00,3,0.858216,0.665489,0.0,34.0002
2026-02-10 07:00:00+00:00,3,0.854324,0.662471,-0.004535,34.2995
2026-02-10 08:00:00+00:00,3,0.853724,0.662006,-0.000702,34.3456
2026-02-10 09:00:00+00:00,3,0.853724,0.662006,0.0,34.3456
2026-02-10 10:00:00+00:00,3,0.853724,0.662006,0.0,34.3456
2026-02-10 11:00:00+00:00,3,0.853724,0.662006,0.0,34.3456
2026-02-10 12:00:00+00:00,3,0.853724,0.662006,0.0,34.3456
2026-02-10 13:00:00+00:00,3,0.853724,0.662006,0.0,34.3456
2026-02-10 14:00:00+00:00,3,0.858325,0.665574,0.005389,33.9917
2026-02-10 15:00:00+00:00,3,0.857725,0.665108,-0.000699,34.0379
2026-02-10 16:00:00+00:00,3,0.857725,0.665108,0.0,34.0379
2026-02-10 17:00:00+00:00,3,0.857725,0.665108,0.0,34.0379
2026-02-10 18:00:00+00:00,3,0.857725,0.665108,0.0,34.0379
2026-02-10 19:00:00+00:00,3,0.857725,0.665108,0.0,34.0379
2026-02-10 20:00:00+00:00,3,0.857725,0.665108,0.0,34.0379
2026-02-10 21:00:00+00:00,3,0.857725,0.665108,0.0,34.0379
2026-02-10 22:00:00+00:00,3,0.857725,0.665108,0.0,34.0379
2026-02-10 23:00:00+00:00,3,0.857725,0.665108,0.0,34.0379
2026-02-11 00:00:00+00:00,3,0.857725,0.665108,0.0,34.0379
2026-02-11 01:00:00+00:00,3,0.857725,0.665108,0.0,34.0379
2026-02-11 02:00:00+00:00,3,0.857725,0.665108,0.0,34.0379
2026-02-11 03:00:00+00:00,3,0.857725,0.665108,0.0,34.0379
2026-02-11 04:00:00+00:00,3,0.857725,0.665108,0.0,34.0379
2026-02-11 05:00:00+00:00,3,0.857725,0.665108,0.0,34.0379
2026-02-11 06:00:00+00:00,3,0.857725,0.665108,0.0,34.0379
2026-02-11 07:00:00+00:00,3,0.857725,0.665108,0.0,34.0379
2026-02-11 08:00:00+00:00,3,0.857725,0.665108,0.0,34.0379
2026-02-11 09:00:00+00:00,3,0.857725,0.665108,0.0,34.0379
2026-02-11 10:00:00+00:00,3,0.857725,0.665108,0.0,34.0379
2026-02-11 11:00:00+00:00,3,0.857725,0.665108,0.0,34.0379
2026-02-11 12:00:00+00:00,3,0.857725,0.665108,0.0,34.0379
2026-02-11 13:00:00+00:00,3,0.857725,0.665108,0.0,34.0379
2026-02-11 14:00:00+00:00,3,0.857725,0.665108,0.0,34.0379
2026-02-11 15:00:00+00:00,3,0.857725,0.665108,0.0,34.0379
2026-02-11 16:00:00+00:00,3,0.857725,0.665108,0.0,34.0379
2026-02-11 17:00:00+00:00,3,0.857725,0.665108,0.0,34.0379
2026-02-11 18:00:00+00:00,3,0.857725,0.665108,0.0,34.0379
2026-02-11 19:00:00+00:00,3,0.857725,0.665108,0.0,34.0379
2026-02-11 20:00:00+00:00,3,0.869255,0.674049,0.013443,33.1512
2026-02-11 21:00:00+00:00,3,0.868655,0.673584,-0.00069,33.1973
2026-02-11 22:00:00+00:00,3,0.86923,0.67403,0.000661,33.1531
2026-02-11 23:00:00+00:00,3,0.86863,0.673565,-0.00069,33.1992
2026-02-12 00:00:00+00:00,3,0.86863,0.673565,0.0,33.1992
2026-02-12 01:00:00+00:00,3,0.86863,0.673565,0.0,33.1992
2026-02-12 02:00:00+00:00,3,0.86863,0.673565,0.0,33.1992
2026-02-12 03:00:00+00:00,3,0.86863,0.673565,0.0,33.1992
2026-02-12 04:00:00+00:00,3,0.86863,0.673565,0.0,33.1992
2026-02-12 05:00:00+00:00,3,0.86863,0.673565,0.0,33.1992
2026-02-12 06:00:00+00:00,3,0.86863,0.673565,0.0,33.1992
2026-02-12 07:00:00+00:00,3,0.86863,0.673565,0.0,33.1992
2026-02-12 08:00:00+00:00,3,0.86863,0.673565,0.0,33.1992
2026-02-12 09:00:00+00:00,3,0.86863,0.673565,0.0,33.1992
2026-02-12 10:00:00+00:00,3,0.86863,0.673565,0.0,33.1992
2026-02-12 11:00:00+00:00,3,0.86863,0.673565,0.0,33.1992
2026-02-12 12:00:00+00:00,3,0.86863,0.673565,0.0,33.1992
2026-02-12 13:00:00+00:00,3,0.86863,0.673565,0.0,33.1992
2026-02-12 14:00:00+00:00,3,0.86863,0.673565,0.0,33.1992
2026-02-12 15:00:00+00:00,3,0.86863,0.673565,0.0,33.1992
2026-02-12 16:00:00+00:00,3,0.86863,0.673565,0.0,33.1992
2026-02-12 17:00:00+00:00,3,0.857374,0.664836,-0.012958,34.0649
2026-02-12 18:00:00+00:00,3,0.856774,0.664371,-0.0007,34.111
2026-02-12 19:00:00+00:00,3,0.859152,0.666215,0.002776,33.9282
2026-02-12 20:00:00+00:00,3,0.858552,0.66575,-0.000698,33.9743
2026-02-12 21:00:00+00:00,3,0.858552,0.66575,0.0,33.9743
2026-02-12 22:00:00+00:00,3,0.858552,0.66575,0.0,33.9743
2026-02-12 23:00:00+00:00,3,0.858552,0.66575,0.0,33.9743
2026-02-13 00:00:00+00:00,3,0.858552,0.66575,0.0,33.9743
2026-02-13 01:00:00+00:00,3,0.858552,0.66575,0.0,33.9743
2026-02-13 02:00:00+00:00,3,0.858552,0.66575,0.0,33.9743
2026-02-13 03:00:00+00:00,3,0.858552,0.66575,0.0,33.9743
2026-02-13 04:00:00+00:00,3,0.858552,0.66575,0.0,33.9743
2026-02-13 05:00:00+00:00,3,0.858552,0.66575,0.0,33.9743
2026-02-13 06:00:00+00:00,3,0.858552,0.66575,0.0,33.9743
2026-02-13 07:00:00+00:00,3,0.858552,0.66575,0.0,33.9743
2026-02-13 08:00:00+00:00,3,0.858552,0.66575,0.0,33.9743
2026-02-13 09:00:00+00:00,3,0.858552,0.66575,0.0,33.9743
2026-02-13 10:00:00+00:00,3,0.858552,0.66575,0.0,33.9743
2026-02-13 11:00:00+00:00,3,0.858552,0.66575,0.0,33.9743
2026-02-13 12:00:00+00:00,3,0.858552,0.66575,0.0,33.9743
2026-02-13 13:00:00+00:00,3,0.858552,0.66575,0.0,33.9743
2026-02-13 14:00:00+00:00,3,0.858552,0.66575,0.0,33.9743
2026-02-13 15:00:00+00:00,3,0.858552,0.66575,0.0,33.9743
2026-02-13 16:00:00+00:00,3,0.858552,0.66575,0.0,33.9743
2026-02-13 17:00:00+00:00,3,0.858552,0.66575,0.0,33.9743
2026-02-13 18:00:00+00:00,3,0.858552,0.66575,0.0,33.9743
2026-02-13 19:00:00+00:00,3,0.858552,0.66575,0.0,33.9743
2026-02-13 20:00:00+00:00,3,0.858552,0.66575,0.0,33.9743
2026-02-13 21:00:00+00:00,3,0.858552,0.66575,0.0,33.9743
2026-02-13 22:00:00+00:00,3,0.858552,0.66575,0.0,33.9743
2026-02-13 23:00:00+00:00,3,0.858552,0.66575,0.0,33.9743
2026-02-14 00:00:00+00:00,3,0.858552,0.66575,0.0,33.9743
2026-02-14 01:00:00+00:00,3,0.858552,0.66575,0.0,33.9743
2026-02-14 02:00:00+00:00,3,0.858552,0.66575,0.0,33.9743
2026-02-14 03:00:00+00:00,3,0.858552,0.66575,0.0,33.9743
2026-02-14 04:00:00+00:00,3,0.858552,0.66575,0.0,33.9743
2026-02-14 05:00:00+00:00,3,0.858552,0.66575,0.0,33.9743
2026-02-14 06:00:00+00:00,3,0.858552,0.66575,0.0,33.9743
2026-02-14 07:00:00+00:00,3,0.854073,0.662277,-0.005217,34.3187
2026-02-14 08:00:00+00:00,3,0.853473,0.661812,-0.000703,34.3648
2026-02-14 09:00:00+00:00,3,0.853473,0.661812,0.0,34.3648
2026-02-14 10:00:00+00:00,3,0.853473,0.661812,0.0,34.3648
2026-02-14 11:00:00+00:00,3,0.853473,0.661812,0.0,34.3648
2026-02-14 12:00:00+00:00,3,0.853473,0.661812,0.0,34.3648
2026-02-14 13:00:00+00:00,3,0.853473,0.661812,0.0,34.3648
2026-02-14 14:00:00+00:00,3,0.853473,0.661812,0.0,34.3648
2026-02-14 15:00:00+00:00,3,0.853473,0.661812,0.0,34.3648
2026-02-14 16:00:00+00:00,3,0.853473,0.661812,0.0,34.3648
2026-02-14 17:00:00+00:00,3,0.853473,0.661812,0.0,34.3648
2026-02-14 18:00:00+00:00,3,0.853473,0.661812,0.0,34.3648
2026-02-14 19:00:00+00:00,3,0.853279,0.661661,-0.000228,34.3798
2026-02-14 20:00:00+00:00,3,0.842204,0.653073,-0.012979,35.2315
2026-02-14 21:00:00+00:00,3,0.846558,0.656449,0.00517,34.8967
2026-02-14 22:00:00+00:00,3,0.847346,0.65706,0.00093,34.8361
2026-02-14 23:00:00+00:00,3,0.846746,0.656595,-0.000708,34.8822
2026-02-15 00:00:00+00:00,3,0.846811,0.656645,7.6e-05,34.8773
2026-02-15 01:00:00+00:00,3,0.846211,0.656179,-0.000709,34.9235
2026-02-15 02:00:00+00:00,3,0.846211,0.656179,0.0,34.9235
2026-02-15 03:00:00+00:00,3,0.846211,0.656179,0.0,34.9235
2026-02-15 04:00:00+00:00,3,0.846211,0.656179,0.0,34.9235
2026-02-15 05:00:00+00:00,3,0.846211,0.656179,0.0,34.9235
2026-02-15 06:00:00+00:00,3,0.846211,0.656179,0.0,34.9235
2026-02-15 07:00:00+00:00,3,0.846211,0.656179,0.0,34.9235
2026-02-15 08:00:00+00:00,3,0.841144,0.65225,-0.005987,35.3131
2026-02-15 09:00:00+00:00,3,0.841227,0.652315,9.9e-05,35.3067
2026-02-15 10:00:00+00:00,3,0.840627,0.65185,-0.000713,35.3528
2026-02-15 11:00:00+00:00,3,0.840627,0.65185,0.0,35.3528
2026-02-15 12:00:00+00:00,3,0.840627,0.65185,0.0,35.3528
2026-02-15 13:00:00+00:00,3,0.840627,0.65185,0.0,35.3528
2026-02-15 14:00:00+00:00,3,0.840627,0.65185,0.0,35.3528
2026-02-15 15:00:00+00:00,3,0.840627,0.65185,0.0,35.3528
2026-02-15 16:00:00+00:00,3,0.840627,0.65185,0.0,35.3528
2026-02-15 17:00:00+00:00,3,0.840627,0.65185,0.0,35.3528
2026-02-15 18:00:00+00:00,3,0.840627,0.65185,0.0,35.3528
2026-02-15 19:00:00+00:00,3,0.840627,0.65185,0.0,35.3528
2026-02-15 20:00:00+00:00,3,0.846521,0.65642,0.007011,34.8996
2026-02-15 21:00:00+00:00,3,0.845921,0.655955,-0.000709,34.9457
2026-02-15 22:00:00+00:00,3,0.845921,0.655955,0.0,34.9457
2026-02-15 23:00:00+00:00,3,0.845921,0.655955,0.0,34.9457
2026-02-16 00:00:00+00:00,3,0.845921,0.655955,0.0,34.9457
2026-02-16 01:00:00+00:00,3,0.845921,0.655955,0.0,34.9457
2026-02-16 02:00:00+00:00,3,0.845921,0.655955,0.0,34.9457
2026-02-16 03:00:00+00:00,3,0.843413,0.654009,-0.002966,35.1387
2026-02-16 04:00:00+00:00,3,0.842813,0.653544,-0.000711,35.1848
2026-02-16 05:00:00+00:00,3,0.842813,0.653544,0.0,35.1848
2026-02-16 06:00:00+00:00,3,0.842813,0.653544,0.0,35.1848
2026-02-16 07:00:00+00:00,3,0.842813,0.653544,0.0,35.1848
2026-02-16 08:00:00+00:00,3,0.842813,0.653544,0.0,35.1848
2026-02-16 09:00:00+00:00,3,0.842813,0.653544,0.0,35.1848
2026-02-16 10:00:00+00:00,3,0.842813,0.653544,0.0,35.1848
2026-02-16 11:00:00+00:00,3,0.842813,0.653544,0.0,35.1848
2026-02-16 12:00:00+00:00,3,0.842813,0.653544,0.0,35.1848
2026-02-16 13:00:00+00:00,3,0.842813,0.653544,0.0,35.1848
2026-02-16 14:00:00+00:00,3,0.842813,0.653544,0.0,35.1848
2026-02-16 15:00:00+00:00,3,0.842813,0.653544,0.0,35.1848
2026-02-16 16:00:00+00:00,3,0.842813,0.653544,0.0,35.1848
2026-02-16 17:00:00+00:00,3,0.842813,0.653544,0.0,35.1848
2026-02-16 18:00:00+00:00,3,0.842813,0.653544,0.0,35.1848
2026-02-16 19:00:00+00:00,3,0.842813,0.653544,0.0,35.1848
2026-02-16 20:00:00+00:00,3,0.842813,0.653544,0.0,35.1848
2026-02-16 21:00:00+00:00,3,0.842813,0.653544,0.0,35.1848
2026-02-16 22:00:00+00:00,3,0.842813,0.653544,0.0,35.1848
2026-02-16 23:00:00+00:00,3,0.831841,0.645036,-0.013018,36.0286
2026-02-17 00:00:00+00:00,3,0.829549,0.643259,-0.002755,36.2048
2026-02-17 01:00:00+00:00,3,0.830693,0.644146,0.001379,36.1168
2026-02-17 02:00:00+00:00,3,0.831625,0.644869,0.001122,36.0451
2026-02-17 03:00:00+00:00,3,0.832453,0.645511,0.000996,35.9815
2026-02-17 04:00:00+00:00,3,0.831853,0.645046,-0.000721,36.0276
2026-02-17 05:00:00+00:00,3,0.831853,0.645046,0.0,36.0276
2026-02-17 06:00:00+00:00,3,0.831853,0.645046,0.0,36.0276
2026-02-17 07:00:00+00:00,3,0.831853,0.645046,0.0,36.0276
2026-02-17 08:00:00+00:00,3,0.831853,0.645046,0.0,36.0276
2026-02-17 09:00:00+00:00,3,0.831853,0.645046,0.0,36.0276
2026-02-17 10:00:00+00:00,3,0.831853,0.645046,0.0,36.0276
2026-02-17 11:00:00+00:00,3,0.831853,0.645046,0.0,36.0276
2026-02-17 12:00:00+00:00,3,0.831853,0.645046,0.0,36.0276
2026-02-17 13:00:00+00:00,3,0.831853,0.645046,0.0,36.0276
2026-02-17 14:00:00+00:00,3,0.831853,0.645046,0.0,36.0276
2026-02-17 15:00:00+00:00,3,0.831853,0.645046,0.0,36.0276
2026-02-17 16:00:00+00:00,3,0.831853,0.645046,0.0,36.0276
2026-02-17 17:00:00+00:00,3,0.831853,0.645046,0.0,36.0276
2026-02-17 18:00:00+00:00,3,0.831853,0.645046,0.0,36.0276
2026-02-17 19:00:00+00:00,3,0.837658,0.649547,0.006978,35.5812
2026-02-17 20:00:00+00:00,3,0.837058,0.649082,-0.000716,35.6273
2026-02-17 21:00:00+00:00,3,0.837058,0.649082,0.0,35.6273
2026-02-17 22:00:00+00:00,3,0.837058,0.649082,0.0,35.6273
2026-02-17 23:00:00+00:00,3,0.837058,0.649082,0.0,35.6273
2026-02-18 00:00:00+00:00,3,0.837058,0.649082,0.0,35.6273
2026-02-18 01:00:00+00:00,3,0.837058,0.649082,0.0,35.6273
2026-02-18 02:00:00+00:00,3,0.837058,0.649082,0.0,35.6273
2026-02-18 03:00:00+00:00,3,0.837058,0.649082,0.0,35.6273
2026-02-18 04:00:00+00:00,3,0.837058,0.649082,0.0,35.6273
2026-02-18 05:00:00+00:00,3,0.837058,0.649082,0.0,35.6273
2026-02-18 06:00:00+00:00,3,0.837058,0.649082,0.0,35.6273
2026-02-18 07:00:00+00:00,3,0.837058,0.649082,0.0,35.6273
2026-02-18 08:00:00+00:00,3,0.837058,0.649082,0.0,35.6273
2026-02-18 09:00:00+00:00,3,0.837058,0.649082,0.0,35.6273
2026-02-18 10:00:00+00:00,3,0.837058,0.649082,0.0,35.6273
2026-02-18 11:00:00+00:00,3,0.837058,0.649082,0.0,35.6273
2026-02-18 12:00:00+00:00,3,0.837058,0.649082,0.0,35.6273
2026-02-18 13:00:00+00:00,3,0.837058,0.649082,0.0,35.6273
2026-02-18 14:00:00+00:00,3,0.837058,0.649082,0.0,35.6273
2026-02-18 15:00:00+00:00,3,0.837058,0.649082,0.0,35.6273
2026-02-18 16:00:00+00:00,3,0.837058,0.649082,0.0,35.6273
2026-02-18 17:00:00+00:00,3,0.837058,0.649082,0.0,35.6273
2026-02-18 18:00:00+00:00,3,0.837058,0.649082,0.0,35.6273
2026-02-18 19:00:00+00:00,3,0.837058,0.649082,0.0,35.6273
2026-02-18 20:00:00+00:00,3,0.837058,0.649082,0.0,35.6273
2026-02-18 21:00:00+00:00,3,0.837058,0.649082,0.0,35.6273
2026-02-18 22:00:00+00:00,3,0.837058,0.649082,0.0,35.6273
2026-02-18 23:00:00+00:00,3,0.840303,0.651598,0.003877,35.3778
2026-02-19 00:00:00+00:00,3,0.839703,0.651133,-0.000714,35.4239
2026-02-19 01:00:00+00:00,3,0.840398,0.651672,0.000827,35.3705
2026-02-19 02:00:00+00:00,3,0.839798,0.651206,-0.000714,35.4167
2026-02-19 03:00:00+00:00,3,0.839798,0.651206,0.0,35.4167
2026-02-19 04:00:00+00:00,3,0.839798,0.651206,0.0,35.4167
2026-02-19 05:00:00+00:00,3,0.839798,0.651206,0.0,35.4167
2026-02-19 06:00:00+00:00,3,0.839798,0.651206,0.0,35.4167
2026-02-19 07:00:00+00:00,3,0.839798,0.651206,0.0,35.4167
2026-02-19 08:00:00+00:00,3,0.839798,0.651206,0.0,35.4167
2026-02-19 09:00:00+00:00,3,0.839798,0.651206,0.0,35.4167
2026-02-19 10:00:00+00:00,3,0.839798,0.651206,0.0,35.4167
2026-02-19 11:00:00+00:00,3,0.839798,0.651206,0.0,35.4167
2026-02-19 12:00:00+00:00,3,0.839798,0.651206,0.0,35.4167
2026-02-19 13:00:00+00:00,3,0.839798,0.651206,0.0,35.4167
2026-02-19 14:00:00+00:00,3,0.839798,0.651206,0.0,35.4167
2026-02-19 15:00:00+00:00,3,0.839798,0.651206,0.0,35.4167
2026-02-19 16:00:00+00:00,3,0.839798,0.651206,0.0,35.4167
2026-02-19 17:00:00+00:00,3,0.839798,0.651206,0.0,35.4167
2026-02-19 18:00:00+00:00,3,0.839798,0.651206,0.0,35.4167
2026-02-19 19:00:00+00:00,3,0.839798,0.651206,0.0,35.4167
2026-02-19 20:00:00+00:00,3,0.839798,0.651206,0.0,35.4167
2026-02-19 21:00:00+00:00,3,0.839798,0.651206,0.0,35.4167
2026-02-19 22:00:00+00:00,3,0.839798,0.651206,0.0,35.4167
2026-02-19 23:00:00+00:00,3,0.839798,0.651206,0.0,35.4167
2026-02-20 00:00:00+00:00,3,0.839798,0.651206,0.0,35.4167
2026-02-20 01:00:00+00:00,3,0.839798,0.651206,0.0,35.4167
2026-02-20 02:00:00+00:00,3,0.839798,0.651206,0.0,35.4167
2026-02-20 03:00:00+00:00,3,0.839798,0.651206,0.0,35.4167
2026-02-20 04:00:00+00:00,3,0.839798,0.651206,0.0,35.4167
2026-02-20 05:00:00+00:00,3,0.839798,0.651206,0.0,35.4167
2026-02-20 06:00:00+00:00,3,0.839798,0.651206,0.0,35.4167
2026-02-20 07:00:00+00:00,3,0.839798,0.651206,0.0,35.4167
2026-02-20 08:00:00+00:00,3,0.839798,0.651206,0.0,35.4167
2026-02-20 09:00:00+00:00,3,0.839798,0.651206,0.0,35.4167
2026-02-20 10:00:00+00:00,3,0.839798,0.651206,0.0,35.4167
2026-02-20 11:00:00+00:00,3,0.839798,0.651206,0.0,35.4167
2026-02-20 12:00:00+00:00,3,0.839798,0.651206,0.0,35.4167
2026-02-20 13:00:00+00:00,3,0.839798,0.651206,0.0,35.4167
2026-02-20 14:00:00+00:00,3,0.839798,0.651206,0.0,35.4167
2026-02-20 15:00:00+00:00,3,0.839798,0.651206,0.0,35.4167
2026-02-20 16:00:00+00:00,3,0.839798,0.651206,0.0,35.4167
2026-02-20 17:00:00+00:00,3,0.839798,0.651206,0.0,35.4167
2026-02-20 18:00:00+00:00,3,0.839798,0.651206,0.0,35.4167
2026-02-20 19:00:00+00:00,3,0.839798,0.651206,0.0,35.4167
2026-02-20 20:00:00+00:00,3,0.839798,0.651206,0.0,35.4167
2026-02-20 21:00:00+00:00,3,0.839798,0.651206,0.0,35.4167
2026-02-20 22:00:00+00:00,3,0.839798,0.651206,0.0,35.4167
2026-02-20 23:00:00+00:00,3,0.839798,0.651206,0.0,35.4167
2026-02-21 00:00:00+00:00,3,0.839798,0.651206,0.0,35.4167
2026-02-21 01:00:00+00:00,3,0.839798,0.651206,0.0,35.4167
2026-02-21 02:00:00+00:00,3,0.839798,0.651206,0.0,35.4167
2026-02-21 03:00:00+00:00,3,0.839798,0.651206,0.0,35.4167
2026-02-21 04:00:00+00:00,3,0.839798,0.651206,0.0,35.4167
2026-02-21 05:00:00+00:00,3,0.839798,0.651206,0.0,35.4167
2026-02-21 06:00:00+00:00,3,0.839798,0.651206,0.0,35.4167
2026-02-21 07:00:00+00:00,3,0.839798,0.651206,0.0,35.4167
2026-02-21 08:00:00+00:00,3,0.839798,0.651206,0.0,35.4167
2026-02-26 08:00:00+00:00,4,1.0,0.651206,0.0,35.4167
2026-02-26 09:00:00+00:00,4,1.0,0.651206,0.0,35.4167
2026-02-26 10:00:00+00:00,4,1.0,0.651206,0.0,35.4167
2026-02-26 11:00:00+00:00,4,1.0,0.651206,0.0,35.4167
2026-02-26 12:00:00+00:00,4,1.0,0.651206,0.0,35.4167
2026-02-26 13:00:00+00:00,4,1.0,0.651206,0.0,35.4167
2026-02-26 14:00:00+00:00,4,1.002317,0.652715,0.002317,35.267
2026-02-26 15:00:00+00:00,4,1.007857,0.656323,0.005527,34.9092
2026-02-26 16:00:00+00:00,4,1.00524,0.654619,-0.002596,35.0782
2026-02-26 17:00:00+00:00,4,1.00464,0.654228,-0.000597,35.117
2026-02-26 18:00:00+00:00,4,1.00464,0.654228,0.0,35.117
2026-02-26 19:00:00+00:00,4,1.00464,0.654228,0.0,35.117
2026-02-26 20:00:00+00:00,4,1.01036,0.657953,0.005693,34.7475
2026-02-26 21:00:00+00:00,4,1.00976,0.657562,-0.000594,34.7863
2026-02-26 22:00:00+00:00,4,1.00976,0.657562,0.0,34.7863
2026-02-26 23:00:00+00:00,4,1.00976,0.657562,0.0,34.7863
2026-02-27 00:00:00+00:00,4,1.00976,0.657562,0.0,34.7863
2026-02-27 01:00:00+00:00,4,1.00976,0.657562,0.0,34.7863
2026-02-27 02:00:00+00:00,4,1.00976,0.657562,0.0,34.7863
2026-02-27 03:00:00+00:00,4,1.00976,0.657562,0.0,34.7863
2026-02-27 04:00:00+00:00,4,1.00976,0.657562,0.0,34.7863
2026-02-27 05:00:00+00:00,4,1.00976,0.657562,0.0,34.7863
2026-02-27 06:00:00+00:00,4,1.00976,0.657562,0.0,34.7863
2026-02-27 07:00:00+00:00,4,1.00976,0.657562,0.0,34.7863
2026-02-27 08:00:00+00:00,4,1.00976,0.657562,0.0,34.7863
2026-02-27 09:00:00+00:00,4,1.00976,0.657562,0.0,34.7863
2026-02-27 10:00:00+00:00,4,1.00976,0.657562,0.0,34.7863
2026-02-27 11:00:00+00:00,4,1.00976,0.657562,0.0,34.7863
2026-02-27 12:00:00+00:00,4,1.00976,0.657562,0.0,34.7863
2026-02-27 13:00:00+00:00,4,1.00976,0.657562,0.0,34.7863
2026-02-27 14:00:00+00:00,4,1.006885,0.65569,-0.002847,34.972
2026-02-27 15:00:00+00:00,4,1.007749,0.656252,0.000858,34.9162
2026-02-27 16:00:00+00:00,4,1.007763,0.656262,1.5e-05,34.9152
2026-02-27 17:00:00+00:00,4,1.005162,0.654568,-0.002581,35.0832
2026-02-27 18:00:00+00:00,4,1.01484,0.660871,0.009628,34.4581
2026-02-27 19:00:00+00:00,4,1.013521,0.660011,-0.0013,34.5434
2026-02-27 20:00:00+00:00,4,1.012921,0.659621,-0.000592,34.5821
2026-02-27 21:00:00+00:00,4,1.012921,0.659621,0.0,34.5821
2026-02-27 22:00:00+00:00,4,1.012921,0.659621,0.0,34.5821
2026-02-27 23:00:00+00:00,4,1.012921,0.659621,0.0,34.5821
2026-02-28 00:00:00+00:00,4,1.006907,0.655705,-0.005937,34.9705
2026-02-28 01:00:00+00:00,4,1.006307,0.655314,-0.000596,35.0093
2026-02-28 02:00:00+00:00,4,1.006307,0.655314,0.0,35.0093
2026-02-28 03:00:00+00:00,4,1.006307,0.655314,0.0,35.0093
2026-02-28 04:00:00+00:00,4,1.006307,0.655314,0.0,35.0093
2026-02-28 05:00:00+00:00,4,1.016793,0.662142,0.01042,34.3321
2026-02-28 06:00:00+00:00,4,1.01726,0.662446,0.000459,34.3019
2026-02-28 07:00:00+00:00,4,1.01666,0.662055,-0.00059,34.3407
2026-02-28 08:00:00+00:00,4,1.01666,0.662055,0.0,34.3407
2026-02-28 09:00:00+00:00,4,1.01666,0.662055,0.0,34.3407
2026-02-28 10:00:00+00:00,4,1.01666,0.662055,0.0,34.3407
2026-02-28 11:00:00+00:00,4,1.008052,0.65645,-0.008466,34.8966
2026-02-28 12:00:00+00:00,4,1.007452,0.65606,-0.000595,34.9353
2026-02-28 13:00:00+00:00,4,1.007452,0.65606,0.0,34.9353
2026-02-28 14:00:00+00:00,4,1.007452,0.65606,0.0,34.9353
2026-02-28 15:00:00+00:00,4,1.007452,0.65606,0.0,34.9353
2026-02-28 16:00:00+00:00,4,1.007452,0.65606,0.0,34.9353
2026-02-28 17:00:00+00:00,4,1.007452,0.65606,0.0,34.9353
2026-02-28 18:00:00+00:00,4,1.007452,0.65606,0.0,34.9353
2026-02-28 19:00:00+00:00,4,1.007452,0.65606,0.0,34.9353
2026-02-28 20:00:00+00:00,4,1.007452,0.65606,0.0,34.9353
2026-02-28 21:00:00+00:00,4,1.007452,0.65606,0.0,34.9353
2026-02-28 22:00:00+00:00,4,1.007452,0.65606,0.0,34.9353
2026-02-28 23:00:00+00:00,4,1.007452,0.65606,0.0,34.9353
2026-03-01 00:00:00+00:00,4,1.007452,0.65606,0.0,34.9353
2026-03-01 01:00:00+00:00,4,1.007452,0.65606,0.0,34.9353
2026-03-01 02:00:00+00:00,4,1.007452,0.65606,0.0,34.9353
2026-03-01 03:00:00+00:00,4,1.007452,0.65606,0.0,34.9353
2026-03-01 04:00:00+00:00,4,1.007452,0.65606,0.0,34.9353
2026-03-01 05:00:00+00:00,4,1.007452,0.65606,0.0,34.9353
2026-03-01 06:00:00+00:00,4,1.007452,0.65606,0.0,34.9353
2026-03-01 07:00:00+00:00,4,1.007452,0.65606,0.0,34.9353
2026-03-01 08:00:00+00:00,4,1.007452,0.65606,0.0,34.9353
2026-03-01 09:00:00+00:00,4,1.007452,0.65606,0.0,34.9353
2026-03-01 10:00:00+00:00,4,1.004259,0.65398,-0.00317,35.1416
2026-03-01 11:00:00+00:00,4,1.003659,0.653589,-0.000597,35.1803
2026-03-01 12:00:00+00:00,4,1.003659,0.653589,0.0,35.1803
2026-03-01 13:00:00+00:00,4,1.003659,0.653589,0.0,35.1803
2026-03-01 14:00:00+00:00,4,0.99774,0.649735,-0.005898,35.5626
2026-03-01 15:00:00+00:00,4,1.000918,0.651805,0.003186,35.3573
2026-03-01 16:00:00+00:00,4,1.000318,0.651414,-0.000599,35.396
2026-03-01 17:00:00+00:00,4,1.000318,0.651414,0.0,35.396
2026-03-01 18:00:00+00:00,4,0.992769,0.646498,-0.007547,35.8836
2026-03-01 19:00:00+00:00,4,0.992169,0.646108,-0.000604,35.9223
2026-03-01 20:00:00+00:00,4,0.992169,0.646108,0.0,35.9223
2026-03-01 21:00:00+00:00,4,0.992169,0.646108,0.0,35.9223
2026-03-01 22:00:00+00:00,4,0.993645,0.647069,0.001488,35.827
2026-03-01 23:00:00+00:00,4,0.998151,0.650003,0.004535,35.536
2026-03-02 00:00:00+00:00,4,0.997551,0.649613,-0.000601,35.5747
2026-03-02 01:00:00+00:00,4,0.997551,0.649613,0.0,35.5747
2026-03-02 02:00:00+00:00,4,0.997551,0.649613,0.0,35.5747
2026-03-02 03:00:00+00:00,4,1.001386,0.65211,0.003844,35.327
2026-03-02 04:00:00+00:00,4,1.000786,0.651719,-0.000599,35.3658
2026-03-02 05:00:00+00:00,4,1.000786,0.651719,0.0,35.3658
2026-03-02 06:00:00+00:00,4,1.004766,0.654311,0.003977,35.1087
2026-03-02 07:00:00+00:00,4,1.003566,0.65353,-0.001194,35.1862
2026-03-02 08:00:00+00:00,4,0.994884,0.647876,-0.008652,35.7469
2026-03-02 09:00:00+00:00,4,0.994284,0.647485,-0.000603,35.7857
2026-03-02 10:00:00+00:00,4,0.994284,0.647485,0.0,35.7857
2026-03-02 11:00:00+00:00,4,0.994284,0.647485,0.0,35.7857
2026-03-02 12:00:00+00:00,4,0.994284,0.647485,0.0,35.7857
2026-03-02 13:00:00+00:00,4,0.994284,0.647485,0.0,35.7857
2026-03-02 14:00:00+00:00,4,0.994284,0.647485,0.0,35.7857
2026-03-02 15:00:00+00:00,4,0.994284,0.647485,0.0,35.7857
2026-03-02 16:00:00+00:00,4,0.994284,0.647485,0.0,35.7857
2026-03-02 17:00:00+00:00,4,0.994284,0.647485,0.0,35.7857
2026-03-02 18:00:00+00:00,4,0.994284,0.647485,0.0,35.7857
2026-03-02 19:00:00+00:00,4,0.994284,0.647485,0.0,35.7857
2026-03-02 20:00:00+00:00,4,0.994284,0.647485,0.0,35.7857
2026-03-02 21:00:00+00:00,4,0.994284,0.647485,0.0,35.7857
2026-03-02 22:00:00+00:00,4,0.994284,0.647485,0.0,35.7857
2026-03-02 23:00:00+00:00,4,0.994284,0.647485,0.0,35.7857
2026-03-03 00:00:00+00:00,4,0.994284,0.647485,0.0,35.7857
2026-03-03 01:00:00+00:00,4,0.994284,0.647485,0.0,35.7857
2026-03-03 02:00:00+00:00,4,0.994284,0.647485,0.0,35.7857
2026-03-03 03:00:00+00:00,4,0.994284,0.647485,0.0,35.7857
2026-03-03 04:00:00+00:00,4,0.994284,0.647485,0.0,35.7857
2026-03-03 05:00:00+00:00,4,0.994284,0.647485,0.0,35.7857
2026-03-03 06:00:00+00:00,4,0.994284,0.647485,0.0,35.7857
2026-03-03 07:00:00+00:00,4,0.994284,0.647485,0.0,35.7857
2026-03-03 08:00:00+00:00,4,0.994284,0.647485,0.0,35.7857
2026-03-03 09:00:00+00:00,4,0.994284,0.647485,0.0,35.7857
2026-03-03 10:00:00+00:00,4,0.994284,0.647485,0.0,35.7857
2026-03-03 11:00:00+00:00,4,0.994284,0.647485,0.0,35.7857
2026-03-03 12:00:00+00:00,4,0.986861,0.642651,-0.007465,36.2651
2026-03-03 13:00:00+00:00,4,0.986261,0.642261,-0.000608,36.3038
2026-03-03 14:00:00+00:00,4,0.986261,0.642261,0.0,36.3038
2026-03-03 15:00:00+00:00,4,0.996488,0.64892,0.010369,35.6434
2026-03-03 16:00:00+00:00,4,0.995888,0.64853,-0.000602,35.6821
2026-03-03 17:00:00+00:00,4,0.995888,0.64853,0.0,35.6821
2026-03-03 18:00:00+00:00,4,0.989513,0.644378,-0.006401,36.0938
2026-03-03 19:00:00+00:00,4,0.988913,0.643988,-0.000606,36.1325
2026-03-03 20:00:00+00:00,4,0.975293,0.635119,-0.013772,37.0121
2026-03-03 21:00:00+00:00,4,0.974693,0.634728,-0.000615,37.0509
2026-03-03 22:00:00+00:00,4,0.974693,0.634728,0.0,37.0509
2026-03-03 23:00:00+00:00,4,0.978037,0.636905,0.00343,36.835
2026-03-04 00:00:00+00:00,4,0.977437,0.636515,-0.000613,36.8736
2026-03-04 01:00:00+00:00,4,0.977437,0.636515,0.0,36.8736
2026-03-04 02:00:00+00:00,4,0.977437,0.636515,0.0,36.8736
2026-03-04 03:00:00+00:00,4,0.977437,0.636515,0.0,36.8736
2026-03-04 04:00:00+00:00,4,0.977437,0.636515,0.0,36.8736
2026-03-04 05:00:00+00:00,4,0.977437,0.636515,0.0,36.8736
2026-03-04 06:00:00+00:00,4,0.977437,0.636515,0.0,36.8736
2026-03-04 07:00:00+00:00,4,0.977437,0.636515,0.0,36.8736
2026-03-04 08:00:00+00:00,4,0.974478,0.634588,-0.003027,37.0648
2026-03-04 09:00:00+00:00,4,0.968079,0.630421,-0.006567,37.478
2026-03-04 10:00:00+00:00,4,0.965646,0.628837,-0.002513,37.6351
2026-03-04 11:00:00+00:00,4,0.965046,0.628446,-0.000621,37.6739
2026-03-04 12:00:00+00:00,4,0.97072,0.632141,0.005879,37.3074
2026-03-04 13:00:00+00:00,4,0.967073,0.629766,-0.003757,37.543
2026-03-04 14:00:00+00:00,4,0.966473,0.629375,-0.00062,37.5818
2026-03-04 15:00:00+00:00,4,0.966473,0.629375,0.0,37.5818
2026-03-04 16:00:00+00:00,4,0.961559,0.626176,-0.005084,37.899
2026-03-04 17:00:00+00:00,4,0.957369,0.623447,-0.004357,38.1697
2026-03-04 18:00:00+00:00,4,0.947797,0.617214,-0.009999,38.7878
2026-03-04 19:00:00+00:00,4,0.947197,0.616823,-0.000633,38.8266
2026-03-04 20:00:00+00:00,4,0.947909,0.617287,0.000752,38.7806
2026-03-04 21:00:00+00:00,4,0.947103,0.616763,-0.000849,38.8326
2026-03-04 22:00:00+00:00,4,0.940304,0.612334,-0.00718,39.2718
2026-03-04 23:00:00+00:00,4,0.943432,0.614371,0.003327,39.0698
2026-03-05 00:00:00+00:00,4,0.942748,0.613926,-0.000725,39.1139
2026-03-05 01:00:00+00:00,4,0.942461,0.613739,-0.000305,39.1325
2026-03-05 02:00:00+00:00,4,0.944925,0.615343,0.002614,38.9734
2026-03-05 03:00:00+00:00,4,0.945351,0.615621,0.000451,38.9458
2026-03-05 04:00:00+00:00,4,0.944751,0.61523,-0.000635,38.9846
2026-03-05 05:00:00+00:00,4,0.946597,0.616431,0.001953,38.8655
2026-03-05 06:00:00+00:00,4,0.946203,0.616175,-0.000416,38.8909
2026-03-05 07:00:00+00:00,4,0.947423,0.61697,0.00129,38.812
2026-03-05 08:00:00+00:00,4,0.946823,0.616579,-0.000633,38.8508
2026-03-05 09:00:00+00:00,4,0.945777,0.615898,-0.001104,38.9183
2026-03-05 10:00:00+00:00,4,0.945177,0.615508,-0.000634,38.957
2026-03-05 11:00:00+00:00,4,0.945177,0.615508,0.0,38.957
2026-03-05 12:00:00+00:00,4,0.946695,0.616496,0.001606,38.859
2026-03-05 13:00:00+00:00,4,0.946095,0.616106,-0.000634,38.8977
2026-03-05 14:00:00+00:00,4,0.948349,0.617573,0.002382,38.7522
2026-03-05 15:00:00+00:00,4,0.947749,0.617182,-0.000633,38.791
2026-03-05 16:00:00+00:00,4,0.947749,0.617182,0.0,38.791
2026-03-05 17:00:00+00:00,4,0.947749,0.617182,0.0,38.791
2026-03-05 18:00:00+00:00,4,0.947749,0.617182,0.0,38.791
2026-03-05 19:00:00+00:00,4,0.947749,0.617182,0.0,38.791
2026-03-05 20:00:00+00:00,4,0.947749,0.617182,0.0,38.791
2026-03-05 21:00:00+00:00,4,0.947749,0.617182,0.0,38.791
2026-03-05 22:00:00+00:00,4,0.947749,0.617182,0.0,38.791
2026-03-05 23:00:00+00:00,4,0.947749,0.617182,0.0,38.791
2026-03-06 00:00:00+00:00,4,0.947749,0.617182,0.0,38.791
2026-03-06 01:00:00+00:00,4,0.947749,0.617182,0.0,38.791
2026-03-06 02:00:00+00:00,4,0.947749,0.617182,0.0,38.791
2026-03-06 03:00:00+00:00,4,0.947749,0.617182,0.0,38.791
2026-03-06 04:00:00+00:00,4,0.947749,0.617182,0.0,38.791
2026-03-06 05:00:00+00:00,4,0.947749,0.617182,0.0,38.791
2026-03-06 06:00:00+00:00,4,0.947749,0.617182,0.0,38.791
2026-03-06 07:00:00+00:00,4,0.947749,0.617182,0.0,38.791
2026-03-06 08:00:00+00:00,4,0.947749,0.617182,0.0,38.791
2026-03-06 09:00:00+00:00,4,0.947749,0.617182,0.0,38.791
2026-03-06 10:00:00+00:00,4,0.947749,0.617182,0.0,38.791
2026-03-06 11:00:00+00:00,4,0.947749,0.617182,0.0,38.791
2026-03-06 12:00:00+00:00,4,0.947749,0.617182,0.0,38.791
2026-03-06 13:00:00+00:00,4,0.947749,0.617182,0.0,38.791
2026-03-06 14:00:00+00:00,4,0.947749,0.617182,0.0,38.791
2026-03-06 15:00:00+00:00,4,0.947749,0.617182,0.0,38.791
2026-03-06 16:00:00+00:00,4,0.947749,0.617182,0.0,38.791
2026-03-06 17:00:00+00:00,4,0.947749,0.617182,0.0,38.791
2026-03-06 18:00:00+00:00,4,0.947749,0.617182,0.0,38.791
2026-03-06 19:00:00+00:00,4,0.947749,0.617182,0.0,38.791
2026-03-06 20:00:00+00:00,4,0.947749,0.617182,0.0,38.791
2026-03-06 21:00:00+00:00,4,0.947749,0.617182,0.0,38.791
2026-03-06 22:00:00+00:00,4,0.947749,0.617182,0.0,38.791
2026-03-06 23:00:00+00:00,4,0.947749,0.617182,0.0,38.791
2026-03-07 00:00:00+00:00,4,0.947749,0.617182,0.0,38.791
2026-03-07 01:00:00+00:00,4,0.947749,0.617182,0.0,38.791
2026-03-07 02:00:00+00:00,4,0.947749,0.617182,0.0,38.791
2026-03-07 03:00:00+00:00,4,0.947749,0.617182,0.0,38.791
2026-03-07 04:00:00+00:00,4,0.947749,0.617182,0.0,38.791
2026-03-07 05:00:00+00:00,4,0.952875,0.62052,0.005408,38.46
2026-03-07 06:00:00+00:00,4,0.952275,0.620129,-0.00063,38.4987
2026-03-07 07:00:00+00:00,4,0.952275,0.620129,0.0,38.4987
2026-03-07 08:00:00+00:00,4,0.952275,0.620129,0.0,38.4987
2026-03-07 09:00:00+00:00,4,0.952275,0.620129,0.0,38.4987
2026-03-07 10:00:00+00:00,4,0.962747,0.626949,0.010997,37.8224
2026-03-07 11:00:00+00:00,4,0.962147,0.626558,-0.000623,37.8611
2026-03-07 12:00:00+00:00,4,0.962147,0.626558,0.0,37.8611
2026-03-07 13:00:00+00:00,4,0.962147,0.626558,0.0,37.8611
2026-03-07 14:00:00+00:00,4,0.962147,0.626558,0.0,37.8611
2026-03-07 15:00:00+00:00,4,0.962147,0.626558,0.0,37.8611
2026-03-07 16:00:00+00:00,4,0.962147,0.626558,0.0,37.8611
2026-03-07 17:00:00+00:00,4,0.962147,0.626558,0.0,37.8611
2026-03-07 18:00:00+00:00,4,0.962147,0.626558,0.0,37.8611
2026-03-07 19:00:00+00:00,4,0.962147,0.626558,0.0,37.8611
2026-03-07 20:00:00+00:00,4,0.962147,0.626558,0.0,37.8611
2026-03-07 21:00:00+00:00,4,0.962147,0.626558,0.0,37.8611
2026-03-07 22:00:00+00:00,4,0.962147,0.626558,0.0,37.8611
2026-03-07 23:00:00+00:00,4,0.962147,0.626558,0.0,37.8611
2026-03-08 00:00:00+00:00,4,0.962147,0.626558,0.0,37.8611
2026-03-08 01:00:00+00:00,4,0.962147,0.626558,0.0,37.8611
2026-03-08 02:00:00+00:00,4,0.962147,0.626558,0.0,37.8611
2026-03-08 03:00:00+00:00,4,0.962147,0.626558,0.0,37.8611
2026-03-08 04:00:00+00:00,4,0.962147,0.626558,0.0,37.8611
2026-03-08 05:00:00+00:00,4,0.962147,0.626558,0.0,37.8611
2026-03-08 06:00:00+00:00,4,0.962147,0.626558,0.0,37.8611
2026-03-08 07:00:00+00:00,4,0.962147,0.626558,0.0,37.8611
2026-03-08 08:00:00+00:00,4,0.962147,0.626558,0.0,37.8611
2026-03-08 09:00:00+00:00,4,0.962147,0.626558,0.0,37.8611
2026-03-08 10:00:00+00:00,4,0.962147,0.626558,0.0,37.8611
2026-03-08 11:00:00+00:00,4,0.962147,0.626558,0.0,37.8611
2026-03-08 12:00:00+00:00,4,0.962147,0.626558,0.0,37.8611
2026-03-08 13:00:00+00:00,4,0.962147,0.626558,0.0,37.8611
2026-03-08 14:00:00+00:00,4,0.962147,0.626558,0.0,37.8611
2026-03-08 15:00:00+00:00,4,0.962147,0.626558,0.0,37.8611
2026-03-08 16:00:00+00:00,4,0.962147,0.626558,0.0,37.8611
2026-03-08 17:00:00+00:00,4,0.962147,0.626558,0.0,37.8611
2026-03-08 18:00:00+00:00,4,0.962147,0.626558,0.0,37.8611
2026-03-08 19:00:00+00:00,4,0.962147,0.626558,0.0,37.8611
2026-03-08 20:00:00+00:00,4,0.962147,0.626558,0.0,37.8611
2026-03-08 21:00:00+00:00,4,0.962147,0.626558,0.0,37.8611
2026-03-08 22:00:00+00:00,4,0.962147,0.626558,0.0,37.8611
2026-03-08 23:00:00+00:00,4,0.962147,0.626558,0.0,37.8611
2026-03-09 00:00:00+00:00,4,0.961956,0.626433,-0.000199,37.8735
2026-03-09 01:00:00+00:00,4,0.964592,0.62815,0.002741,37.7032
2026-03-09 02:00:00+00:00,4,0.958102,0.623924,-0.006729,38.1224
2026-03-09 03:00:00+00:00,4,0.957502,0.623533,-0.000626,38.1611
2026-03-09 04:00:00+00:00,4,0.957502,0.623533,0.0,38.1611
2026-03-09 05:00:00+00:00,4,0.958218,0.623999,0.000748,38.1149
2026-03-09 06:00:00+00:00,4,0.958579,0.624235,0.000377,38.0915
2026-03-09 07:00:00+00:00,4,0.955015,0.621914,-0.003718,38.3217
2026-03-09 08:00:00+00:00,4,0.954415,0.621523,-0.000628,38.3605
2026-03-09 09:00:00+00:00,4,0.954415,0.621523,0.0,38.3605
2026-03-09 10:00:00+00:00,4,0.954415,0.621523,0.0,38.3605
2026-03-09 11:00:00+00:00,4,0.954415,0.621523,0.0,38.3605
2026-03-09 12:00:00+00:00,4,0.954415,0.621523,0.0,38.3605
2026-03-09 13:00:00+00:00,4,0.954415,0.621523,0.0,38.3605
2026-03-09 14:00:00+00:00,4,0.951138,0.619389,-0.003433,38.5721
2026-03-09 15:00:00+00:00,4,0.950538,0.618999,-0.000631,38.6108
2026-03-09 16:00:00+00:00,4,0.950538,0.618999,0.0,38.6108
2026-03-09 17:00:00+00:00,4,0.950538,0.618999,0.0,38.6108
2026-03-09 18:00:00+00:00,4,0.961237,0.625965,0.011255,37.9199
2026-03-09 19:00:00+00:00,4,0.966614,0.629467,0.005594,37.5726
2026-03-09 20:00:00+00:00,4,0.966014,0.629076,-0.000621,37.6114
2026-03-09 21:00:00+00:00,4,0.970126,0.631754,0.004257,37.3458
2026-03-09 22:00:00+00:00,4,0.973085,0.633682,0.003051,37.1546
2026-03-09 23:00:00+00:00,4,0.972485,0.633291,-0.000617,37.1934
2026-03-10 00:00:00+00:00,4,0.972485,0.633291,0.0,37.1934
2026-03-10 01:00:00+00:00,4,0.972485,0.633291,0.0,37.1934
2026-03-10 02:00:00+00:00,4,0.972485,0.633291,0.0,37.1934
2026-03-10 03:00:00+00:00,4,0.972485,0.633291,0.0,37.1934
2026-03-10 04:00:00+00:00,4,0.972485,0.633291,0.0,37.1934
2026-03-10 05:00:00+00:00,4,0.972349,0.633202,-0.00014,37.2022
2026-03-10 06:00:00+00:00,4,0.971749,0.632811,-0.000617,37.241
2026-03-10 07:00:00+00:00,4,0.971749,0.632811,0.0,37.241
2026-03-10 08:00:00+00:00,4,0.971749,0.632811,0.0,37.241
2026-03-10 09:00:00+00:00,4,0.971749,0.632811,0.0,37.241
2026-03-10 10:00:00+00:00,4,0.971749,0.632811,0.0,37.241
2026-03-10 11:00:00+00:00,4,0.971749,0.632811,0.0,37.241
2026-03-10 12:00:00+00:00,4,0.971749,0.632811,0.0,37.241
2026-03-10 13:00:00+00:00,4,0.971749,0.632811,0.0,37.241
2026-03-10 14:00:00+00:00,4,0.971749,0.632811,0.0,37.241
2026-03-10 15:00:00+00:00,4,0.97753,0.636576,0.005949,36.8676
2026-03-10 16:00:00+00:00,4,0.97693,0.636185,-0.000614,36.9064
2026-03-10 17:00:00+00:00,4,0.97693,0.636185,0.0,36.9064
2026-03-10 18:00:00+00:00,4,0.97693,0.636185,0.0,36.9064
2026-03-10 19:00:00+00:00,4,0.97693,0.636185,0.0,36.9064
2026-03-10 20:00:00+00:00,4,0.97693,0.636185,0.0,36.9064
2026-03-10 21:00:00+00:00,4,0.97693,0.636185,0.0,36.9064
2026-03-10 22:00:00+00:00,4,0.97693,0.636185,0.0,36.9064
2026-03-10 23:00:00+00:00,4,0.97693,0.636185,0.0,36.9064
2026-03-11 00:00:00+00:00,4,0.97693,0.636185,0.0,36.9064
2026-03-11 01:00:00+00:00,4,0.97693,0.636185,0.0,36.9064
2026-03-11 02:00:00+00:00,4,0.97693,0.636185,0.0,36.9064
2026-03-11 03:00:00+00:00,4,0.97693,0.636185,0.0,36.9064
2026-03-11 04:00:00+00:00,4,0.97693,0.636185,0.0,36.9064
2026-03-11 05:00:00+00:00,4,0.97693,0.636185,0.0,36.9064
2026-03-11 06:00:00+00:00,4,0.97693,0.636185,0.0,36.9064
2026-03-11 07:00:00+00:00,4,0.97693,0.636185,0.0,36.9064
2026-03-11 08:00:00+00:00,4,0.97693,0.636185,0.0,36.9064
2026-03-11 09:00:00+00:00,4,0.97693,0.636185,0.0,36.9064
2026-03-11 10:00:00+00:00,4,0.97693,0.636185,0.0,36.9064
2026-03-11 11:00:00+00:00,4,0.97693,0.636185,0.0,36.9064
2026-03-11 12:00:00+00:00,4,0.97693,0.636185,0.0,36.9064
2026-03-11 13:00:00+00:00,4,0.97693,0.636185,0.0,36.9064
2026-03-11 14:00:00+00:00,4,0.97693,0.636185,0.0,36.9064
2026-03-11 15:00:00+00:00,4,0.97693,0.636185,0.0,36.9064
2026-03-11 16:00:00+00:00,4,0.97693,0.636185,0.0,36.9064
2026-03-11 17:00:00+00:00,4,0.97693,0.636185,0.0,36.9064
2026-03-11 18:00:00+00:00,4,0.97693,0.636185,0.0,36.9064
2026-03-11 19:00:00+00:00,4,0.97693,0.636185,0.0,36.9064
2026-03-11 20:00:00+00:00,4,0.97693,0.636185,0.0,36.9064
2026-03-11 21:00:00+00:00,4,0.97693,0.636185,0.0,36.9064
2026-03-11 22:00:00+00:00,4,0.964817,0.628298,-0.012398,37.6886
2026-03-11 23:00:00+00:00,4,0.964217,0.627907,-0.000622,37.7273
2026-03-12 00:00:00+00:00,4,0.964217,0.627907,0.0,37.7273
2026-03-12 01:00:00+00:00,4,0.964217,0.627907,0.0,37.7273
2026-03-12 02:00:00+00:00,4,0.964217,0.627907,0.0,37.7273
2026-03-12 03:00:00+00:00,4,0.964217,0.627907,0.0,37.7273
2026-03-12 04:00:00+00:00,4,0.964217,0.627907,0.0,37.7273
2026-03-12 05:00:00+00:00,4,0.964217,0.627907,0.0,37.7273
2026-03-12 06:00:00+00:00,4,0.964217,0.627907,0.0,37.7273
2026-03-12 07:00:00+00:00,4,0.964217,0.627907,0.0,37.7273
2026-03-12 08:00:00+00:00,4,0.964217,0.627907,0.0,37.7273
2026-03-12 09:00:00+00:00,4,0.964217,0.627907,0.0,37.7273
2026-03-12 10:00:00+00:00,4,0.964217,0.627907,0.0,37.7273
2026-03-12 11:00:00+00:00,4,0.964217,0.627907,0.0,37.7273
2026-03-12 12:00:00+00:00,4,0.964217,0.627907,0.0,37.7273
2026-03-12 13:00:00+00:00,4,0.964217,0.627907,0.0,37.7273
2026-03-12 14:00:00+00:00,4,0.964217,0.627907,0.0,37.7273
2026-03-12 15:00:00+00:00,4,0.964217,0.627907,0.0,37.7273
2026-03-12 16:00:00+00:00,4,0.964217,0.627907,0.0,37.7273
2026-03-12 17:00:00+00:00,4,0.964217,0.627907,0.0,37.7273
2026-03-12 18:00:00+00:00,4,0.964217,0.627907,0.0,37.7273
2026-03-12 19:00:00+00:00,4,0.964217,0.627907,0.0,37.7273
2026-03-12 20:00:00+00:00,4,0.964217,0.627907,0.0,37.7273
2026-03-12 21:00:00+00:00,4,0.964217,0.627907,0.0,37.7273
2026-03-12 22:00:00+00:00,4,0.964217,0.627907,0.0,37.7273
2026-03-12 23:00:00+00:00,4,0.964217,0.627907,0.0,37.7273
2026-03-13 00:00:00+00:00,4,0.964217,0.627907,0.0,37.7273
2026-03-13 01:00:00+00:00,4,0.964217,0.627907,0.0,37.7273
2026-03-13 02:00:00+00:00,4,0.964217,0.627907,0.0,37.7273
2026-03-13 03:00:00+00:00,4,0.964217,0.627907,0.0,37.7273
2026-03-13 04:00:00+00:00,4,0.964217,0.627907,0.0,37.7273
2026-03-13 05:00:00+00:00,4,0.964217,0.627907,0.0,37.7273
2026-03-13 06:00:00+00:00,4,0.964217,0.627907,0.0,37.7273
2026-03-13 07:00:00+00:00,4,0.964217,0.627907,0.0,37.7273
2026-03-13 08:00:00+00:00,4,0.964217,0.627907,0.0,37.7273
2026-03-13 09:00:00+00:00,4,0.964217,0.627907,0.0,37.7273
2026-03-13 10:00:00+00:00,4,0.964217,0.627907,0.0,37.7273
2026-03-13 11:00:00+00:00,4,0.964217,0.627907,0.0,37.7273
2026-03-13 12:00:00+00:00,4,0.964217,0.627907,0.0,37.7273
2026-03-13 13:00:00+00:00,4,0.964217,0.627907,0.0,37.7273
2026-03-13 14:00:00+00:00,4,0.964217,0.627907,0.0,37.7273
2026-03-13 15:00:00+00:00,4,0.964217,0.627907,0.0,37.7273
2026-03-13 16:00:00+00:00,4,0.964217,0.627907,0.0,37.7273
2026-03-13 17:00:00+00:00,4,0.964217,0.627907,0.0,37.7273
2026-03-13 18:00:00+00:00,4,0.964217,0.627907,0.0,37.7273
2026-03-13 19:00:00+00:00,4,0.964217,0.627907,0.0,37.7273
2026-03-13 20:00:00+00:00,4,0.964217,0.627907,0.0,37.7273
2026-03-13 21:00:00+00:00,4,0.964217,0.627907,0.0,37.7273
2026-03-13 22:00:00+00:00,4,0.964217,0.627907,0.0,37.7273
2026-03-13 23:00:00+00:00,4,0.964217,0.627907,0.0,37.7273
2026-03-14 00:00:00+00:00,4,0.964217,0.627907,0.0,37.7273
2026-03-14 01:00:00+00:00,4,0.964217,0.627907,0.0,37.7273
2026-03-14 02:00:00+00:00,4,0.964217,0.627907,0.0,37.7273
2026-03-14 03:00:00+00:00,4,0.964217,0.627907,0.0,37.7273
2026-03-14 04:00:00+00:00,4,0.964217,0.627907,0.0,37.7273
2026-03-14 05:00:00+00:00,4,0.964217,0.627907,0.0,37.7273
2026-03-14 06:00:00+00:00,4,0.964217,0.627907,0.0,37.7273
2026-03-14 07:00:00+00:00,4,0.964217,0.627907,0.0,37.7273
2026-03-14 08:00:00+00:00,4,0.964217,0.627907,0.0,37.7273
2026-03-14 09:00:00+00:00,4,0.964217,0.627907,0.0,37.7273
2026-03-14 10:00:00+00:00,4,0.964217,0.627907,0.0,37.7273
2026-03-14 11:00:00+00:00,4,0.964217,0.627907,0.0,37.7273
2026-03-14 12:00:00+00:00,4,0.964217,0.627907,0.0,37.7273
2026-03-14 13:00:00+00:00,4,0.964217,0.627907,0.0,37.7273
2026-03-14 14:00:00+00:00,4,0.964217,0.627907,0.0,37.7273
2026-03-14 15:00:00+00:00,4,0.964217,0.627907,0.0,37.7273
2026-03-14 16:00:00+00:00,4,0.964217,0.627907,0.0,37.7273
2026-03-14 17:00:00+00:00,4,0.964217,0.627907,0.0,37.7273
2026-03-14 18:00:00+00:00,4,0.964217,0.627907,0.0,37.7273
2026-03-14 19:00:00+00:00,4,0.964217,0.627907,0.0,37.7273
2026-03-14 20:00:00+00:00,4,0.964217,0.627907,0.0,37.7273
2026-03-14 21:00:00+00:00,4,0.964217,0.627907,0.0,37.7273
2026-03-14 22:00:00+00:00,4,0.964217,0.627907,0.0,37.7273
2026-03-14 23:00:00+00:00,4,0.964217,0.627907,0.0,37.7273
2026-03-15 00:00:00+00:00,4,0.964217,0.627907,0.0,37.7273
2026-03-15 01:00:00+00:00,4,0.964217,0.627907,0.0,37.7273
2026-03-15 02:00:00+00:00,4,0.964217,0.627907,0.0,37.7273
2026-03-15 03:00:00+00:00,4,0.964217,0.627907,0.0,37.7273
2026-03-15 04:00:00+00:00,4,0.964217,0.627907,0.0,37.7273
2026-03-15 05:00:00+00:00,4,0.964217,0.627907,0.0,37.7273
2026-03-15 06:00:00+00:00,4,0.964217,0.627907,0.0,37.7273
2026-03-15 07:00:00+00:00,4,0.964217,0.627907,0.0,37.7273
2026-03-15 08:00:00+00:00,4,0.964217,0.627907,0.0,37.7273
2026-03-15 09:00:00+00:00,4,0.964217,0.627907,0.0,37.7273
2026-03-15 10:00:00+00:00,4,0.964217,0.627907,0.0,37.7273
2026-03-15 11:00:00+00:00,4,0.964217,0.627907,0.0,37.7273
2026-03-15 12:00:00+00:00,4,0.964217,0.627907,0.0,37.7273
2026-03-15 13:00:00+00:00,4,0.964217,0.627907,0.0,37.7273
2026-03-15 14:00:00+00:00,4,0.964217,0.627907,0.0,37.7273
2026-03-15 15:00:00+00:00,4,0.964217,0.627907,0.0,37.7273
2026-03-15 16:00:00+00:00,4,0.964217,0.627907,0.0,37.7273
2026-03-15 17:00:00+00:00,4,0.964217,0.627907,0.0,37.7273
2026-03-15 18:00:00+00:00,4,0.964217,0.627907,0.0,37.7273
2026-03-15 19:00:00+00:00,4,0.964217,0.627907,0.0,37.7273
2026-03-15 20:00:00+00:00,4,0.964217,0.627907,0.0,37.7273
2026-03-15 21:00:00+00:00,4,0.966763,0.629565,0.00264,37.5629
2026-03-15 22:00:00+00:00,4,0.966163,0.629174,-0.000621,37.6017
2026-03-15 23:00:00+00:00,4,0.966163,0.629174,0.0,37.6017
2026-03-16 00:00:00+00:00,4,0.966163,0.629174,0.0,37.6017
2026-03-16 01:00:00+00:00,4,0.966163,0.629174,0.0,37.6017
2026-03-16 02:00:00+00:00,4,0.966163,0.629174,0.0,37.6017
2026-03-16 03:00:00+00:00,4,0.966163,0.629174,0.0,37.6017
2026-03-16 04:00:00+00:00,4,0.966163,0.629174,0.0,37.6017
2026-03-16 05:00:00+00:00,4,0.966163,0.629174,0.0,37.6017
2026-03-16 06:00:00+00:00,4,0.966163,0.629174,0.0,37.6017
2026-03-16 07:00:00+00:00,4,0.966163,0.629174,0.0,37.6017
2026-03-16 08:00:00+00:00,4,0.966163,0.629174,0.0,37.6017
2026-03-16 09:00:00+00:00,4,0.966163,0.629174,0.0,37.6017
2026-03-16 10:00:00+00:00,4,0.966163,0.629174,0.0,37.6017
2026-03-16 11:00:00+00:00,4,0.966163,0.629174,0.0,37.6017
2026-03-16 12:00:00+00:00,4,0.966163,0.629174,0.0,37.6017
2026-03-16 13:00:00+00:00,4,0.966163,0.629174,0.0,37.6017
2026-03-16 14:00:00+00:00,4,0.966163,0.629174,0.0,37.6017
2026-03-16 15:00:00+00:00,4,0.966163,0.629174,0.0,37.6017
2026-03-16 16:00:00+00:00,4,0.966163,0.629174,0.0,37.6017
2026-03-16 17:00:00+00:00,4,0.966163,0.629174,0.0,37.6017
2026-03-16 18:00:00+00:00,4,0.966163,0.629174,0.0,37.6017
2026-03-16 19:00:00+00:00,4,0.966163,0.629174,0.0,37.6017
2026-03-16 20:00:00+00:00,4,0.966163,0.629174,0.0,37.6017
2026-03-16 21:00:00+00:00,4,0.966163,0.629174,0.0,37.6017
2026-03-16 22:00:00+00:00,4,0.969369,0.631262,0.003319,37.3946
2026-03-16 23:00:00+00:00,4,0.968769,0.630871,-0.000619,37.4334
2026-03-17 00:00:00+00:00,4,0.967838,0.630264,-0.000962,37.4936
2026-03-17 01:00:00+00:00,4,0.969775,0.631526,0.002002,37.3684
2026-03-17 02:00:00+00:00,4,0.969175,0.631135,-0.000619,37.4072
2026-03-17 03:00:00+00:00,4,0.96708,0.629771,-0.002162,37.5425
2026-03-17 04:00:00+00:00,4,0.968343,0.630592,0.001305,37.4611
2026-03-17 05:00:00+00:00,4,0.965021,0.628429,-0.00343,37.6756
2026-03-17 06:00:00+00:00,4,0.966558,0.62943,0.001592,37.5763
2026-03-17 07:00:00+00:00,4,0.965745,0.628901,-0.000841,37.6288
2026-03-17 08:00:00+00:00,4,0.967919,0.630316,0.002251,37.4884
2026-03-17 09:00:00+00:00,4,0.962573,0.626835,-0.005523,37.8337
2026-03-17 10:00:00+00:00,4,0.962634,0.626874,6.3e-05,37.8298
2026-03-17 11:00:00+00:00,4,0.959327,0.624721,-0.003435,38.0433
2026-03-17 12:00:00+00:00,4,0.953999,0.621251,-0.005554,38.3875
2026-03-17 13:00:00+00:00,4,0.951199,0.619428,-0.002935,38.5683
2026-03-17 14:00:00+00:00,4,0.958373,0.6241,0.007542,38.1049
2026-03-17 15:00:00+00:00,4,0.957773,0.623709,-0.000626,38.1437
2026-03-17 16:00:00+00:00,4,0.957773,0.623709,0.0,38.1437
2026-03-17 17:00:00+00:00,4,0.948108,0.617415,-0.010091,38.7679
2026-03-17 18:00:00+00:00,4,0.956528,0.622899,0.008881,38.224
2026-03-17 19:00:00+00:00,4,0.955928,0.622508,-0.000627,38.2628
2026-03-17 20:00:00+00:00,4,0.954369,0.621493,-0.001631,38.3635
2026-03-17 21:00:00+00:00,4,0.954965,0.621881,0.000625,38.325
2026-03-17 22:00:00+00:00,4,0.954365,0.621491,-0.000628,38.3637
2026-03-17 23:00:00+00:00,4,0.954365,0.621491,0.0,38.3637
2026-03-18 00:00:00+00:00,4,0.954365,0.621491,0.0,38.3637
2026-03-18 01:00:00+00:00,4,0.954365,0.621491,0.0,38.3637
2026-03-18 02:00:00+00:00,4,0.954365,0.621491,0.0,38.3637
2026-03-18 03:00:00+00:00,4,0.954365,0.621491,0.0,38.3637
2026-03-18 04:00:00+00:00,4,0.954365,0.621491,0.0,38.3637
2026-03-18 05:00:00+00:00,4,0.954365,0.621491,0.0,38.3637
2026-03-18 06:00:00+00:00,4,0.954365,0.621491,0.0,38.3637
2026-03-18 07:00:00+00:00,4,0.954365,0.621491,0.0,38.3637
2026-03-18 08:00:00+00:00,4,0.954365,0.621491,0.0,38.3637
2026-03-18 09:00:00+00:00,4,0.954365,0.621491,0.0,38.3637
2026-03-18 10:00:00+00:00,4,0.954365,0.621491,0.0,38.3637
2026-03-18 11:00:00+00:00,4,0.954365,0.621491,0.0,38.3637
2026-03-18 12:00:00+00:00,4,0.954365,0.621491,0.0,38.3637
2026-03-18 13:00:00+00:00,4,0.954365,0.621491,0.0,38.3637
2026-03-18 14:00:00+00:00,4,0.954365,0.621491,0.0,38.3637
2026-03-18 15:00:00+00:00,4,0.954365,0.621491,0.0,38.3637
2026-03-18 16:00:00+00:00,4,0.954365,0.621491,0.0,38.3637
2026-03-18 17:00:00+00:00,4,0.954365,0.621491,0.0,38.3637
2026-03-18 18:00:00+00:00,4,0.954365,0.621491,0.0,38.3637
2026-03-18 19:00:00+00:00,4,0.954365,0.621491,0.0,38.3637
2026-03-18 20:00:00+00:00,4,0.954365,0.621491,0.0,38.3637
2026-03-18 21:00:00+00:00,4,0.954365,0.621491,0.0,38.3637
2026-03-18 22:00:00+00:00,4,0.954365,0.621491,0.0,38.3637
2026-03-18 23:00:00+00:00,4,0.954365,0.621491,0.0,38.3637
2026-03-19 00:00:00+00:00,4,0.954365,0.621491,0.0,38.3637
2026-03-19 01:00:00+00:00,4,0.954365,0.621491,0.0,38.3637
2026-03-19 02:00:00+00:00,4,0.954365,0.621491,0.0,38.3637
2026-03-19 03:00:00+00:00,4,0.954365,0.621491,0.0,38.3637
2026-03-19 04:00:00+00:00,4,0.954365,0.621491,0.0,38.3637
2026-03-19 05:00:00+00:00,4,0.954365,0.621491,0.0,38.3637
2026-03-19 06:00:00+00:00,4,0.954365,0.621491,0.0,38.3637
2026-03-19 07:00:00+00:00,4,0.954365,0.621491,0.0,38.3637
2026-03-19 08:00:00+00:00,4,0.954365,0.621491,0.0,38.3637
2026-03-19 09:00:00+00:00,4,0.954365,0.621491,0.0,38.3637
2026-03-19 10:00:00+00:00,4,0.954365,0.621491,0.0,38.3637
2026-03-19 11:00:00+00:00,4,0.954365,0.621491,0.0,38.3637
2026-03-19 12:00:00+00:00,4,0.954365,0.621491,0.0,38.3637
2026-03-19 13:00:00+00:00,4,0.954365,0.621491,0.0,38.3637
2026-03-19 14:00:00+00:00,4,0.954365,0.621491,0.0,38.3637
2026-03-19 15:00:00+00:00,4,0.954365,0.621491,0.0,38.3637
2026-03-19 16:00:00+00:00,4,0.954365,0.621491,0.0,38.3637
2026-03-19 17:00:00+00:00,4,0.954365,0.621491,0.0,38.3637
2026-03-19 18:00:00+00:00,4,0.954365,0.621491,0.0,38.3637
2026-03-19 19:00:00+00:00,4,0.954365,0.621491,0.0,38.3637
2026-03-19 20:00:00+00:00,4,0.954365,0.621491,0.0,38.3637
2026-03-19 21:00:00+00:00,4,0.954365,0.621491,0.0,38.3637
2026-03-19 22:00:00+00:00,4,0.954365,0.621491,0.0,38.3637
2026-03-19 23:00:00+00:00,4,0.954365,0.621491,0.0,38.3637
2026-03-20 00:00:00+00:00,4,0.954365,0.621491,0.0,38.3637
2026-03-20 01:00:00+00:00,4,0.954365,0.621491,0.0,38.3637
2026-03-20 02:00:00+00:00,4,0.954365,0.621491,0.0,38.3637
2026-03-20 03:00:00+00:00,4,0.954365,0.621491,0.0,38.3637
2026-03-20 04:00:00+00:00,4,0.954365,0.621491,0.0,38.3637
2026-03-20 05:00:00+00:00,4,0.954365,0.621491,0.0,38.3637
2026-03-20 06:00:00+00:00,4,0.954365,0.621491,0.0,38.3637
2026-03-20 07:00:00+00:00,4,0.954365,0.621491,0.0,38.3637
2026-03-20 08:00:00+00:00,4,0.954365,0.621491,0.0,38.3637
2026-03-20 09:00:00+00:00,4,0.954365,0.621491,0.0,38.3637
2026-03-20 10:00:00+00:00,4,0.954365,0.621491,0.0,38.3637
2026-03-20 11:00:00+00:00,4,0.954365,0.621491,0.0,38.3637
2026-03-20 12:00:00+00:00,4,0.954365,0.621491,0.0,38.3637
2026-03-20 13:00:00+00:00,4,0.954365,0.621491,0.0,38.3637
2026-03-20 14:00:00+00:00,4,0.954365,0.621491,0.0,38.3637
2026-03-20 15:00:00+00:00,4,0.954365,0.621491,0.0,38.3637
2026-03-20 16:00:00+00:00,4,0.947788,0.617207,-0.006892,38.7885
2026-03-20 17:00:00+00:00,4,0.947188,0.616817,-0.000633,38.8272
2026-03-20 18:00:00+00:00,4,0.947188,0.616817,0.0,38.8272
2026-03-20 19:00:00+00:00,4,0.947188,0.616817,0.0,38.8272
2026-03-20 20:00:00+00:00,4,0.947188,0.616817,0.0,38.8272
2026-03-20 21:00:00+00:00,4,0.947188,0.616817,0.0,38.8272
2026-03-20 22:00:00+00:00,4,0.947188,0.616817,0.0,38.8272
2026-03-20 23:00:00+00:00,4,0.947188,0.616817,0.0,38.8272
2026-03-21 00:00:00+00:00,4,0.947188,0.616817,0.0,38.8272
2026-03-21 01:00:00+00:00,4,0.947188,0.616817,0.0,38.8272
2026-03-21 02:00:00+00:00,4,0.947188,0.616817,0.0,38.8272
2026-03-21 03:00:00+00:00,4,0.947188,0.616817,0.0,38.8272
2026-03-21 04:00:00+00:00,4,0.947188,0.616817,0.0,38.8272
2026-03-21 05:00:00+00:00,4,0.947188,0.616817,0.0,38.8272
2026-03-21 06:00:00+00:00,4,0.949875,0.618566,0.002837,38.6537
2026-03-21 07:00:00+00:00,4,0.949275,0.618176,-0.000632,38.6924
2026-03-21 08:00:00+00:00,4,0.949275,0.618176,0.0,38.6924
2026-03-21 09:00:00+00:00,4,0.949275,0.618176,0.0,38.6924
2026-03-21 10:00:00+00:00,4,0.949275,0.618176,0.0,38.6924
2026-03-21 11:00:00+00:00,4,0.949275,0.618176,0.0,38.6924
2026-03-21 12:00:00+00:00,4,0.95509,0.621962,0.006126,38.3169
2026-03-21 13:00:00+00:00,4,0.95449,0.621572,-0.000628,38.3556
2026-03-21 14:00:00+00:00,4,0.95449,0.621572,0.0,38.3556
2026-03-21 15:00:00+00:00,4,0.95449,0.621572,0.0,38.3556
2026-03-21 16:00:00+00:00,4,0.95449,0.621572,0.0,38.3556
2026-03-21 17:00:00+00:00,4,0.962461,0.626762,0.00835,37.8409
2026-03-21 18:00:00+00:00,4,0.961861,0.626372,-0.000623,37.8796
2026-03-21 19:00:00+00:00,4,0.961861,0.626372,0.0,37.8796
2026-03-21 20:00:00+00:00,4,0.961861,0.626372,0.0,37.8796
2026-03-21 21:00:00+00:00,4,0.967155,0.62982,0.005505,37.5376
2026-03-21 22:00:00+00:00,4,0.966555,0.629429,-0.00062,37.5764
2026-03-21 23:00:00+00:00,4,0.966555,0.629429,0.0,37.5764
2026-03-22 00:00:00+00:00,4,0.966555,0.629429,0.0,37.5764
2026-03-22 01:00:00+00:00,4,0.966555,0.629429,0.0,37.5764
2026-03-22 02:00:00+00:00,4,0.966555,0.629429,0.0,37.5764
2026-03-22 03:00:00+00:00,4,0.966555,0.629429,0.0,37.5764
2026-03-22 04:00:00+00:00,4,0.966555,0.629429,0.0,37.5764
2026-03-22 05:00:00+00:00,4,0.966555,0.629429,0.0,37.5764
2026-03-22 06:00:00+00:00,4,0.966555,0.629429,0.0,37.5764
2026-03-22 07:00:00+00:00,4,0.966555,0.629429,0.0,37.5764
2026-03-22 08:00:00+00:00,4,0.966555,0.629429,0.0,37.5764
2026-03-22 09:00:00+00:00,4,0.966555,0.629429,0.0,37.5764
2026-03-22 10:00:00+00:00,4,0.966555,0.629429,0.0,37.5764
2026-03-22 11:00:00+00:00,4,0.966555,0.629429,0.0,37.5764
2026-03-22 12:00:00+00:00,4,0.966555,0.629429,0.0,37.5764
2026-03-22 13:00:00+00:00,4,0.966555,0.629429,0.0,37.5764
2026-03-22 14:00:00+00:00,4,0.966555,0.629429,0.0,37.5764
2026-03-22 15:00:00+00:00,4,0.966555,0.629429,0.0,37.5764
2026-03-22 16:00:00+00:00,4,0.966555,0.629429,0.0,37.5764
2026-03-22 17:00:00+00:00,4,0.966555,0.629429,0.0,37.5764
2026-03-22 18:00:00+00:00,4,0.954302,0.62145,-0.012677,38.3677
2026-03-22 19:00:00+00:00,4,0.953702,0.621059,-0.000629,38.4065
2026-03-22 20:00:00+00:00,4,0.953702,0.621059,0.0,38.4065
2026-03-22 21:00:00+00:00,4,0.953702,0.621059,0.0,38.4065
2026-03-22 22:00:00+00:00,4,0.953702,0.621059,0.0,38.4065
2026-03-22 23:00:00+00:00,4,0.953702,0.621059,0.0,38.4065
2026-03-23 00:00:00+00:00,4,0.953702,0.621059,0.0,38.4065
2026-03-23 01:00:00+00:00,4,0.953702,0.621059,0.0,38.4065
2026-03-23 02:00:00+00:00,4,0.953702,0.621059,0.0,38.4065
2026-03-23 03:00:00+00:00,4,0.952885,0.620527,-0.000856,38.4593
2026-03-23 04:00:00+00:00,4,0.956135,0.622643,0.00341,38.2494
2026-03-23 05:00:00+00:00,4,0.959983,0.62515,0.004025,38.0008
2026-03-23 06:00:00+00:00,4,0.957767,0.623706,-0.002309,38.144
2026-03-23 07:00:00+00:00,4,0.955787,0.622417,-0.002067,38.2718
2026-03-23 08:00:00+00:00,4,0.958302,0.624055,0.002632,38.1094
2026-03-23 09:00:00+00:00,4,0.957702,0.623664,-0.000626,38.1481
2026-03-23 10:00:00+00:00,4,0.957702,0.623664,0.0,38.1481
2026-03-23 11:00:00+00:00,4,0.957702,0.623664,0.0,38.1481
2026-03-23 12:00:00+00:00,4,0.957702,0.623664,0.0,38.1481
2026-03-23 13:00:00+00:00,4,0.957702,0.623664,0.0,38.1481
2026-03-23 14:00:00+00:00,4,0.957702,0.623664,0.0,38.1481
2026-03-23 15:00:00+00:00,4,0.957702,0.623664,0.0,38.1481
2026-03-23 16:00:00+00:00,4,0.957702,0.623664,0.0,38.1481
2026-03-23 17:00:00+00:00,4,0.957702,0.623664,0.0,38.1481
2026-03-23 18:00:00+00:00,4,0.957702,0.623664,0.0,38.1481
2026-03-23 19:00:00+00:00,4,0.957702,0.623664,0.0,38.1481
2026-03-23 20:00:00+00:00,4,0.957702,0.623664,0.0,38.1481
2026-03-23 21:00:00+00:00,4,0.957702,0.623664,0.0,38.1481
2026-03-23 22:00:00+00:00,4,0.957702,0.623664,0.0,38.1481
2026-03-23 23:00:00+00:00,4,0.957702,0.623664,0.0,38.1481
2026-03-24 00:00:00+00:00,4,0.957702,0.623664,0.0,38.1481
2026-03-24 01:00:00+00:00,4,0.957702,0.623664,0.0,38.1481
2026-03-24 02:00:00+00:00,4,0.957702,0.623664,0.0,38.1481
2026-03-24 03:00:00+00:00,4,0.957702,0.623664,0.0,38.1481
2026-03-24 04:00:00+00:00,4,0.957702,0.623664,0.0,38.1481
2026-03-24 05:00:00+00:00,4,0.957702,0.623664,0.0,38.1481
2026-03-24 06:00:00+00:00,4,0.957702,0.623664,0.0,38.1481
2026-03-24 07:00:00+00:00,4,0.957702,0.623664,0.0,38.1481
2026-03-24 08:00:00+00:00,4,0.957702,0.623664,0.0,38.1481
2026-03-24 09:00:00+00:00,4,0.957702,0.623664,0.0,38.1481
2026-03-24 10:00:00+00:00,4,0.957702,0.623664,0.0,38.1481
2026-03-24 11:00:00+00:00,4,0.957702,0.623664,0.0,38.1481
2026-03-24 12:00:00+00:00,4,0.957702,0.623664,0.0,38.1481
2026-03-24 13:00:00+00:00,4,0.957702,0.623664,0.0,38.1481
2026-03-24 14:00:00+00:00,4,0.957702,0.623664,0.0,38.1481
2026-03-24 15:00:00+00:00,4,0.957702,0.623664,0.0,38.1481
2026-03-24 16:00:00+00:00,4,0.953775,0.621107,-0.004101,38.4017
2026-03-24 17:00:00+00:00,4,0.953175,0.620716,-0.000629,38.4405
2026-03-24 18:00:00+00:00,4,0.953175,0.620716,0.0,38.4405
2026-03-24 19:00:00+00:00,4,0.953175,0.620716,0.0,38.4405
2026-03-24 20:00:00+00:00,4,0.953175,0.620716,0.0,38.4405
2026-03-24 21:00:00+00:00,4,0.953175,0.620716,0.0,38.4405
2026-03-24 22:00:00+00:00,4,0.946417,0.616315,-0.007091,38.877
2026-03-24 23:00:00+00:00,4,0.945817,0.615924,-0.000634,38.9158
2026-03-25 00:00:00+00:00,4,0.945817,0.615924,0.0,38.9158
2026-03-25 01:00:00+00:00,4,0.945817,0.615924,0.0,38.9158
2026-03-25 02:00:00+00:00,4,0.945817,0.615924,0.0,38.9158
2026-03-25 03:00:00+00:00,4,0.945817,0.615924,0.0,38.9158
2026-03-25 04:00:00+00:00,4,0.945817,0.615924,0.0,38.9158
2026-03-25 05:00:00+00:00,4,0.945817,0.615924,0.0,38.9158
2026-03-25 06:00:00+00:00,4,0.945817,0.615924,0.0,38.9158
2026-03-25 07:00:00+00:00,4,0.945817,0.615924,0.0,38.9158
2026-03-25 08:00:00+00:00,4,0.945817,0.615924,0.0,38.9158
2026-03-25 09:00:00+00:00,4,0.945817,0.615924,0.0,38.9158
2026-03-25 10:00:00+00:00,4,0.945817,0.615924,0.0,38.9158
2026-03-25 11:00:00+00:00,4,0.945817,0.615924,0.0,38.9158
2026-03-25 12:00:00+00:00,4,0.945817,0.615924,0.0,38.9158
2026-03-25 13:00:00+00:00,4,0.945817,0.615924,0.0,38.9158
2026-03-25 14:00:00+00:00,4,0.945817,0.615924,0.0,38.9158
2026-03-25 15:00:00+00:00,4,0.945817,0.615924,0.0,38.9158
2026-03-25 16:00:00+00:00,4,0.945817,0.615924,0.0,38.9158
2026-03-25 17:00:00+00:00,4,0.94404,0.614767,-0.001878,39.0305
2026-03-25 18:00:00+00:00,4,0.937926,0.610786,-0.006476,39.4253
2026-03-25 19:00:00+00:00,4,0.938164,0.61094,0.000253,39.41
2026-03-25 20:00:00+00:00,4,0.936857,0.610089,-0.001393,39.4944
2026-03-25 21:00:00+00:00,4,0.934964,0.608857,-0.00202,39.6166
2026-03-25 22:00:00+00:00,4,0.930056,0.605661,-0.00525,39.9336
2026-03-25 23:00:00+00:00,4,0.932944,0.607541,0.003105,39.7471
2026-03-26 00:00:00+00:00,4,0.932344,0.60715,-0.000643,39.7859
2026-03-26 01:00:00+00:00,4,0.932344,0.60715,0.0,39.7859
2026-03-26 02:00:00+00:00,4,0.932834,0.60747,0.000526,39.7542
2026-03-26 03:00:00+00:00,4,0.931744,0.60676,-0.001168,39.8246
2026-03-26 04:00:00+00:00,4,0.937199,0.610312,0.005854,39.4723
2026-03-26 05:00:00+00:00,4,0.936599,0.609922,-0.00064,39.511
2026-03-26 06:00:00+00:00,4,0.936599,0.609922,0.0,39.511
2026-03-26 07:00:00+00:00,4,0.934221,0.608374,-0.002538,39.6645
2026-03-26 08:00:00+00:00,4,0.933621,0.607983,-0.000642,39.7033
2026-03-26 09:00:00+00:00,4,0.933621,0.607983,0.0,39.7033
2026-03-26 10:00:00+00:00,4,0.933621,0.607983,0.0,39.7033
2026-03-26 11:00:00+00:00,4,0.933621,0.607983,0.0,39.7033
2026-03-26 12:00:00+00:00,4,0.933621,0.607983,0.0,39.7033
2026-03-26 13:00:00+00:00,4,0.933621,0.607983,0.0,39.7033
2026-03-26 14:00:00+00:00,4,0.933621,0.607983,0.0,39.7033
2026-03-26 15:00:00+00:00,4,0.933621,0.607983,0.0,39.7033
2026-03-26 16:00:00+00:00,4,0.933621,0.607983,0.0,39.7033
2026-03-26 17:00:00+00:00,4,0.933621,0.607983,0.0,39.7033
2026-03-26 18:00:00+00:00,4,0.933621,0.607983,0.0,39.7033
2026-03-26 19:00:00+00:00,4,0.933621,0.607983,0.0,39.7033
2026-03-26 20:00:00+00:00,4,0.933621,0.607983,0.0,39.7033
2026-03-26 21:00:00+00:00,4,0.933621,0.607983,0.0,39.7033
2026-03-26 22:00:00+00:00,4,0.933621,0.607983,0.0,39.7033
2026-03-26 23:00:00+00:00,4,0.933621,0.607983,0.0,39.7033
2026-03-27 00:00:00+00:00,4,0.933621,0.607983,0.0,39.7033
2026-03-27 01:00:00+00:00,4,0.933621,0.607983,0.0,39.7033
2026-03-27 02:00:00+00:00,4,0.933621,0.607983,0.0,39.7033
2026-03-27 03:00:00+00:00,4,0.933621,0.607983,0.0,39.7033
2026-03-27 04:00:00+00:00,4,0.933621,0.607983,0.0,39.7033
2026-03-27 05:00:00+00:00,4,0.933621,0.607983,0.0,39.7033
2026-03-27 06:00:00+00:00,4,0.933621,0.607983,0.0,39.7033
2026-03-27 07:00:00+00:00,4,0.933621,0.607983,0.0,39.7033
2026-03-27 08:00:00+00:00,4,0.933621,0.607983,0.0,39.7033
2026-03-27 09:00:00+00:00,4,0.933621,0.607983,0.0,39.7033
2026-03-27 10:00:00+00:00,4,0.933621,0.607983,0.0,39.7033
2026-03-27 11:00:00+00:00,4,0.933621,0.607983,0.0,39.7033
2026-03-27 12:00:00+00:00,4,0.933621,0.607983,0.0,39.7033
2026-03-27 13:00:00+00:00,4,0.933621,0.607983,0.0,39.7033
2026-03-27 14:00:00+00:00,4,0.933621,0.607983,0.0,39.7033
2026-03-27 15:00:00+00:00,4,0.933621,0.607983,0.0,39.7033
2026-03-27 16:00:00+00:00,4,0.933621,0.607983,0.0,39.7033
2026-03-27 17:00:00+00:00,4,0.933621,0.607983,0.0,39.7033
2026-03-27 18:00:00+00:00,4,0.933621,0.607983,0.0,39.7033
2026-03-27 19:00:00+00:00,4,0.933621,0.607983,0.0,39.7033
2026-03-27 20:00:00+00:00,4,0.933621,0.607983,0.0,39.7033
2026-03-27 21:00:00+00:00,4,0.933621,0.607983,0.0,39.7033
2026-03-27 22:00:00+00:00,4,0.933621,0.607983,0.0,39.7033
2026-03-27 23:00:00+00:00,4,0.933621,0.607983,0.0,39.7033
2026-03-28 00:00:00+00:00,4,0.933621,0.607983,0.0,39.7033
2026-03-28 01:00:00+00:00,4,0.933621,0.607983,0.0,39.7033
2026-03-28 02:00:00+00:00,4,0.933621,0.607983,0.0,39.7033
2026-03-28 03:00:00+00:00,4,0.933621,0.607983,0.0,39.7033
2026-03-28 04:00:00+00:00,4,0.933621,0.607983,0.0,39.7033
2026-03-28 05:00:00+00:00,4,0.933621,0.607983,0.0,39.7033
2026-03-28 06:00:00+00:00,4,0.933621,0.607983,0.0,39.7033
2026-03-28 07:00:00+00:00,4,0.933621,0.607983,0.0,39.7033
2026-03-28 08:00:00+00:00,4,0.933621,0.607983,0.0,39.7033
2026-03-28 09:00:00+00:00,4,0.933621,0.607983,0.0,39.7033
2026-03-28 10:00:00+00:00,4,0.933621,0.607983,0.0,39.7033
2026-03-28 11:00:00+00:00,4,0.933621,0.607983,0.0,39.7033
2026-03-28 12:00:00+00:00,4,0.933621,0.607983,0.0,39.7033
2026-03-28 13:00:00+00:00,4,0.933621,0.607983,0.0,39.7033
2026-03-28 14:00:00+00:00,4,0.933621,0.607983,0.0,39.7033
2026-03-28 15:00:00+00:00,4,0.933621,0.607983,0.0,39.7033
2026-03-28 16:00:00+00:00,4,0.933621,0.607983,0.0,39.7033
2026-03-28 17:00:00+00:00,4,0.933621,0.607983,0.0,39.7033
2026-03-28 18:00:00+00:00,4,0.933621,0.607983,0.0,39.7033
2026-03-28 19:00:00+00:00,4,0.933621,0.607983,0.0,39.7033
2026-03-28 20:00:00+00:00,4,0.933621,0.607983,0.0,39.7033
2026-03-28 21:00:00+00:00,4,0.933621,0.607983,0.0,39.7033
2026-03-28 22:00:00+00:00,4,0.933621,0.607983,0.0,39.7033
2026-03-28 23:00:00+00:00,4,0.933621,0.607983,0.0,39.7033
2026-03-29 00:00:00+00:00,4,0.933621,0.607983,0.0,39.7033
2026-03-29 01:00:00+00:00,4,0.933621,0.607983,0.0,39.7033
2026-03-29 02:00:00+00:00,4,0.933621,0.607983,0.0,39.7033
2026-03-29 03:00:00+00:00,4,0.933621,0.607983,0.0,39.7033
2026-03-29 04:00:00+00:00,4,0.933621,0.607983,0.0,39.7033
2026-03-29 05:00:00+00:00,4,0.933621,0.607983,0.0,39.7033
2026-03-29 06:00:00+00:00,4,0.933621,0.607983,0.0,39.7033
2026-03-29 07:00:00+00:00,4,0.933621,0.607983,0.0,39.7033
2026-03-29 08:00:00+00:00,4,0.933621,0.607983,0.0,39.7033
2026-03-29 09:00:00+00:00,4,0.933621,0.607983,0.0,39.7033
2026-03-29 10:00:00+00:00,4,0.933621,0.607983,0.0,39.7033
2026-03-29 11:00:00+00:00,4,0.933621,0.607983,0.0,39.7033
2026-03-29 12:00:00+00:00,4,0.933621,0.607983,0.0,39.7033
2026-03-29 13:00:00+00:00,4,0.933621,0.607983,0.0,39.7033
2026-03-29 14:00:00+00:00,4,0.933621,0.607983,0.0,39.7033
2026-03-29 15:00:00+00:00,4,0.933621,0.607983,0.0,39.7033
2026-03-29 16:00:00+00:00,4,0.933621,0.607983,0.0,39.7033
2026-03-29 17:00:00+00:00,4,0.933621,0.607983,0.0,39.7033
2026-03-29 18:00:00+00:00,4,0.933621,0.607983,0.0,39.7033
2026-03-29 19:00:00+00:00,4,0.933621,0.607983,0.0,39.7033
2026-03-29 20:00:00+00:00,4,0.933621,0.607983,0.0,39.7033
2026-03-29 21:00:00+00:00,4,0.94601,0.61605,0.013269,38.9033
2026-03-29 22:00:00+00:00,4,0.94541,0.61566,-0.000634,38.9419
2026-03-29 23:00:00+00:00,4,0.94541,0.61566,0.0,38.9419
2026-03-30 00:00:00+00:00,4,0.94541,0.61566,0.0,38.9419
2026-03-30 01:00:00+00:00,4,0.94541,0.61566,0.0,38.9419
2026-03-30 02:00:00+00:00,4,0.94541,0.61566,0.0,38.9419
2026-03-30 03:00:00+00:00,4,0.94541,0.61566,0.0,38.9419
2026-03-30 04:00:00+00:00,4,0.94541,0.61566,0.0,38.9419
2026-03-30 05:00:00+00:00,4,0.94541,0.61566,0.0,38.9419
2026-03-30 06:00:00+00:00,4,0.94541,0.61566,0.0,38.9419
2026-03-30 07:00:00+00:00,4,0.94541,0.61566,0.0,38.9419
2026-03-30 08:00:00+00:00,4,0.94541,0.61566,0.0,38.9419
2026-03-30 09:00:00+00:00,4,0.94541,0.61566,0.0,38.9419
2026-03-30 10:00:00+00:00,4,0.94541,0.61566,0.0,38.9419
2026-03-30 11:00:00+00:00,4,0.94541,0.61566,0.0,38.9419
2026-03-30 12:00:00+00:00,4,0.94541,0.61566,0.0,38.9419
2026-03-30 13:00:00+00:00,4,0.94541,0.61566,0.0,38.9419
2026-03-30 14:00:00+00:00,4,0.94541,0.61566,0.0,38.9419
2026-03-30 15:00:00+00:00,4,0.94541,0.61566,0.0,38.9419
2026-03-30 16:00:00+00:00,4,0.94541,0.61566,0.0,38.9419
2026-03-30 17:00:00+00:00,4,0.94541,0.61566,0.0,38.9419
2026-03-30 18:00:00+00:00,4,0.94541,0.61566,0.0,38.9419
2026-03-30 19:00:00+00:00,4,0.951433,0.619582,0.006371,38.553
2026-03-30 20:00:00+00:00,4,0.950833,0.619191,-0.000631,38.5918
2026-03-30 21:00:00+00:00,4,0.950833,0.619191,0.0,38.5918
2026-03-30 22:00:00+00:00,4,0.950833,0.619191,0.0,38.5918
2026-03-30 23:00:00+00:00,4,0.950833,0.619191,0.0,38.5918
2026-03-31 00:00:00+00:00,4,0.950833,0.619191,0.0,38.5918
2026-03-31 01:00:00+00:00,4,0.950833,0.619191,0.0,38.5918
2026-03-31 02:00:00+00:00,4,0.950833,0.619191,0.0,38.5918
2026-03-31 03:00:00+00:00,4,0.950833,0.619191,0.0,38.5918
2026-03-31 04:00:00+00:00,4,0.950833,0.619191,0.0,38.5918
2026-03-31 05:00:00+00:00,4,0.950833,0.619191,0.0,38.5918
2026-03-31 06:00:00+00:00,4,0.950833,0.619191,0.0,38.5918
2026-03-31 07:00:00+00:00,4,0.950833,0.619191,0.0,38.5918
2026-03-31 08:00:00+00:00,4,0.950833,0.619191,0.0,38.5918
2026-03-31 09:00:00+00:00,4,0.950833,0.619191,0.0,38.5918
2026-03-31 10:00:00+00:00,4,0.950833,0.619191,0.0,38.5918
2026-03-31 11:00:00+00:00,4,0.950833,0.619191,0.0,38.5918
2026-03-31 12:00:00+00:00,4,0.953785,0.621114,0.003105,38.401
2026-03-31 13:00:00+00:00,4,0.953185,0.620723,-0.000629,38.4398
2026-03-31 14:00:00+00:00,4,0.953185,0.620723,0.0,38.4398
2026-03-31 15:00:00+00:00,4,0.953185,0.620723,0.0,38.4398
2026-03-31 16:00:00+00:00,4,0.953185,0.620723,0.0,38.4398
2026-03-31 17:00:00+00:00,4,0.950175,0.618763,-0.003158,38.6342
2026-03-31 18:00:00+00:00,4,0.953313,0.620807,0.003303,38.4315
2026-03-31 19:00:00+00:00,4,0.952713,0.620416,-0.000629,38.4703
2026-03-31 20:00:00+00:00,4,0.952713,0.620416,0.0,38.4703
2026-03-31 21:00:00+00:00,4,0.952713,0.620416,0.0,38.4703
2026-03-31 22:00:00+00:00,4,0.952713,0.620416,0.0,38.4703
2026-03-31 23:00:00+00:00,4,0.956437,0.622841,0.003909,38.2298
2026-04-01 00:00:00+00:00,4,0.955837,0.622451,-0.000627,38.2684
2026-04-01 01:00:00+00:00,4,0.955837,0.622451,0.0,38.2684
2026-04-01 02:00:00+00:00,4,0.955837,0.622451,0.0,38.2684
2026-04-01 03:00:00+00:00,4,0.955837,0.622451,0.0,38.2684
2026-04-01 04:00:00+00:00,4,0.955837,0.622451,0.0,38.2684
2026-04-01 05:00:00+00:00,4,0.955837,0.622451,0.0,38.2684
2026-04-01 06:00:00+00:00,4,0.955837,0.622451,0.0,38.2684
2026-04-01 07:00:00+00:00,4,0.955837,0.622451,0.0,38.2684
2026-04-01 08:00:00+00:00,4,0.955837,0.622451,0.0,38.2684
2026-04-01 09:00:00+00:00,4,0.955837,0.622451,0.0,38.2684
2026-04-01 10:00:00+00:00,4,0.955837,0.622451,0.0,38.2684
2026-04-01 11:00:00+00:00,4,0.955837,0.622451,0.0,38.2684
2026-04-01 12:00:00+00:00,4,0.955837,0.622451,0.0,38.2684
2026-04-01 13:00:00+00:00,4,0.955837,0.622451,0.0,38.2684
2026-04-01 14:00:00+00:00,4,0.955837,0.622451,0.0,38.2684
2026-04-01 15:00:00+00:00,4,0.955837,0.622451,0.0,38.2684
2026-04-01 16:00:00+00:00,4,0.955837,0.622451,0.0,38.2684
2026-04-01 17:00:00+00:00,4,0.955837,0.622451,0.0,38.2684
2026-04-01 18:00:00+00:00,4,0.955837,0.622451,0.0,38.2684
2026-04-01 19:00:00+00:00,4,0.955837,0.622451,0.0,38.2684
2026-04-01 20:00:00+00:00,4,0.955837,0.622451,0.0,38.2684
2026-04-01 21:00:00+00:00,4,0.955837,0.622451,0.0,38.2684
2026-04-01 22:00:00+00:00,4,0.955837,0.622451,0.0,38.2684
2026-04-01 23:00:00+00:00,4,0.955837,0.622451,0.0,38.2684
2026-04-02 00:00:00+00:00,4,0.955837,0.622451,0.0,38.2684
2026-04-02 01:00:00+00:00,4,0.955837,0.622451,0.0,38.2684
2026-04-02 02:00:00+00:00,4,0.955837,0.622451,0.0,38.2684
2026-04-02 03:00:00+00:00,4,0.955837,0.622451,0.0,38.2684
2026-04-02 04:00:00+00:00,4,0.955837,0.622451,0.0,38.2684
2026-04-02 05:00:00+00:00,4,0.955837,0.622451,0.0,38.2684
2026-04-02 06:00:00+00:00,4,0.955837,0.622451,0.0,38.2684
2026-04-02 07:00:00+00:00,4,0.955837,0.622451,0.0,38.2684
2026-04-02 08:00:00+00:00,4,0.955837,0.622451,0.0,38.2684
2026-04-02 09:00:00+00:00,4,0.955837,0.622451,0.0,38.2684
2026-04-02 10:00:00+00:00,4,0.955837,0.622451,0.0,38.2684
2026-04-02 11:00:00+00:00,4,0.955837,0.622451,0.0,38.2684
2026-04-02 12:00:00+00:00,4,0.955837,0.622451,0.0,38.2684
2026-04-02 13:00:00+00:00,4,0.955837,0.622451,0.0,38.2684
2026-04-02 14:00:00+00:00,4,0.955837,0.622451,0.0,38.2684
2026-04-02 15:00:00+00:00,4,0.955837,0.622451,0.0,38.2684
2026-04-02 16:00:00+00:00,4,0.955837,0.622451,0.0,38.2684
2026-04-02 17:00:00+00:00,4,0.955837,0.622451,0.0,38.2684
2026-04-02 18:00:00+00:00,4,0.955837,0.622451,0.0,38.2684
2026-04-02 19:00:00+00:00,4,0.955837,0.622451,0.0,38.2684
2026-04-02 20:00:00+00:00,4,0.955837,0.622451,0.0,38.2684
2026-04-02 21:00:00+00:00,4,0.955837,0.622451,0.0,38.2684
2026-04-02 22:00:00+00:00,4,0.955837,0.622451,0.0,38.2684
2026-04-02 23:00:00+00:00,4,0.955837,0.622451,0.0,38.2684
2026-04-03 00:00:00+00:00,4,0.955837,0.622451,0.0,38.2684
2026-04-03 01:00:00+00:00,4,0.955837,0.622451,0.0,38.2684
2026-04-03 02:00:00+00:00,4,0.955837,0.622451,0.0,38.2684
2026-04-03 03:00:00+00:00,4,0.955837,0.622451,0.0,38.2684
2026-04-03 04:00:00+00:00,4,0.955837,0.622451,0.0,38.2684
2026-04-03 05:00:00+00:00,4,0.955837,0.622451,0.0,38.2684
2026-04-03 06:00:00+00:00,4,0.955837,0.622451,0.0,38.2684
2026-04-03 07:00:00+00:00,4,0.955837,0.622451,0.0,38.2684
2026-04-03 08:00:00+00:00,4,0.955837,0.622451,0.0,38.2684
2026-04-03 09:00:00+00:00,4,0.955837,0.622451,0.0,38.2684
2026-04-03 10:00:00+00:00,4,0.955837,0.622451,0.0,38.2684
2026-04-03 11:00:00+00:00,4,0.955837,0.622451,0.0,38.2684
2026-04-03 12:00:00+00:00,4,0.955837,0.622451,0.0,38.2684
2026-04-03 13:00:00+00:00,4,0.955837,0.622451,0.0,38.2684
2026-04-03 14:00:00+00:00,4,0.955837,0.622451,0.0,38.2684
2026-04-03 15:00:00+00:00,4,0.955837,0.622451,0.0,38.2684
2026-04-03 16:00:00+00:00,4,0.955837,0.622451,0.0,38.2684
2026-04-03 17:00:00+00:00,4,0.955837,0.622451,0.0,38.2684
2026-04-03 18:00:00+00:00,4,0.955837,0.622451,0.0,38.2684
2026-04-03 19:00:00+00:00,4,0.955837,0.622451,0.0,38.2684
2026-04-03 20:00:00+00:00,4,0.955837,0.622451,0.0,38.2684
2026-04-03 21:00:00+00:00,4,0.955837,0.622451,0.0,38.2684
2026-04-03 22:00:00+00:00,4,0.955837,0.622451,0.0,38.2684
2026-04-03 23:00:00+00:00,4,0.955837,0.622451,0.0,38.2684
2026-04-04 00:00:00+00:00,4,0.955837,0.622451,0.0,38.2684
2026-04-04 01:00:00+00:00,4,0.955837,0.622451,0.0,38.2684
2026-04-04 02:00:00+00:00,4,0.955837,0.622451,0.0,38.2684
2026-04-04 03:00:00+00:00,4,0.955837,0.622451,0.0,38.2684
2026-04-04 04:00:00+00:00,4,0.955837,0.622451,0.0,38.2684
2026-04-04 05:00:00+00:00,4,0.955837,0.622451,0.0,38.2684
2026-04-04 06:00:00+00:00,4,0.955837,0.622451,0.0,38.2684
2026-04-04 07:00:00+00:00,4,0.955837,0.622451,0.0,38.2684
2026-04-04 08:00:00+00:00,4,0.955837,0.622451,0.0,38.2684
2026-04-04 09:00:00+00:00,4,0.955837,0.622451,0.0,38.2684
2026-04-04 10:00:00+00:00,4,0.955837,0.622451,0.0,38.2684
2026-04-04 11:00:00+00:00,4,0.955837,0.622451,0.0,38.2684
2026-04-04 12:00:00+00:00,4,0.955837,0.622451,0.0,38.2684
2026-04-04 13:00:00+00:00,4,0.955837,0.622451,0.0,38.2684
2026-04-04 14:00:00+00:00,4,0.955837,0.622451,0.0,38.2684
2026-04-04 15:00:00+00:00,4,0.955837,0.622451,0.0,38.2684
2026-04-04 16:00:00+00:00,4,0.955837,0.622451,0.0,38.2684
2026-04-04 17:00:00+00:00,4,0.955837,0.622451,0.0,38.2684
2026-04-04 18:00:00+00:00,4,0.955837,0.622451,0.0,38.2684
2026-04-04 19:00:00+00:00,4,0.955837,0.622451,0.0,38.2684
2026-04-04 20:00:00+00:00,4,0.955837,0.622451,0.0,38.2684
2026-04-04 21:00:00+00:00,4,0.955837,0.622451,0.0,38.2684
2026-04-04 22:00:00+00:00,4,0.955837,0.622451,0.0,38.2684
2026-04-04 23:00:00+00:00,4,0.955837,0.622451,0.0,38.2684
2026-04-05 00:00:00+00:00,4,0.955837,0.622451,0.0,38.2684
2026-04-05 01:00:00+00:00,4,0.955837,0.622451,0.0,38.2684
2026-04-05 02:00:00+00:00,4,0.955837,0.622451,0.0,38.2684
2026-04-05 03:00:00+00:00,4,0.955837,0.622451,0.0,38.2684
2026-04-05 04:00:00+00:00,4,0.955837,0.622451,0.0,38.2684
2026-04-05 05:00:00+00:00,4,0.955837,0.622451,0.0,38.2684
2026-04-05 06:00:00+00:00,4,0.955837,0.622451,0.0,38.2684
2026-04-05 07:00:00+00:00,4,0.955837,0.622451,0.0,38.2684
2026-04-05 08:00:00+00:00,4,0.955837,0.622451,0.0,38.2684
2026-04-05 09:00:00+00:00,4,0.955837,0.622451,0.0,38.2684
2026-04-05 10:00:00+00:00,4,0.955837,0.622451,0.0,38.2684
2026-04-05 11:00:00+00:00,4,0.955837,0.622451,0.0,38.2684
2026-04-05 12:00:00+00:00,4,0.955837,0.622451,0.0,38.2684
2026-04-05 13:00:00+00:00,4,0.955837,0.622451,0.0,38.2684
2026-04-05 14:00:00+00:00,4,0.955837,0.622451,0.0,38.2684
2026-04-05 15:00:00+00:00,4,0.955837,0.622451,0.0,38.2684
2026-04-05 16:00:00+00:00,4,0.955837,0.622451,0.0,38.2684
2026-04-05 17:00:00+00:00,4,0.955837,0.622451,0.0,38.2684
2026-04-05 18:00:00+00:00,4,0.955837,0.622451,0.0,38.2684
2026-04-05 19:00:00+00:00,4,0.955837,0.622451,0.0,38.2684
2026-04-05 20:00:00+00:00,4,0.955837,0.622451,0.0,38.2684
2026-04-05 21:00:00+00:00,4,0.955837,0.622451,0.0,38.2684
2026-04-05 22:00:00+00:00,4,0.955837,0.622451,0.0,38.2684
2026-04-05 23:00:00+00:00,4,0.955837,0.622451,0.0,38.2684
2026-04-06 00:00:00+00:00,4,0.955837,0.622451,0.0,38.2684
2026-04-06 01:00:00+00:00,4,0.955837,0.622451,0.0,38.2684
2026-04-06 02:00:00+00:00,4,0.955837,0.622451,0.0,38.2684
2026-04-06 03:00:00+00:00,4,0.955837,0.622451,0.0,38.2684
2026-04-06 04:00:00+00:00,4,0.955837,0.622451,0.0,38.2684
2026-04-06 05:00:00+00:00,4,0.955837,0.622451,0.0,38.2684
2026-04-06 06:00:00+00:00,4,0.955837,0.622451,0.0,38.2684
2026-04-06 07:00:00+00:00,4,0.955837,0.622451,0.0,38.2684
2026-04-06 08:00:00+00:00,4,0.955837,0.622451,0.0,38.2684
2026-04-06 09:00:00+00:00,4,0.955837,0.622451,0.0,38.2684
2026-04-06 10:00:00+00:00,4,0.955837,0.622451,0.0,38.2684
2026-04-06 11:00:00+00:00,4,0.955837,0.622451,0.0,38.2684
2026-04-06 12:00:00+00:00,4,0.955837,0.622451,0.0,38.2684
2026-04-06 13:00:00+00:00,4,0.955837,0.622451,0.0,38.2684
2026-04-06 14:00:00+00:00,4,0.955837,0.622451,0.0,38.2684
2026-04-06 15:00:00+00:00,4,0.955837,0.622451,0.0,38.2684
2026-04-06 16:00:00+00:00,4,0.955837,0.622451,0.0,38.2684
2026-04-06 17:00:00+00:00,4,0.955837,0.622451,0.0,38.2684
2026-04-06 18:00:00+00:00,4,0.955837,0.622451,0.0,38.2684
2026-04-06 19:00:00+00:00,4,0.955837,0.622451,0.0,38.2684
2026-04-06 20:00:00+00:00,4,0.955837,0.622451,0.0,38.2684
2026-04-06 21:00:00+00:00,4,0.955837,0.622451,0.0,38.2684
2026-04-06 22:00:00+00:00,4,0.955837,0.622451,0.0,38.2684
2026-04-06 23:00:00+00:00,4,0.955837,0.622451,0.0,38.2684
2026-04-07 00:00:00+00:00,4,0.958178,0.623975,0.002448,38.1173
2026-04-07 01:00:00+00:00,4,0.957578,0.623584,-0.000626,38.1561
2026-04-07 02:00:00+00:00,4,0.957578,0.623584,0.0,38.1561
2026-04-07 03:00:00+00:00,4,0.957578,0.623584,0.0,38.1561
2026-04-07 04:00:00+00:00,4,0.957578,0.623584,0.0,38.1561
2026-04-07 05:00:00+00:00,4,0.957578,0.623584,0.0,38.1561
2026-04-07 06:00:00+00:00,4,0.957578,0.623584,0.0,38.1561
2026-04-07 07:00:00+00:00,4,0.957578,0.623584,0.0,38.1561
2026-04-07 08:00:00+00:00,4,0.957578,0.623584,0.0,38.1561
2026-04-07 09:00:00+00:00,4,0.957578,0.623584,0.0,38.1561
2026-04-07 10:00:00+00:00,4,0.957578,0.623584,0.0,38.1561
2026-04-07 11:00:00+00:00,4,0.957578,0.623584,0.0,38.1561
2026-04-07 12:00:00+00:00,4,0.957578,0.623584,0.0,38.1561
2026-04-07 13:00:00+00:00,4,0.957578,0.623584,0.0,38.1561
2026-04-07 14:00:00+00:00,4,0.957578,0.623584,0.0,38.1561
2026-04-07 15:00:00+00:00,4,0.957578,0.623584,0.0,38.1561
2026-04-07 16:00:00+00:00,4,0.957578,0.623584,0.0,38.1561
2026-04-07 17:00:00+00:00,4,0.957578,0.623584,0.0,38.1561
2026-04-07 18:00:00+00:00,4,0.957578,0.623584,0.0,38.1561
2026-04-07 19:00:00+00:00,4,0.957578,0.623584,0.0,38.1561
2026-04-07 20:00:00+00:00,4,0.957578,0.623584,0.0,38.1561
2026-04-07 21:00:00+00:00,4,0.957578,0.623584,0.0,38.1561
2026-04-07 22:00:00+00:00,4,0.957578,0.623584,0.0,38.1561
2026-04-07 23:00:00+00:00,4,0.957578,0.623584,0.0,38.1561
2026-04-08 00:00:00+00:00,4,0.957578,0.623584,0.0,38.1561
2026-04-08 01:00:00+00:00,4,0.957578,0.623584,0.0,38.1561
2026-04-08 02:00:00+00:00,4,0.957578,0.623584,0.0,38.1561
2026-04-08 03:00:00+00:00,4,0.957578,0.623584,0.0,38.1561
2026-04-08 04:00:00+00:00,4,0.954875,0.621824,-0.002822,38.3306
2026-04-08 05:00:00+00:00,4,0.954275,0.621434,-0.000628,38.3693
2026-04-08 06:00:00+00:00,4,0.954275,0.621434,0.0,38.3693
2026-04-08 07:00:00+00:00,4,0.954275,0.621434,0.0,38.3693
2026-04-08 08:00:00+00:00,4,0.954275,0.621434,0.0,38.3693
2026-04-08 09:00:00+00:00,4,0.954275,0.621434,0.0,38.3693
2026-04-08 10:00:00+00:00,4,0.954275,0.621434,0.0,38.3693
2026-04-08 11:00:00+00:00,4,0.954275,0.621434,0.0,38.3693
2026-04-08 12:00:00+00:00,4,0.954275,0.621434,0.0,38.3693
2026-04-08 13:00:00+00:00,4,0.954275,0.621434,0.0,38.3693
2026-04-08 14:00:00+00:00,4,0.954275,0.621434,0.0,38.3693
2026-04-08 15:00:00+00:00,4,0.954275,0.621434,0.0,38.3693
2026-04-08 16:00:00+00:00,4,0.954275,0.621434,0.0,38.3693
2026-04-08 17:00:00+00:00,4,0.954275,0.621434,0.0,38.3693
2026-04-08 18:00:00+00:00,4,0.954275,0.621434,0.0,38.3693
2026-04-08 19:00:00+00:00,4,0.954275,0.621434,0.0,38.3693
2026-04-08 20:00:00+00:00,4,0.954275,0.621434,0.0,38.3693
2026-04-08 21:00:00+00:00,4,0.954275,0.621434,0.0,38.3693
2026-04-08 22:00:00+00:00,4,0.954275,0.621434,0.0,38.3693
2026-04-08 23:00:00+00:00,4,0.954275,0.621434,0.0,38.3693
2026-04-09 00:00:00+00:00,4,0.954275,0.621434,0.0,38.3693
2026-04-09 01:00:00+00:00,4,0.954275,0.621434,0.0,38.3693
2026-04-09 02:00:00+00:00,4,0.954275,0.621434,0.0,38.3693
2026-04-09 03:00:00+00:00,4,0.954275,0.621434,0.0,38.3693
2026-04-09 04:00:00+00:00,4,0.954275,0.621434,0.0,38.3693
2026-04-09 05:00:00+00:00,4,0.954275,0.621434,0.0,38.3693
2026-04-09 06:00:00+00:00,4,0.954275,0.621434,0.0,38.3693
2026-04-09 07:00:00+00:00,4,0.954275,0.621434,0.0,38.3693
2026-04-09 08:00:00+00:00,4,0.954275,0.621434,0.0,38.3693
2026-04-09 09:00:00+00:00,4,0.954275,0.621434,0.0,38.3693
2026-04-09 10:00:00+00:00,4,0.954275,0.621434,0.0,38.3693
2026-04-09 11:00:00+00:00,4,0.954275,0.621434,0.0,38.3693
2026-04-09 12:00:00+00:00,4,0.954275,0.621434,0.0,38.3693
2026-04-09 13:00:00+00:00,4,0.954275,0.621434,0.0,38.3693
2026-04-09 14:00:00+00:00,4,0.954275,0.621434,0.0,38.3693
2026-04-09 15:00:00+00:00,4,0.954275,0.621434,0.0,38.3693
2026-04-09 16:00:00+00:00,4,0.954275,0.621434,0.0,38.3693
2026-04-09 17:00:00+00:00,4,0.954275,0.621434,0.0,38.3693
2026-04-09 18:00:00+00:00,4,0.954275,0.621434,0.0,38.3693
2026-04-09 19:00:00+00:00,4,0.954275,0.621434,0.0,38.3693
2026-04-09 20:00:00+00:00,4,0.954275,0.621434,0.0,38.3693
2026-04-09 21:00:00+00:00,4,0.954275,0.621434,0.0,38.3693
2026-04-09 22:00:00+00:00,4,0.954275,0.621434,0.0,38.3693
2026-04-09 23:00:00+00:00,4,0.954275,0.621434,0.0,38.3693
2026-04-10 00:00:00+00:00,4,0.954275,0.621434,0.0,38.3693
2026-04-10 01:00:00+00:00,4,0.954275,0.621434,0.0,38.3693
2026-04-10 02:00:00+00:00,4,0.954275,0.621434,0.0,38.3693
2026-04-10 03:00:00+00:00,4,0.954275,0.621434,0.0,38.3693
2026-04-10 04:00:00+00:00,4,0.954275,0.621434,0.0,38.3693
2026-04-10 05:00:00+00:00,4,0.954275,0.621434,0.0,38.3693
2026-04-10 06:00:00+00:00,4,0.954275,0.621434,0.0,38.3693
2026-04-10 07:00:00+00:00,4,0.954275,0.621434,0.0,38.3693
2026-04-10 08:00:00+00:00,4,0.954275,0.621434,0.0,38.3693
2026-04-10 09:00:00+00:00,4,0.954275,0.621434,0.0,38.3693
2026-04-10 10:00:00+00:00,4,0.954275,0.621434,0.0,38.3693
2026-04-10 11:00:00+00:00,4,0.954275,0.621434,0.0,38.3693
2026-04-10 12:00:00+00:00,4,0.954275,0.621434,0.0,38.3693
2026-04-10 13:00:00+00:00,4,0.954275,0.621434,0.0,38.3693
2026-04-10 14:00:00+00:00,4,0.954275,0.621434,0.0,38.3693
2026-04-10 15:00:00+00:00,4,0.954275,0.621434,0.0,38.3693
2026-04-10 16:00:00+00:00,4,0.954275,0.621434,0.0,38.3693
2026-04-10 17:00:00+00:00,4,0.954275,0.621434,0.0,38.3693
2026-04-10 18:00:00+00:00,4,0.954275,0.621434,0.0,38.3693
2026-04-10 19:00:00+00:00,4,0.954275,0.621434,0.0,38.3693
2026-04-10 20:00:00+00:00,4,0.954275,0.621434,0.0,38.3693
2026-04-10 21:00:00+00:00,4,0.954275,0.621434,0.0,38.3693
2026-04-10 22:00:00+00:00,4,0.954275,0.621434,0.0,38.3693
2026-04-10 23:00:00+00:00,4,0.954275,0.621434,0.0,38.3693
2026-04-11 00:00:00+00:00,4,0.954275,0.621434,0.0,38.3693
2026-04-11 01:00:00+00:00,4,0.954275,0.621434,0.0,38.3693
2026-04-11 02:00:00+00:00,4,0.954275,0.621434,0.0,38.3693
2026-04-11 03:00:00+00:00,4,0.954275,0.621434,0.0,38.3693
2026-04-11 04:00:00+00:00,4,0.954275,0.621434,0.0,38.3693
2026-04-11 05:00:00+00:00,4,0.954275,0.621434,0.0,38.3693
2026-04-11 06:00:00+00:00,4,0.954275,0.621434,0.0,38.3693
2026-04-11 07:00:00+00:00,4,0.954275,0.621434,0.0,38.3693
2026-04-11 08:00:00+00:00,4,0.954275,0.621434,0.0,38.3693
2026-04-11 09:00:00+00:00,4,0.954275,0.621434,0.0,38.3693
2026-04-11 10:00:00+00:00,4,0.954275,0.621434,0.0,38.3693
2026-04-11 11:00:00+00:00,4,0.954275,0.621434,0.0,38.3693
2026-04-11 12:00:00+00:00,4,0.954275,0.621434,0.0,38.3693
2026-04-11 13:00:00+00:00,4,0.954275,0.621434,0.0,38.3693
2026-04-11 14:00:00+00:00,4,0.954275,0.621434,0.0,38.3693
2026-04-11 15:00:00+00:00,4,0.954275,0.621434,0.0,38.3693
2026-04-11 16:00:00+00:00,4,0.954275,0.621434,0.0,38.3693
2026-04-11 17:00:00+00:00,4,0.954275,0.621434,0.0,38.3693
2026-04-11 18:00:00+00:00,4,0.954275,0.621434,0.0,38.3693
2026-04-11 19:00:00+00:00,4,0.954275,0.621434,0.0,38.3693
2026-04-11 20:00:00+00:00,4,0.954275,0.621434,0.0,38.3693
2026-04-11 21:00:00+00:00,4,0.954275,0.621434,0.0,38.3693
2026-04-11 22:00:00+00:00,4,0.954275,0.621434,0.0,38.3693
2026-04-11 23:00:00+00:00,4,0.954275,0.621434,0.0,38.3693
2026-04-12 00:00:00+00:00,4,0.954275,0.621434,0.0,38.3693
2026-04-12 01:00:00+00:00,4,0.954275,0.621434,0.0,38.3693
2026-04-12 02:00:00+00:00,4,0.954275,0.621434,0.0,38.3693
2026-04-12 03:00:00+00:00,4,0.954275,0.621434,0.0,38.3693
2026-04-12 04:00:00+00:00,4,0.954275,0.621434,0.0,38.3693
2026-04-12 05:00:00+00:00,4,0.950418,0.618922,-0.004042,38.6184
2026-04-12 06:00:00+00:00,4,0.949818,0.618531,-0.000631,38.6572
2026-04-12 07:00:00+00:00,4,0.949818,0.618531,0.0,38.6572
2026-04-12 08:00:00+00:00,4,0.949818,0.618531,0.0,38.6572
2026-04-12 09:00:00+00:00,4,0.949818,0.618531,0.0,38.6572
2026-04-12 10:00:00+00:00,4,0.949818,0.618531,0.0,38.6572
2026-04-12 11:00:00+00:00,4,0.949818,0.618531,0.0,38.6572
2026-04-12 12:00:00+00:00,4,0.949818,0.618531,0.0,38.6572
2026-04-12 13:00:00+00:00,4,0.949818,0.618531,0.0,38.6572
2026-04-12 14:00:00+00:00,4,0.949818,0.618531,0.0,38.6572
2026-04-12 15:00:00+00:00,4,0.949818,0.618531,0.0,38.6572
2026-04-12 16:00:00+00:00,4,0.949818,0.618531,0.0,38.6572
2026-04-12 17:00:00+00:00,4,0.949818,0.618531,0.0,38.6572
2026-04-12 18:00:00+00:00,4,0.949818,0.618531,0.0,38.6572
2026-04-12 19:00:00+00:00,4,0.949818,0.618531,0.0,38.6572
2026-04-12 20:00:00+00:00,4,0.949818,0.618531,0.0,38.6572
2026-04-12 21:00:00+00:00,4,0.949818,0.618531,0.0,38.6572
2026-04-12 22:00:00+00:00,4,0.950448,0.618942,0.000663,38.6164
2026-04-12 23:00:00+00:00,4,0.949848,0.618551,-0.000631,38.6552
2026-04-13 00:00:00+00:00,4,0.949848,0.618551,0.0,38.6552
2026-04-13 01:00:00+00:00,4,0.949848,0.618551,0.0,38.6552
2026-04-13 02:00:00+00:00,4,0.949848,0.618551,0.0,38.6552
2026-04-13 03:00:00+00:00,4,0.949848,0.618551,0.0,38.6552
2026-04-13 04:00:00+00:00,4,0.949848,0.618551,0.0,38.6552
2026-04-13 05:00:00+00:00,4,0.949848,0.618551,0.0,38.6552
2026-04-13 06:00:00+00:00,4,0.949848,0.618551,0.0,38.6552
2026-04-13 07:00:00+00:00,4,0.949848,0.618551,0.0,38.6552
2026-04-13 08:00:00+00:00,4,0.949848,0.618551,0.0,38.6552
2026-04-13 09:00:00+00:00,4,0.949848,0.618551,0.0,38.6552
2026-04-13 10:00:00+00:00,4,0.949848,0.618551,0.0,38.6552
2026-04-13 11:00:00+00:00,4,0.949848,0.618551,0.0,38.6552
2026-04-13 12:00:00+00:00,4,0.949848,0.618551,0.0,38.6552
2026-04-13 13:00:00+00:00,4,0.949848,0.618551,0.0,38.6552
2026-04-13 14:00:00+00:00,4,0.949848,0.618551,0.0,38.6552
2026-04-13 15:00:00+00:00,4,0.949848,0.618551,0.0,38.6552
2026-04-13 16:00:00+00:00,4,0.949848,0.618551,0.0,38.6552
2026-04-13 17:00:00+00:00,4,0.949848,0.618551,0.0,38.6552
2026-04-13 18:00:00+00:00,4,0.949848,0.618551,0.0,38.6552
2026-04-13 19:00:00+00:00,4,0.949848,0.618551,0.0,38.6552
2026-04-13 20:00:00+00:00,4,0.949848,0.618551,0.0,38.6552
2026-04-13 21:00:00+00:00,4,0.949848,0.618551,0.0,38.6552
2026-04-13 22:00:00+00:00,4,0.949848,0.618551,0.0,38.6552
2026-04-13 23:00:00+00:00,4,0.949848,0.618551,0.0,38.6552
2026-04-14 00:00:00+00:00,4,0.949848,0.618551,0.0,38.6552
2026-04-14 01:00:00+00:00,4,0.949848,0.618551,0.0,38.6552
2026-04-14 02:00:00+00:00,4,0.949848,0.618551,0.0,38.6552
2026-04-14 03:00:00+00:00,4,0.949848,0.618551,0.0,38.6552
2026-04-14 04:00:00+00:00,4,0.949848,0.618551,0.0,38.6552
2026-04-14 05:00:00+00:00,4,0.949848,0.618551,0.0,38.6552
2026-04-14 06:00:00+00:00,4,0.949848,0.618551,0.0,38.6552
2026-04-14 07:00:00+00:00,4,0.949848,0.618551,0.0,38.6552
2026-04-14 08:00:00+00:00,4,0.949848,0.618551,0.0,38.6552
2026-04-14 09:00:00+00:00,4,0.949848,0.618551,0.0,38.6552
2026-04-14 10:00:00+00:00,4,0.949848,0.618551,0.0,38.6552
2026-04-14 11:00:00+00:00,4,0.949848,0.618551,0.0,38.6552
2026-04-14 12:00:00+00:00,4,0.949848,0.618551,0.0,38.6552
2026-04-14 13:00:00+00:00,4,0.949848,0.618551,0.0,38.6552
2026-04-14 14:00:00+00:00,4,0.949848,0.618551,0.0,38.6552
2026-04-14 15:00:00+00:00,4,0.949848,0.618551,0.0,38.6552
2026-04-14 16:00:00+00:00,4,0.949848,0.618551,0.0,38.6552
2026-04-14 17:00:00+00:00,4,0.949848,0.618551,0.0,38.6552
2026-04-14 18:00:00+00:00,4,0.949848,0.618551,0.0,38.6552
2026-04-14 19:00:00+00:00,4,0.949848,0.618551,0.0,38.6552
2026-04-14 20:00:00+00:00,4,0.949848,0.618551,0.0,38.6552
2026-04-14 21:00:00+00:00,4,0.949848,0.618551,0.0,38.6552
2026-04-14 22:00:00+00:00,4,0.949848,0.618551,0.0,38.6552
2026-04-14 23:00:00+00:00,4,0.949848,0.618551,0.0,38.6552
2026-04-15 00:00:00+00:00,4,0.949848,0.618551,0.0,38.6552
2026-04-15 01:00:00+00:00,4,0.949848,0.618551,0.0,38.6552
2026-04-15 02:00:00+00:00,4,0.949848,0.618551,0.0,38.6552
2026-04-15 03:00:00+00:00,4,0.949848,0.618551,0.0,38.6552
2026-04-15 04:00:00+00:00,4,0.949848,0.618551,0.0,38.6552
2026-04-15 05:00:00+00:00,4,0.949848,0.618551,0.0,38.6552
2026-04-15 06:00:00+00:00,4,0.949848,0.618551,0.0,38.6552
2026-04-15 07:00:00+00:00,4,0.949848,0.618551,0.0,38.6552
2026-04-15 08:00:00+00:00,4,0.949848,0.618551,0.0,38.6552
2026-04-15 09:00:00+00:00,4,0.949848,0.618551,0.0,38.6552
2026-04-15 10:00:00+00:00,4,0.949848,0.618551,0.0,38.6552
2026-04-15 11:00:00+00:00,4,0.949848,0.618551,0.0,38.6552
2026-04-15 12:00:00+00:00,4,0.949848,0.618551,0.0,38.6552
2026-04-15 13:00:00+00:00,4,0.949848,0.618551,0.0,38.6552
2026-04-15 14:00:00+00:00,4,0.949848,0.618551,0.0,38.6552
2026-04-15 15:00:00+00:00,4,0.949848,0.618551,0.0,38.6552
2026-04-15 16:00:00+00:00,4,0.953168,0.620713,0.003496,38.4408
2026-04-15 17:00:00+00:00,4,0.952568,0.620323,-0.000629,38.4795
2026-04-15 18:00:00+00:00,4,0.952568,0.620323,0.0,38.4795
2026-04-15 19:00:00+00:00,4,0.952568,0.620323,0.0,38.4795
2026-04-15 20:00:00+00:00,4,0.952568,0.620323,0.0,38.4795
2026-04-15 21:00:00+00:00,4,0.952568,0.620323,0.0,38.4795
2026-04-15 22:00:00+00:00,4,0.952568,0.620323,0.0,38.4795
2026-04-15 23:00:00+00:00,4,0.952568,0.620323,0.0,38.4795
2026-04-16 00:00:00+00:00,4,0.952568,0.620323,0.0,38.4795
2026-04-16 01:00:00+00:00,4,0.952568,0.620323,0.0,38.4795
2026-04-16 02:00:00+00:00,4,0.952568,0.620323,0.0,38.4795
2026-04-16 03:00:00+00:00,4,0.952568,0.620323,0.0,38.4795
2026-04-16 04:00:00+00:00,4,0.952568,0.620323,0.0,38.4795
2026-04-16 05:00:00+00:00,4,0.952568,0.620323,0.0,38.4795
2026-04-16 06:00:00+00:00,4,0.952568,0.620323,0.0,38.4795
2026-04-16 07:00:00+00:00,4,0.952568,0.620323,0.0,38.4795
2026-04-16 08:00:00+00:00,4,0.952568,0.620323,0.0,38.4795
2026-04-16 09:00:00+00:00,4,0.952568,0.620323,0.0,38.4795
2026-04-16 10:00:00+00:00,4,0.952568,0.620323,0.0,38.4795
2026-04-16 11:00:00+00:00,4,0.952568,0.620323,0.0,38.4795
2026-04-16 12:00:00+00:00,4,0.952568,0.620323,0.0,38.4795
2026-04-16 13:00:00+00:00,4,0.952568,0.620323,0.0,38.4795
2026-04-16 14:00:00+00:00,4,0.952568,0.620323,0.0,38.4795
2026-04-16 15:00:00+00:00,4,0.952568,0.620323,0.0,38.4795
2026-04-16 16:00:00+00:00,4,0.952568,0.620323,0.0,38.4795
2026-04-16 17:00:00+00:00,4,0.952568,0.620323,0.0,38.4795
2026-04-16 18:00:00+00:00,4,0.952568,0.620323,0.0,38.4795
2026-04-16 19:00:00+00:00,4,0.952568,0.620323,0.0,38.4795
2026-04-16 20:00:00+00:00,4,0.952568,0.620323,0.0,38.4795
2026-04-16 21:00:00+00:00,4,0.952568,0.620323,0.0,38.4795
2026-04-16 22:00:00+00:00,4,0.952568,0.620323,0.0,38.4795
2026-04-16 23:00:00+00:00,4,0.952568,0.620323,0.0,38.4795
2026-04-17 00:00:00+00:00,4,0.952568,0.620323,0.0,38.4795
2026-04-17 01:00:00+00:00,4,0.952568,0.620323,0.0,38.4795
2026-04-17 02:00:00+00:00,4,0.952568,0.620323,0.0,38.4795
2026-04-17 03:00:00+00:00,4,0.952568,0.620323,0.0,38.4795
2026-04-17 04:00:00+00:00,4,0.952568,0.620323,0.0,38.4795
2026-04-17 05:00:00+00:00,4,0.952568,0.620323,0.0,38.4795
2026-04-17 06:00:00+00:00,4,0.952568,0.620323,0.0,38.4795
2026-04-17 07:00:00+00:00,4,0.952568,0.620323,0.0,38.4795
2026-04-17 08:00:00+00:00,4,0.952568,0.620323,0.0,38.4795
2026-04-17 09:00:00+00:00,4,0.952568,0.620323,0.0,38.4795
2026-04-17 10:00:00+00:00,4,0.952568,0.620323,0.0,38.4795
2026-04-17 11:00:00+00:00,4,0.952568,0.620323,0.0,38.4795
2026-04-17 12:00:00+00:00,4,0.952568,0.620323,0.0,38.4795
2026-04-17 13:00:00+00:00,4,0.952035,0.619976,-0.00056,38.5139
2026-04-17 14:00:00+00:00,4,0.951435,0.619585,-0.00063,38.5527
2026-04-17 15:00:00+00:00,4,0.951435,0.619585,0.0,38.5527
2026-04-17 16:00:00+00:00,4,0.951435,0.619585,0.0,38.5527
2026-04-17 17:00:00+00:00,4,0.951435,0.619585,0.0,38.5527
2026-04-17 18:00:00+00:00,4,0.951435,0.619585,0.0,38.5527
2026-04-17 19:00:00+00:00,4,0.951435,0.619585,0.0,38.5527
2026-04-17 20:00:00+00:00,4,0.951435,0.619585,0.0,38.5527
2026-04-17 21:00:00+00:00,4,0.951435,0.619585,0.0,38.5527
2026-04-17 22:00:00+00:00,4,0.951435,0.619585,0.0,38.5527
2026-04-17 23:00:00+00:00,4,0.951435,0.619585,0.0,38.5527
2026-04-18 00:00:00+00:00,4,0.951435,0.619585,0.0,38.5527
2026-04-18 01:00:00+00:00,4,0.951435,0.619585,0.0,38.5527
2026-04-18 02:00:00+00:00,4,0.951435,0.619585,0.0,38.5527
2026-04-18 03:00:00+00:00,4,0.951435,0.619585,0.0,38.5527
2026-04-18 04:00:00+00:00,4,0.951435,0.619585,0.0,38.5527
2026-04-18 05:00:00+00:00,4,0.951435,0.619585,0.0,38.5527
2026-04-18 06:00:00+00:00,4,0.951435,0.619585,0.0,38.5527
2026-04-18 07:00:00+00:00,4,0.951435,0.619585,0.0,38.5527
2026-04-18 08:00:00+00:00,4,0.951435,0.619585,0.0,38.5527
2026-04-18 09:00:00+00:00,4,0.951435,0.619585,0.0,38.5527
2026-04-18 10:00:00+00:00,4,0.951435,0.619585,0.0,38.5527
2026-04-18 11:00:00+00:00,4,0.951435,0.619585,0.0,38.5527
2026-04-18 12:00:00+00:00,4,0.951435,0.619585,0.0,38.5527
2026-04-18 13:00:00+00:00,4,0.951435,0.619585,0.0,38.5527
2026-04-18 14:00:00+00:00,4,0.951435,0.619585,0.0,38.5527
2026-04-18 15:00:00+00:00,4,0.951435,0.619585,0.0,38.5527
2026-04-18 16:00:00+00:00,4,0.951435,0.619585,0.0,38.5527
2026-04-18 17:00:00+00:00,4,0.951435,0.619585,0.0,38.5527
2026-04-18 18:00:00+00:00,4,0.951435,0.619585,0.0,38.5527
2026-04-18 19:00:00+00:00,4,0.951435,0.619585,0.0,38.5527
2026-04-18 20:00:00+00:00,4,0.951435,0.619585,0.0,38.5527
2026-04-18 21:00:00+00:00,4,0.951435,0.619585,0.0,38.5527
2026-04-18 22:00:00+00:00,4,0.951435,0.619585,0.0,38.5527
2026-04-18 23:00:00+00:00,4,0.951435,0.619585,0.0,38.5527
2026-04-19 00:00:00+00:00,4,0.951435,0.619585,0.0,38.5527
2026-04-19 01:00:00+00:00,4,0.951435,0.619585,0.0,38.5527
2026-04-19 02:00:00+00:00,4,0.951435,0.619585,0.0,38.5527
2026-04-19 03:00:00+00:00,4,0.951435,0.619585,0.0,38.5527
2026-04-19 04:00:00+00:00,4,0.951435,0.619585,0.0,38.5527
2026-04-19 05:00:00+00:00,4,0.951435,0.619585,0.0,38.5527
2026-04-19 06:00:00+00:00,4,0.951435,0.619585,0.0,38.5527
2026-04-19 07:00:00+00:00,4,0.951435,0.619585,0.0,38.5527
2026-04-19 08:00:00+00:00,4,0.951435,0.619585,0.0,38.5527
2026-04-19 09:00:00+00:00,4,0.951435,0.619585,0.0,38.5527
2026-04-19 10:00:00+00:00,4,0.951435,0.619585,0.0,38.5527
2026-04-19 11:00:00+00:00,4,0.951435,0.619585,0.0,38.5527
2026-04-19 12:00:00+00:00,4,0.951435,0.619585,0.0,38.5527
2026-04-19 13:00:00+00:00,4,0.951435,0.619585,0.0,38.5527
2026-04-19 14:00:00+00:00,4,0.951435,0.619585,0.0,38.5527
2026-04-19 15:00:00+00:00,4,0.951435,0.619585,0.0,38.5527
2026-04-19 16:00:00+00:00,4,0.951435,0.619585,0.0,38.5527
2026-04-19 17:00:00+00:00,4,0.951435,0.619585,0.0,38.5527
2026-04-19 18:00:00+00:00,4,0.951435,0.619585,0.0,38.5527
2026-04-19 19:00:00+00:00,4,0.951435,0.619585,0.0,38.5527
2026-04-19 20:00:00+00:00,4,0.951435,0.619585,0.0,38.5527
2026-04-19 21:00:00+00:00,4,0.951435,0.619585,0.0,38.5527
2026-04-19 22:00:00+00:00,4,0.951435,0.619585,0.0,38.5527
2026-04-19 23:00:00+00:00,4,0.951435,0.619585,0.0,38.5527
2026-04-20 00:00:00+00:00,4,0.951435,0.619585,0.0,38.5527
2026-04-20 01:00:00+00:00,4,0.951435,0.619585,0.0,38.5527
2026-04-20 02:00:00+00:00,4,0.951435,0.619585,0.0,38.5527
2026-04-20 03:00:00+00:00,4,0.951435,0.619585,0.0,38.5527
2026-04-20 04:00:00+00:00,4,0.951435,0.619585,0.0,38.5527
2026-04-20 05:00:00+00:00,4,0.951435,0.619585,0.0,38.5527
2026-04-20 06:00:00+00:00,4,0.951435,0.619585,0.0,38.5527
2026-04-20 07:00:00+00:00,4,0.951435,0.619585,0.0,38.5527
2026-04-20 08:00:00+00:00,4,0.951435,0.619585,0.0,38.5527
2026-04-20 09:00:00+00:00,4,0.951435,0.619585,0.0,38.5527
2026-04-20 10:00:00+00:00,4,0.951435,0.619585,0.0,38.5527
2026-04-20 11:00:00+00:00,4,0.951435,0.619585,0.0,38.5527
2026-04-20 12:00:00+00:00,4,0.951435,0.619585,0.0,38.5527
2026-04-20 13:00:00+00:00,4,0.951435,0.619585,0.0,38.5527
2026-04-20 14:00:00+00:00,4,0.951435,0.619585,0.0,38.5527
2026-04-20 15:00:00+00:00,4,0.951435,0.619585,0.0,38.5527
2026-04-20 16:00:00+00:00,4,0.951435,0.619585,0.0,38.5527
2026-04-20 17:00:00+00:00,4,0.951435,0.619585,0.0,38.5527
2026-04-20 18:00:00+00:00,4,0.951435,0.619585,0.0,38.5527
2026-04-20 19:00:00+00:00,4,0.951435,0.619585,0.0,38.5527
2026-04-20 20:00:00+00:00,4,0.951435,0.619585,0.0,38.5527
2026-04-20 21:00:00+00:00,4,0.951435,0.619585,0.0,38.5527
2026-04-20 22:00:00+00:00,4,0.951435,0.619585,0.0,38.5527
2026-04-20 23:00:00+00:00,4,0.951435,0.619585,0.0,38.5527
2026-04-21 00:00:00+00:00,4,0.951435,0.619585,0.0,38.5527
2026-04-21 01:00:00+00:00,4,0.951435,0.619585,0.0,38.5527
2026-04-21 02:00:00+00:00,4,0.951435,0.619585,0.0,38.5527
2026-04-21 03:00:00+00:00,4,0.951435,0.619585,0.0,38.5527
2026-04-21 04:00:00+00:00,4,0.951435,0.619585,0.0,38.5527
2026-04-21 05:00:00+00:00,4,0.951435,0.619585,0.0,38.5527
2026-04-21 06:00:00+00:00,4,0.951435,0.619585,0.0,38.5527
2026-04-21 07:00:00+00:00,4,0.951435,0.619585,0.0,38.5527
2026-04-21 08:00:00+00:00,4,0.951435,0.619585,0.0,38.5527
2026-04-21 09:00:00+00:00,4,0.951435,0.619585,0.0,38.5527
2026-04-21 10:00:00+00:00,4,0.951435,0.619585,0.0,38.5527
2026-04-21 11:00:00+00:00,4,0.951435,0.619585,0.0,38.5527
2026-04-21 12:00:00+00:00,4,0.951435,0.619585,0.0,38.5527
2026-04-21 13:00:00+00:00,4,0.951435,0.619585,0.0,38.5527
2026-04-21 14:00:00+00:00,4,0.951435,0.619585,0.0,38.5527
2026-04-21 15:00:00+00:00,4,0.951435,0.619585,0.0,38.5527
2026-04-21 16:00:00+00:00,4,0.951435,0.619585,0.0,38.5527
2026-04-21 17:00:00+00:00,4,0.951435,0.619585,0.0,38.5527
2026-04-21 18:00:00+00:00,4,0.951435,0.619585,0.0,38.5527
2026-04-21 19:00:00+00:00,4,0.951435,0.619585,0.0,38.5527
2026-04-21 20:00:00+00:00,4,0.951435,0.619585,0.0,38.5527
2026-04-21 21:00:00+00:00,4,0.951435,0.619585,0.0,38.5527
2026-04-21 22:00:00+00:00,4,0.951435,0.619585,0.0,38.5527
2026-04-21 23:00:00+00:00,4,0.951435,0.619585,0.0,38.5527
2026-04-22 00:00:00+00:00,4,0.951435,0.619585,0.0,38.5527
2026-04-22 01:00:00+00:00,4,0.951435,0.619585,0.0,38.5527
2026-04-22 02:00:00+00:00,4,0.951435,0.619585,0.0,38.5527
2026-04-22 03:00:00+00:00,4,0.951435,0.619585,0.0,38.5527
2026-04-22 04:00:00+00:00,4,0.951435,0.619585,0.0,38.5527
2026-04-22 05:00:00+00:00,4,0.951435,0.619585,0.0,38.5527
2026-04-22 06:00:00+00:00,4,0.951435,0.619585,0.0,38.5527
2026-04-22 07:00:00+00:00,4,0.951435,0.619585,0.0,38.5527
2026-04-22 08:00:00+00:00,4,0.951435,0.619585,0.0,38.5527
2026-04-22 09:00:00+00:00,4,0.951435,0.619585,0.0,38.5527
2026-04-22 10:00:00+00:00,4,0.951435,0.619585,0.0,38.5527
2026-04-22 11:00:00+00:00,4,0.951435,0.619585,0.0,38.5527
2026-04-22 12:00:00+00:00,4,0.951435,0.619585,0.0,38.5527
2026-04-22 13:00:00+00:00,4,0.951435,0.619585,0.0,38.5527
2026-04-22 14:00:00+00:00,4,0.951435,0.619585,0.0,38.5527
2026-04-22 15:00:00+00:00,4,0.951435,0.619585,0.0,38.5527
2026-04-22 16:00:00+00:00,4,0.951435,0.619585,0.0,38.5527
2026-04-22 17:00:00+00:00,4,0.951435,0.619585,0.0,38.5527
2026-04-22 18:00:00+00:00,4,0.951435,0.619585,0.0,38.5527
2026-04-22 19:00:00+00:00,4,0.951435,0.619585,0.0,38.5527
2026-04-22 20:00:00+00:00,4,0.951435,0.619585,0.0,38.5527
2026-04-22 21:00:00+00:00,4,0.951435,0.619585,0.0,38.5527
2026-04-22 22:00:00+00:00,4,0.951435,0.619585,0.0,38.5527
2026-04-22 23:00:00+00:00,4,0.951435,0.619585,0.0,38.5527
2026-04-23 00:00:00+00:00,4,0.951435,0.619585,0.0,38.5527
2026-04-23 01:00:00+00:00,4,0.951435,0.619585,0.0,38.5527
2026-04-23 02:00:00+00:00,4,0.951435,0.619585,0.0,38.5527
2026-04-23 03:00:00+00:00,4,0.951435,0.619585,0.0,38.5527
2026-04-23 04:00:00+00:00,4,0.951435,0.619585,0.0,38.5527
2026-04-23 05:00:00+00:00,4,0.951435,0.619585,0.0,38.5527
2026-04-23 06:00:00+00:00,4,0.951435,0.619585,0.0,38.5527
2026-04-23 07:00:00+00:00,4,0.951435,0.619585,0.0,38.5527
2026-04-23 08:00:00+00:00,4,0.951435,0.619585,0.0,38.5527
2026-04-23 09:00:00+00:00,4,0.951435,0.619585,0.0,38.5527
2026-04-23 10:00:00+00:00,4,0.951435,0.619585,0.0,38.5527
2026-04-23 11:00:00+00:00,4,0.951435,0.619585,0.0,38.5527
2026-04-23 12:00:00+00:00,4,0.951435,0.619585,0.0,38.5527
2026-04-23 13:00:00+00:00,4,0.951435,0.619585,0.0,38.5527
2026-04-23 14:00:00+00:00,4,0.951435,0.619585,0.0,38.5527
2026-04-23 15:00:00+00:00,4,0.951435,0.619585,0.0,38.5527
2026-04-23 16:00:00+00:00,4,0.951435,0.619585,0.0,38.5527
2026-04-23 17:00:00+00:00,4,0.951435,0.619585,0.0,38.5527
2026-04-23 18:00:00+00:00,4,0.951435,0.619585,0.0,38.5527
2026-04-23 19:00:00+00:00,4,0.951435,0.619585,0.0,38.5527
2026-04-23 20:00:00+00:00,4,0.951435,0.619585,0.0,38.5527
2026-04-23 21:00:00+00:00,4,0.951435,0.619585,0.0,38.5527
2026-04-23 22:00:00+00:00,4,0.951435,0.619585,0.0,38.5527
2026-04-23 23:00:00+00:00,4,0.951435,0.619585,0.0,38.5527
2026-04-24 00:00:00+00:00,4,0.951435,0.619585,0.0,38.5527
2026-04-24 01:00:00+00:00,4,0.951435,0.619585,0.0,38.5527
2026-04-24 02:00:00+00:00,4,0.951435,0.619585,0.0,38.5527
2026-04-24 03:00:00+00:00,4,0.951435,0.619585,0.0,38.5527
2026-04-24 04:00:00+00:00,4,0.951435,0.619585,0.0,38.5527
2026-04-24 05:00:00+00:00,4,0.951435,0.619585,0.0,38.5527
2026-04-24 06:00:00+00:00,4,0.951435,0.619585,0.0,38.5527
2026-04-24 07:00:00+00:00,4,0.951435,0.619585,0.0,38.5527
2026-04-24 08:00:00+00:00,4,0.951435,0.619585,0.0,38.5527
2026-04-24 09:00:00+00:00,4,0.951435,0.619585,0.0,38.5527
2026-04-24 10:00:00+00:00,4,0.951435,0.619585,0.0,38.5527
2026-04-24 11:00:00+00:00,4,0.951435,0.619585,0.0,38.5527
2026-04-24 12:00:00+00:00,4,0.951435,0.619585,0.0,38.5527
2026-04-24 13:00:00+00:00,4,0.951435,0.619585,0.0,38.5527
2026-04-24 14:00:00+00:00,4,0.951435,0.619585,0.0,38.5527
2026-04-24 15:00:00+00:00,4,0.951435,0.619585,0.0,38.5527
2026-04-24 16:00:00+00:00,4,0.951435,0.619585,0.0,38.5527
2026-04-24 17:00:00+00:00,4,0.951435,0.619585,0.0,38.5527
2026-04-24 18:00:00+00:00,4,0.951435,0.619585,0.0,38.5527
2026-04-24 19:00:00+00:00,4,0.951435,0.619585,0.0,38.5527
2026-04-24 20:00:00+00:00,4,0.951435,0.619585,0.0,38.5527
2026-04-24 21:00:00+00:00,4,0.951435,0.619585,0.0,38.5527
2026-04-24 22:00:00+00:00,4,0.951435,0.619585,0.0,38.5527
2026-04-24 23:00:00+00:00,4,0.951435,0.619585,0.0,38.5527
2026-04-25 00:00:00+00:00,4,0.951435,0.619585,0.0,38.5527
2026-04-25 01:00:00+00:00,4,0.951435,0.619585,0.0,38.5527
2026-04-25 02:00:00+00:00,4,0.951435,0.619585,0.0,38.5527
2026-04-25 03:00:00+00:00,4,0.951435,0.619585,0.0,38.5527
2026-04-25 04:00:00+00:00,4,0.951435,0.619585,0.0,38.5527
2026-04-25 05:00:00+00:00,4,0.951435,0.619585,0.0,38.5527
2026-04-25 06:00:00+00:00,4,0.951435,0.619585,0.0,38.5527
2026-04-25 07:00:00+00:00,4,0.951435,0.619585,0.0,38.5527
2026-04-25 08:00:00+00:00,4,0.951435,0.619585,0.0,38.5527
2026-04-25 09:00:00+00:00,4,0.951435,0.619585,0.0,38.5527
2026-04-25 10:00:00+00:00,4,0.951435,0.619585,0.0,38.5527
2026-04-25 11:00:00+00:00,4,0.951435,0.619585,0.0,38.5527
2026-04-25 12:00:00+00:00,4,0.951435,0.619585,0.0,38.5527
2026-04-25 13:00:00+00:00,4,0.951435,0.619585,0.0,38.5527
2026-04-25 14:00:00+00:00,4,0.951435,0.619585,0.0,38.5527
2026-04-25 15:00:00+00:00,4,0.951435,0.619585,0.0,38.5527
2026-04-25 16:00:00+00:00,4,0.951435,0.619585,0.0,38.5527
2026-04-25 17:00:00+00:00,4,0.951435,0.619585,0.0,38.5527
2026-04-25 18:00:00+00:00,4,0.951435,0.619585,0.0,38.5527
2026-04-25 19:00:00+00:00,4,0.951435,0.619585,0.0,38.5527
2026-04-25 20:00:00+00:00,4,0.951435,0.619585,0.0,38.5527
2026-04-25 21:00:00+00:00,4,0.951435,0.619585,0.0,38.5527
2026-04-25 22:00:00+00:00,4,0.951435,0.619585,0.0,38.5527
2026-04-25 23:00:00+00:00,4,0.951435,0.619585,0.0,38.5527
2026-04-26 00:00:00+00:00,4,0.951435,0.619585,0.0,38.5527
2026-04-26 01:00:00+00:00,4,0.951435,0.619585,0.0,38.5527
2026-04-26 02:00:00+00:00,4,0.951435,0.619585,0.0,38.5527
2026-04-26 03:00:00+00:00,4,0.951435,0.619585,0.0,38.5527
2026-04-26 04:00:00+00:00,4,0.951435,0.619585,0.0,38.5527
2026-04-26 05:00:00+00:00,4,0.951435,0.619585,0.0,38.5527
2026-04-26 06:00:00+00:00,4,0.951435,0.619585,0.0,38.5527
2026-04-26 07:00:00+00:00,4,0.951435,0.619585,0.0,38.5527
2026-04-26 08:00:00+00:00,4,0.951435,0.619585,0.0,38.5527
2026-04-26 09:00:00+00:00,4,0.951435,0.619585,0.0,38.5527
2026-04-26 10:00:00+00:00,4,0.951435,0.619585,0.0,38.5527
2026-04-26 11:00:00+00:00,4,0.951435,0.619585,0.0,38.5527
2026-04-26 12:00:00+00:00,4,0.951435,0.619585,0.0,38.5527
2026-04-26 13:00:00+00:00,4,0.951435,0.619585,0.0,38.5527
2026-04-26 14:00:00+00:00,4,0.951435,0.619585,0.0,38.5527
2026-04-26 15:00:00+00:00,4,0.951435,0.619585,0.0,38.5527
2026-04-26 16:00:00+00:00,4,0.951435,0.619585,0.0,38.5527
2026-04-26 17:00:00+00:00,4,0.951435,0.619585,0.0,38.5527
2026-04-26 18:00:00+00:00,4,0.951435,0.619585,0.0,38.5527
2026-04-26 19:00:00+00:00,4,0.951435,0.619585,0.0,38.5527
2026-04-26 20:00:00+00:00,4,0.951435,0.619585,0.0,38.5527
2026-04-26 21:00:00+00:00,4,0.951435,0.619585,0.0,38.5527
2026-04-26 22:00:00+00:00,4,0.951435,0.619585,0.0,38.5527
2026-04-26 23:00:00+00:00,4,0.951435,0.619585,0.0,38.5527
2026-04-27 00:00:00+00:00,4,0.951435,0.619585,0.0,38.5527
2026-04-27 01:00:00+00:00,4,0.951435,0.619585,0.0,38.5527
2026-04-27 02:00:00+00:00,4,0.951435,0.619585,0.0,38.5527
2026-04-27 03:00:00+00:00,4,0.951435,0.619585,0.0,38.5527
2026-04-27 04:00:00+00:00,4,0.951435,0.619585,0.0,38.5527
2026-04-27 05:00:00+00:00,4,0.951435,0.619585,0.0,38.5527
2026-04-27 06:00:00+00:00,4,0.951435,0.619585,0.0,38.5527
2026-04-27 07:00:00+00:00,4,0.951435,0.619585,0.0,38.5527
2026-04-27 08:00:00+00:00,4,0.951435,0.619585,0.0,38.5527
2026-04-27 09:00:00+00:00,4,0.951435,0.619585,0.0,38.5527
2026-04-27 10:00:00+00:00,4,0.951435,0.619585,0.0,38.5527
2026-04-27 11:00:00+00:00,4,0.951435,0.619585,0.0,38.5527
2026-04-27 12:00:00+00:00,4,0.951435,0.619585,0.0,38.5527
2026-04-27 13:00:00+00:00,4,0.951435,0.619585,0.0,38.5527
2026-04-27 14:00:00+00:00,4,0.951435,0.619585,0.0,38.5527
2026-04-27 15:00:00+00:00,4,0.951435,0.619585,0.0,38.5527
2026-04-27 16:00:00+00:00,4,0.951435,0.619585,0.0,38.5527
2026-04-27 17:00:00+00:00,4,0.951435,0.619585,0.0,38.5527
2026-04-27 18:00:00+00:00,4,0.951435,0.619585,0.0,38.5527
2026-04-27 19:00:00+00:00,4,0.951435,0.619585,0.0,38.5527
2026-04-27 20:00:00+00:00,4,0.951435,0.619585,0.0,38.5527
2026-04-27 21:00:00+00:00,4,0.951435,0.619585,0.0,38.5527
2026-04-27 22:00:00+00:00,4,0.951435,0.619585,0.0,38.5527
2026-04-27 23:00:00+00:00,4,0.951435,0.619585,0.0,38.5527
2026-04-28 00:00:00+00:00,4,0.951435,0.619585,0.0,38.5527
2026-04-28 01:00:00+00:00,4,0.951435,0.619585,0.0,38.5527
2026-04-28 02:00:00+00:00,4,0.951435,0.619585,0.0,38.5527
2026-04-28 03:00:00+00:00,4,0.951435,0.619585,0.0,38.5527
2026-04-28 04:00:00+00:00,4,0.951435,0.619585,0.0,38.5527
2026-04-28 05:00:00+00:00,4,0.951435,0.619585,0.0,38.5527
2026-04-28 06:00:00+00:00,4,0.951435,0.619585,0.0,38.5527
2026-04-28 07:00:00+00:00,4,0.951435,0.619585,0.0,38.5527
2026-04-28 08:00:00+00:00,4,0.951435,0.619585,0.0,38.5527
2026-04-28 09:00:00+00:00,4,0.951435,0.619585,0.0,38.5527
2026-04-28 10:00:00+00:00,4,0.951435,0.619585,0.0,38.5527
2026-04-28 11:00:00+00:00,4,0.951435,0.619585,0.0,38.5527
2026-04-28 12:00:00+00:00,4,0.951435,0.619585,0.0,38.5527
2026-04-28 13:00:00+00:00,4,0.951435,0.619585,0.0,38.5527
2026-04-28 14:00:00+00:00,4,0.951435,0.619585,0.0,38.5527
2026-04-28 15:00:00+00:00,4,0.951435,0.619585,0.0,38.5527
2026-04-28 16:00:00+00:00,4,0.951435,0.619585,0.0,38.5527
2026-04-28 17:00:00+00:00,4,0.951435,0.619585,0.0,38.5527
2026-04-28 18:00:00+00:00,4,0.951435,0.619585,0.0,38.5527
2026-04-28 19:00:00+00:00,4,0.951435,0.619585,0.0,38.5527
2026-04-28 20:00:00+00:00,4,0.951435,0.619585,0.0,38.5527
2026-04-28 21:00:00+00:00,4,0.951435,0.619585,0.0,38.5527
2026-04-28 22:00:00+00:00,4,0.951435,0.619585,0.0,38.5527
2026-04-28 23:00:00+00:00,4,0.951435,0.619585,0.0,38.5527
2026-04-29 00:00:00+00:00,4,0.951435,0.619585,0.0,38.5527
2026-04-29 01:00:00+00:00,4,0.951435,0.619585,0.0,38.5527
2026-04-29 02:00:00+00:00,4,0.951435,0.619585,0.0,38.5527
2026-04-29 03:00:00+00:00,4,0.951435,0.619585,0.0,38.5527
2026-04-29 04:00:00+00:00,4,0.951435,0.619585,0.0,38.5527
2026-04-29 05:00:00+00:00,4,0.951435,0.619585,0.0,38.5527
2026-04-29 06:00:00+00:00,4,0.951435,0.619585,0.0,38.5527
2026-04-29 07:00:00+00:00,4,0.951435,0.619585,0.0,38.5527
2026-04-29 08:00:00+00:00,4,0.951435,0.619585,0.0,38.5527
2026-04-29 09:00:00+00:00,4,0.951435,0.619585,0.0,38.5527
2026-04-29 10:00:00+00:00,4,0.951435,0.619585,0.0,38.5527
2026-04-29 11:00:00+00:00,4,0.951435,0.619585,0.0,38.5527
2026-04-29 12:00:00+00:00,4,0.951435,0.619585,0.0,38.5527
2026-04-29 13:00:00+00:00,4,0.951435,0.619585,0.0,38.5527
2026-04-29 14:00:00+00:00,4,0.951435,0.619585,0.0,38.5527
2026-04-29 15:00:00+00:00,4,0.951435,0.619585,0.0,38.5527
2026-04-29 16:00:00+00:00,4,0.951435,0.619585,0.0,38.5527
2026-04-29 17:00:00+00:00,4,0.951435,0.619585,0.0,38.5527
2026-04-29 18:00:00+00:00,4,0.951435,0.619585,0.0,38.5527
2026-04-29 19:00:00+00:00,4,0.951435,0.619585,0.0,38.5527
2026-04-29 20:00:00+00:00,4,0.951435,0.619585,0.0,38.5527
2026-04-29 21:00:00+00:00,4,0.951435,0.619585,0.0,38.5527
2026-04-29 22:00:00+00:00,4,0.951435,0.619585,0.0,38.5527
2026-04-29 23:00:00+00:00,4,0.951435,0.619585,0.0,38.5527
2026-04-30 00:00:00+00:00,4,0.951435,0.619585,0.0,38.5527
2026-04-30 01:00:00+00:00,4,0.951435,0.619585,0.0,38.5527
2026-04-30 02:00:00+00:00,4,0.951435,0.619585,0.0,38.5527
2026-04-30 03:00:00+00:00,4,0.951435,0.619585,0.0,38.5527
2026-04-30 04:00:00+00:00,4,0.951435,0.619585,0.0,38.5527
2026-04-30 05:00:00+00:00,4,0.951435,0.619585,0.0,38.5527
2026-04-30 06:00:00+00:00,4,0.951435,0.619585,0.0,38.5527
2026-04-30 07:00:00+00:00,4,0.951435,0.619585,0.0,38.5527
2026-04-30 08:00:00+00:00,4,0.951435,0.619585,0.0,38.5527
2026-04-30 09:00:00+00:00,4,0.951435,0.619585,0.0,38.5527
2026-04-30 10:00:00+00:00,4,0.951435,0.619585,0.0,38.5527
2026-04-30 11:00:00+00:00,4,0.951435,0.619585,0.0,38.5527
2026-04-30 12:00:00+00:00,4,0.951435,0.619585,0.0,38.5527
2026-04-30 13:00:00+00:00,4,0.951435,0.619585,0.0,38.5527
2026-04-30 14:00:00+00:00,4,0.951435,0.619585,0.0,38.5527
2026-04-30 15:00:00+00:00,4,0.951435,0.619585,0.0,38.5527
2026-04-30 16:00:00+00:00,4,0.951435,0.619585,0.0,38.5527
2026-04-30 17:00:00+00:00,4,0.951435,0.619585,0.0,38.5527
2026-04-30 18:00:00+00:00,4,0.951435,0.619585,0.0,38.5527
2026-04-30 19:00:00+00:00,4,0.951435,0.619585,0.0,38.5527
2026-04-30 20:00:00+00:00,4,0.951435,0.619585,0.0,38.5527
2026-04-30 21:00:00+00:00,4,0.951435,0.619585,0.0,38.5527
2026-04-30 22:00:00+00:00,4,0.951435,0.619585,0.0,38.5527
2026-04-30 23:00:00+00:00,4,0.951435,0.619585,0.0,38.5527
2026-05-01 00:00:00+00:00,4,0.951435,0.619585,0.0,38.5527
2026-05-01 01:00:00+00:00,4,0.951435,0.619585,0.0,38.5527
2026-05-01 02:00:00+00:00,4,0.951435,0.619585,0.0,38.5527
2026-05-01 03:00:00+00:00,4,0.951435,0.619585,0.0,38.5527
2026-05-01 04:00:00+00:00,4,0.951435,0.619585,0.0,38.5527
2026-05-01 05:00:00+00:00,4,0.951435,0.619585,0.0,38.5527
2026-05-01 06:00:00+00:00,4,0.951435,0.619585,0.0,38.5527
2026-05-01 07:00:00+00:00,4,0.951435,0.619585,0.0,38.5527
2026-05-01 08:00:00+00:00,4,0.951435,0.619585,0.0,38.5527
2026-05-01 09:00:00+00:00,4,0.951435,0.619585,0.0,38.5527
2026-05-01 10:00:00+00:00,4,0.951435,0.619585,0.0,38.5527
2026-05-01 11:00:00+00:00,4,0.951435,0.619585,0.0,38.5527
2026-05-01 12:00:00+00:00,4,0.951435,0.619585,0.0,38.5527
2026-05-01 13:00:00+00:00,4,0.951435,0.619585,0.0,38.5527
2026-05-01 14:00:00+00:00,4,0.951435,0.619585,0.0,38.5527
2026-05-01 15:00:00+00:00,4,0.951435,0.619585,0.0,38.5527
2026-05-01 16:00:00+00:00,4,0.951435,0.619585,0.0,38.5527
2026-05-01 17:00:00+00:00,4,0.951435,0.619585,0.0,38.5527
2026-05-01 18:00:00+00:00,4,0.951435,0.619585,0.0,38.5527
2026-05-01 19:00:00+00:00,4,0.951435,0.619585,0.0,38.5527
2026-05-01 20:00:00+00:00,4,0.951435,0.619585,0.0,38.5527
2026-05-01 21:00:00+00:00,4,0.951435,0.619585,0.0,38.5527
2026-05-01 22:00:00+00:00,4,0.951435,0.619585,0.0,38.5527
2026-05-01 23:00:00+00:00,4,0.951435,0.619585,0.0,38.5527
2026-05-02 00:00:00+00:00,4,0.951435,0.619585,0.0,38.5527
2026-05-02 01:00:00+00:00,4,0.951435,0.619585,0.0,38.5527
2026-05-02 02:00:00+00:00,4,0.951435,0.619585,0.0,38.5527
2026-05-02 03:00:00+00:00,4,0.951435,0.619585,0.0,38.5527
2026-05-02 04:00:00+00:00,4,0.951435,0.619585,0.0,38.5527
2026-05-02 05:00:00+00:00,4,0.951435,0.619585,0.0,38.5527
2026-05-02 06:00:00+00:00,4,0.951435,0.619585,0.0,38.5527
2026-05-02 07:00:00+00:00,4,0.951435,0.619585,0.0,38.5527
2026-05-02 08:00:00+00:00,4,0.951435,0.619585,0.0,38.5527
2026-05-02 09:00:00+00:00,4,0.951435,0.619585,0.0,38.5527
2026-05-02 10:00:00+00:00,4,0.951435,0.619585,0.0,38.5527
2026-05-02 11:00:00+00:00,4,0.951435,0.619585,0.0,38.5527
2026-05-02 12:00:00+00:00,4,0.951435,0.619585,0.0,38.5527
2026-05-02 13:00:00+00:00,4,0.951435,0.619585,0.0,38.5527
2026-05-02 14:00:00+00:00,4,0.951435,0.619585,0.0,38.5527
2026-05-02 15:00:00+00:00,4,0.951435,0.619585,0.0,38.5527
2026-05-02 16:00:00+00:00,4,0.951435,0.619585,0.0,38.5527
2026-05-02 17:00:00+00:00,4,0.951435,0.619585,0.0,38.5527
2026-05-02 18:00:00+00:00,4,0.951435,0.619585,0.0,38.5527
2026-05-02 19:00:00+00:00,4,0.951435,0.619585,0.0,38.5527
2026-05-02 20:00:00+00:00,4,0.951435,0.619585,0.0,38.5527
2026-05-02 21:00:00+00:00,4,0.951435,0.619585,0.0,38.5527
2026-05-02 22:00:00+00:00,4,0.951435,0.619585,0.0,38.5527
2026-05-02 23:00:00+00:00,4,0.951435,0.619585,0.0,38.5527
2026-05-03 00:00:00+00:00,4,0.951435,0.619585,0.0,38.5527
2026-05-03 01:00:00+00:00,4,0.951435,0.619585,0.0,38.5527
2026-05-03 02:00:00+00:00,4,0.951435,0.619585,0.0,38.5527
2026-05-03 03:00:00+00:00,4,0.951435,0.619585,0.0,38.5527
2026-05-03 04:00:00+00:00,4,0.951435,0.619585,0.0,38.5527
2026-05-03 05:00:00+00:00,4,0.951435,0.619585,0.0,38.5527
2026-05-03 06:00:00+00:00,4,0.951435,0.619585,0.0,38.5527
2026-05-03 07:00:00+00:00,4,0.951435,0.619585,0.0,38.5527
2026-05-03 08:00:00+00:00,4,0.951435,0.619585,0.0,38.5527
2026-05-03 09:00:00+00:00,4,0.951435,0.619585,0.0,38.5527
2026-05-03 10:00:00+00:00,4,0.951435,0.619585,0.0,38.5527
2026-05-03 11:00:00+00:00,4,0.951435,0.619585,0.0,38.5527
2026-05-03 12:00:00+00:00,4,0.951435,0.619585,0.0,38.5527
2026-05-03 13:00:00+00:00,4,0.951435,0.619585,0.0,38.5527
2026-05-03 14:00:00+00:00,4,0.951435,0.619585,0.0,38.5527
2026-05-03 15:00:00+00:00,4,0.951435,0.619585,0.0,38.5527
2026-05-03 16:00:00+00:00,4,0.951435,0.619585,0.0,38.5527
2026-05-03 17:00:00+00:00,4,0.951435,0.619585,0.0,38.5527
2026-05-03 18:00:00+00:00,4,0.951435,0.619585,0.0,38.5527
2026-05-03 19:00:00+00:00,4,0.951435,0.619585,0.0,38.5527
2026-05-03 20:00:00+00:00,4,0.951435,0.619585,0.0,38.5527
2026-05-03 21:00:00+00:00,4,0.951435,0.619585,0.0,38.5527
2026-05-03 22:00:00+00:00,4,0.951435,0.619585,0.0,38.5527
2026-05-03 23:00:00+00:00,4,0.951435,0.619585,0.0,38.5527
2026-05-04 00:00:00+00:00,4,0.951435,0.619585,0.0,38.5527
2026-05-04 01:00:00+00:00,4,0.951435,0.619585,0.0,38.5527
2026-05-04 02:00:00+00:00,4,0.951435,0.619585,0.0,38.5527
2026-05-04 03:00:00+00:00,4,0.951435,0.619585,0.0,38.5527
2026-05-04 04:00:00+00:00,4,0.951435,0.619585,0.0,38.5527
2026-05-04 05:00:00+00:00,4,0.951435,0.619585,0.0,38.5527
2026-05-04 06:00:00+00:00,4,0.951435,0.619585,0.0,38.5527
2026-05-04 07:00:00+00:00,4,0.951435,0.619585,0.0,38.5527
2026-05-04 08:00:00+00:00,4,0.951435,0.619585,0.0,38.5527
2026-05-04 09:00:00+00:00,4,0.951435,0.619585,0.0,38.5527
2026-05-04 10:00:00+00:00,4,0.951435,0.619585,0.0,38.5527
2026-05-04 11:00:00+00:00,4,0.951435,0.619585,0.0,38.5527
2026-05-04 12:00:00+00:00,4,0.951435,0.619585,0.0,38.5527
2026-05-04 13:00:00+00:00,4,0.951435,0.619585,0.0,38.5527
2026-05-04 14:00:00+00:00,4,0.951435,0.619585,0.0,38.5527
2026-05-04 15:00:00+00:00,4,0.951435,0.619585,0.0,38.5527
2026-05-04 16:00:00+00:00,4,0.951435,0.619585,0.0,38.5527
2026-05-04 17:00:00+00:00,4,0.951435,0.619585,0.0,38.5527
2026-05-04 18:00:00+00:00,4,0.951435,0.619585,0.0,38.5527
2026-05-04 19:00:00+00:00,4,0.951435,0.619585,0.0,38.5527
2026-05-04 20:00:00+00:00,4,0.951435,0.619585,0.0,38.5527
2026-05-04 21:00:00+00:00,4,0.951435,0.619585,0.0,38.5527
2026-05-04 22:00:00+00:00,4,0.951435,0.619585,0.0,38.5527
2026-05-04 23:00:00+00:00,4,0.951435,0.619585,0.0,38.5527
2026-05-05 00:00:00+00:00,4,0.951435,0.619585,0.0,38.5527
2026-05-05 01:00:00+00:00,4,0.951435,0.619585,0.0,38.5527
2026-05-05 02:00:00+00:00,4,0.951435,0.619585,0.0,38.5527
2026-05-05 03:00:00+00:00,4,0.951435,0.619585,0.0,38.5527
2026-05-05 04:00:00+00:00,4,0.951435,0.619585,0.0,38.5527
2026-05-05 05:00:00+00:00,4,0.951435,0.619585,0.0,38.5527
2026-05-05 06:00:00+00:00,4,0.951435,0.619585,0.0,38.5527
2026-05-05 07:00:00+00:00,4,0.951435,0.619585,0.0,38.5527
2026-05-05 08:00:00+00:00,4,0.951435,0.619585,0.0,38.5527
2026-05-05 09:00:00+00:00,4,0.951435,0.619585,0.0,38.5527
2026-05-05 10:00:00+00:00,4,0.951435,0.619585,0.0,38.5527
2026-05-05 11:00:00+00:00,4,0.951435,0.619585,0.0,38.5527
2026-05-05 12:00:00+00:00,4,0.951435,0.619585,0.0,38.5527
2026-05-05 13:00:00+00:00,4,0.951435,0.619585,0.0,38.5527
2026-05-05 14:00:00+00:00,4,0.951435,0.619585,0.0,38.5527
2026-05-05 15:00:00+00:00,4,0.951435,0.619585,0.0,38.5527
2026-05-05 16:00:00+00:00,4,0.951435,0.619585,0.0,38.5527
2026-05-05 17:00:00+00:00,4,0.951435,0.619585,0.0,38.5527
2026-05-05 18:00:00+00:00,4,0.951435,0.619585,0.0,38.5527
2026-05-05 19:00:00+00:00,4,0.951435,0.619585,0.0,38.5527
2026-05-05 20:00:00+00:00,4,0.951435,0.619585,0.0,38.5527
2026-05-05 21:00:00+00:00,4,0.951435,0.619585,0.0,38.5527
2026-05-05 22:00:00+00:00,4,0.951435,0.619585,0.0,38.5527
2026-05-05 23:00:00+00:00,4,0.951435,0.619585,0.0,38.5527
2026-05-06 00:00:00+00:00,4,0.951435,0.619585,0.0,38.5527
2026-05-06 01:00:00+00:00,4,0.951435,0.619585,0.0,38.5527
2026-05-06 02:00:00+00:00,4,0.951435,0.619585,0.0,38.5527
2026-05-06 03:00:00+00:00,4,0.951435,0.619585,0.0,38.5527
2026-05-06 04:00:00+00:00,4,0.951435,0.619585,0.0,38.5527
2026-05-06 05:00:00+00:00,4,0.951435,0.619585,0.0,38.5527
2026-05-06 06:00:00+00:00,4,0.951435,0.619585,0.0,38.5527
2026-05-06 07:00:00+00:00,4,0.951435,0.619585,0.0,38.5527
2026-05-06 08:00:00+00:00,4,0.951435,0.619585,0.0,38.5527
2026-05-06 09:00:00+00:00,4,0.951435,0.619585,0.0,38.5527
2026-05-06 10:00:00+00:00,4,0.951435,0.619585,0.0,38.5527
2026-05-06 11:00:00+00:00,4,0.951435,0.619585,0.0,38.5527
2026-05-06 12:00:00+00:00,4,0.951435,0.619585,0.0,38.5527
2026-05-06 13:00:00+00:00,4,0.951435,0.619585,0.0,38.5527
2026-05-06 14:00:00+00:00,4,0.951435,0.619585,0.0,38.5527
2026-05-06 15:00:00+00:00,4,0.951435,0.619585,0.0,38.5527
2026-05-06 16:00:00+00:00,4,0.951435,0.619585,0.0,38.5527
2026-05-06 17:00:00+00:00,4,0.951435,0.619585,0.0,38.5527
2026-05-06 18:00:00+00:00,4,0.951435,0.619585,0.0,38.5527
2026-05-06 19:00:00+00:00,4,0.951435,0.619585,0.0,38.5527
2026-05-06 20:00:00+00:00,4,0.951435,0.619585,0.0,38.5527
2026-05-06 21:00:00+00:00,4,0.951435,0.619585,0.0,38.5527
2026-05-06 22:00:00+00:00,4,0.951435,0.619585,0.0,38.5527
2026-05-06 23:00:00+00:00,4,0.951435,0.619585,0.0,38.5527
2026-05-07 00:00:00+00:00,4,0.951435,0.619585,0.0,38.5527
2026-05-07 01:00:00+00:00,4,0.951435,0.619585,0.0,38.5527
2026-05-07 02:00:00+00:00,4,0.951435,0.619585,0.0,38.5527
2026-05-07 03:00:00+00:00,4,0.951435,0.619585,0.0,38.5527
2026-05-07 04:00:00+00:00,4,0.951435,0.619585,0.0,38.5527
2026-05-07 05:00:00+00:00,4,0.951435,0.619585,0.0,38.5527
2026-05-07 06:00:00+00:00,4,0.951435,0.619585,0.0,38.5527
2026-05-07 07:00:00+00:00,4,0.951435,0.619585,0.0,38.5527
2026-05-07 08:00:00+00:00,4,0.951435,0.619585,0.0,38.5527
2026-05-07 09:00:00+00:00,4,0.951435,0.619585,0.0,38.5527
2026-05-07 10:00:00+00:00,4,0.951435,0.619585,0.0,38.5527
2026-05-07 11:00:00+00:00,4,0.951435,0.619585,0.0,38.5527
2026-05-07 12:00:00+00:00,4,0.951435,0.619585,0.0,38.5527
2026-05-07 13:00:00+00:00,4,0.951435,0.619585,0.0,38.5527
2026-05-07 14:00:00+00:00,4,0.951435,0.619585,0.0,38.5527
2026-05-07 15:00:00+00:00,4,0.951435,0.619585,0.0,38.5527
2026-05-07 16:00:00+00:00,4,0.951435,0.619585,0.0,38.5527
2026-05-07 17:00:00+00:00,4,0.951435,0.619585,0.0,38.5527
2026-05-07 18:00:00+00:00,4,0.951435,0.619585,0.0,38.5527
2026-05-07 19:00:00+00:00,4,0.951435,0.619585,0.0,38.5527
2026-05-07 20:00:00+00:00,4,0.951435,0.619585,0.0,38.5527
2026-05-07 21:00:00+00:00,4,0.951435,0.619585,0.0,38.5527
2026-05-07 22:00:00+00:00,4,0.951435,0.619585,0.0,38.5527
2026-05-07 23:00:00+00:00,4,0.951435,0.619585,0.0,38.5527
2026-05-08 00:00:00+00:00,4,0.951435,0.619585,0.0,38.5527
2026-05-08 01:00:00+00:00,4,0.951435,0.619585,0.0,38.5527
2026-05-08 02:00:00+00:00,4,0.951435,0.619585,0.0,38.5527
2026-05-08 03:00:00+00:00,4,0.951435,0.619585,0.0,38.5527
2026-05-08 04:00:00+00:00,4,0.951435,0.619585,0.0,38.5527
2026-05-08 05:00:00+00:00,4,0.951435,0.619585,0.0,38.5527
2026-05-08 06:00:00+00:00,4,0.951435,0.619585,0.0,38.5527
2026-05-08 07:00:00+00:00,4,0.951435,0.619585,0.0,38.5527
2026-05-08 08:00:00+00:00,4,0.951435,0.619585,0.0,38.5527
2026-05-08 09:00:00+00:00,4,0.951435,0.619585,0.0,38.5527
2026-05-08 10:00:00+00:00,4,0.951435,0.619585,0.0,38.5527
2026-05-08 11:00:00+00:00,4,0.951435,0.619585,0.0,38.5527
2026-05-08 12:00:00+00:00,4,0.951435,0.619585,0.0,38.5527
2026-05-08 13:00:00+00:00,4,0.951435,0.619585,0.0,38.5527
2026-05-08 14:00:00+00:00,4,0.951435,0.619585,0.0,38.5527
2026-05-08 15:00:00+00:00,4,0.951435,0.619585,0.0,38.5527
2026-05-08 16:00:00+00:00,4,0.951435,0.619585,0.0,38.5527
2026-05-08 17:00:00+00:00,4,0.951435,0.619585,0.0,38.5527
2026-05-08 18:00:00+00:00,4,0.951435,0.619585,0.0,38.5527
2026-05-08 19:00:00+00:00,4,0.951435,0.619585,0.0,38.5527
2026-05-08 20:00:00+00:00,4,0.951435,0.619585,0.0,38.5527
2026-05-08 21:00:00+00:00,4,0.951435,0.619585,0.0,38.5527
2026-05-08 22:00:00+00:00,4,0.951435,0.619585,0.0,38.5527
2026-05-08 23:00:00+00:00,4,0.951435,0.619585,0.0,38.5527
2026-05-09 00:00:00+00:00,4,0.951435,0.619585,0.0,38.5527
2026-05-09 01:00:00+00:00,4,0.951435,0.619585,0.0,38.5527
2026-05-09 02:00:00+00:00,4,0.951435,0.619585,0.0,38.5527
2026-05-09 03:00:00+00:00,4,0.951435,0.619585,0.0,38.5527
2026-05-09 04:00:00+00:00,4,0.951435,0.619585,0.0,38.5527
2026-05-09 05:00:00+00:00,4,0.951435,0.619585,0.0,38.5527
2026-05-09 06:00:00+00:00,4,0.951435,0.619585,0.0,38.5527
2026-05-09 07:00:00+00:00,4,0.951435,0.619585,0.0,38.5527
2026-05-09 08:00:00+00:00,4,0.951435,0.619585,0.0,38.5527
2026-05-09 09:00:00+00:00,4,0.951435,0.619585,0.0,38.5527
2026-05-09 10:00:00+00:00,4,0.951435,0.619585,0.0,38.5527
2026-05-09 11:00:00+00:00,4,0.951435,0.619585,0.0,38.5527
2026-05-09 12:00:00+00:00,4,0.951435,0.619585,0.0,38.5527
2026-05-09 13:00:00+00:00,4,0.951435,0.619585,0.0,38.5527
2026-05-09 14:00:00+00:00,4,0.951435,0.619585,0.0,38.5527
2026-05-09 15:00:00+00:00,4,0.951435,0.619585,0.0,38.5527
2026-05-09 16:00:00+00:00,4,0.951435,0.619585,0.0,38.5527
2026-05-09 17:00:00+00:00,4,0.951435,0.619585,0.0,38.5527
2026-05-09 18:00:00+00:00,4,0.951435,0.619585,0.0,38.5527
2026-05-09 19:00:00+00:00,4,0.951435,0.619585,0.0,38.5527
2026-05-09 20:00:00+00:00,4,0.951435,0.619585,0.0,38.5527
2026-05-09 21:00:00+00:00,4,0.951435,0.619585,0.0,38.5527
2026-05-09 22:00:00+00:00,4,0.951435,0.619585,0.0,38.5527
2026-05-09 23:00:00+00:00,4,0.951435,0.619585,0.0,38.5527
2026-05-10 00:00:00+00:00,4,0.951435,0.619585,0.0,38.5527
2026-05-10 01:00:00+00:00,4,0.951435,0.619585,0.0,38.5527
2026-05-10 02:00:00+00:00,4,0.951435,0.619585,0.0,38.5527
2026-05-10 03:00:00+00:00,4,0.951435,0.619585,0.0,38.5527
2026-05-10 04:00:00+00:00,4,0.951435,0.619585,0.0,38.5527
2026-05-10 05:00:00+00:00,4,0.951435,0.619585,0.0,38.5527
2026-05-10 06:00:00+00:00,4,0.951435,0.619585,0.0,38.5527
2026-05-10 07:00:00+00:00,4,0.951435,0.619585,0.0,38.5527
2026-05-10 08:00:00+00:00,4,0.951435,0.619585,0.0,38.5527
2026-05-10 09:00:00+00:00,4,0.951435,0.619585,0.0,38.5527
2026-05-10 10:00:00+00:00,4,0.951435,0.619585,0.0,38.5527
2026-05-10 11:00:00+00:00,4,0.951435,0.619585,0.0,38.5527
2026-05-10 12:00:00+00:00,4,0.951435,0.619585,0.0,38.5527
2026-05-10 13:00:00+00:00,4,0.951435,0.619585,0.0,38.5527
2026-05-10 14:00:00+00:00,4,0.951435,0.619585,0.0,38.5527
2026-05-10 15:00:00+00:00,4,0.951435,0.619585,0.0,38.5527
2026-05-10 16:00:00+00:00,4,0.951435,0.619585,0.0,38.5527
2026-05-10 17:00:00+00:00,4,0.951435,0.619585,0.0,38.5527
2026-05-10 18:00:00+00:00,4,0.951435,0.619585,0.0,38.5527
2026-05-10 19:00:00+00:00,4,0.951435,0.619585,0.0,38.5527
2026-05-10 20:00:00+00:00,4,0.951435,0.619585,0.0,38.5527
2026-05-10 21:00:00+00:00,4,0.951435,0.619585,0.0,38.5527
2026-05-10 22:00:00+00:00,4,0.951435,0.619585,0.0,38.5527
2026-05-10 23:00:00+00:00,4,0.951435,0.619585,0.0,38.5527
2026-05-11 00:00:00+00:00,4,0.951435,0.619585,0.0,38.5527
2026-05-11 01:00:00+00:00,4,0.951435,0.619585,0.0,38.5527
2026-05-11 02:00:00+00:00,4,0.951435,0.619585,0.0,38.5527
2026-05-11 03:00:00+00:00,4,0.951435,0.619585,0.0,38.5527
2026-05-11 04:00:00+00:00,4,0.951435,0.619585,0.0,38.5527
2026-05-11 05:00:00+00:00,4,0.951435,0.619585,0.0,38.5527
2026-05-11 06:00:00+00:00,4,0.951435,0.619585,0.0,38.5527
2026-05-11 07:00:00+00:00,4,0.951435,0.619585,0.0,38.5527
2026-05-11 08:00:00+00:00,4,0.951435,0.619585,0.0,38.5527
2026-05-11 09:00:00+00:00,4,0.951435,0.619585,0.0,38.5527
2026-05-11 10:00:00+00:00,4,0.951435,0.619585,0.0,38.5527
2026-05-11 11:00:00+00:00,4,0.951435,0.619585,0.0,38.5527
2026-05-11 12:00:00+00:00,4,0.951435,0.619585,0.0,38.5527
2026-05-11 13:00:00+00:00,4,0.951435,0.619585,0.0,38.5527
2026-05-11 14:00:00+00:00,4,0.951435,0.619585,0.0,38.5527
2026-05-11 15:00:00+00:00,4,0.951435,0.619585,0.0,38.5527
2026-05-11 16:00:00+00:00,4,0.951435,0.619585,0.0,38.5527
2026-05-11 17:00:00+00:00,4,0.951435,0.619585,0.0,38.5527
2026-05-11 18:00:00+00:00,4,0.951435,0.619585,0.0,38.5527
2026-05-11 19:00:00+00:00,4,0.951435,0.619585,0.0,38.5527
2026-05-11 20:00:00+00:00,4,0.951435,0.619585,0.0,38.5527
2026-05-11 21:00:00+00:00,4,0.951435,0.619585,0.0,38.5527
2026-05-11 22:00:00+00:00,4,0.951435,0.619585,0.0,38.5527
2026-05-11 23:00:00+00:00,4,0.951435,0.619585,0.0,38.5527
2026-05-12 00:00:00+00:00,4,0.951435,0.619585,0.0,38.5527
2026-05-12 01:00:00+00:00,4,0.951435,0.619585,0.0,38.5527
2026-05-12 02:00:00+00:00,4,0.951435,0.619585,0.0,38.5527
2026-05-12 03:00:00+00:00,4,0.951435,0.619585,0.0,38.5527
2026-05-12 04:00:00+00:00,4,0.951435,0.619585,0.0,38.5527
2026-05-12 05:00:00+00:00,4,0.951435,0.619585,0.0,38.5527
2026-05-12 06:00:00+00:00,4,0.951435,0.619585,0.0,38.5527
2026-05-12 07:00:00+00:00,4,0.951435,0.619585,0.0,38.5527
2026-05-12 08:00:00+00:00,4,0.951435,0.619585,0.0,38.5527
2026-05-12 09:00:00+00:00,4,0.951435,0.619585,0.0,38.5527
2026-05-12 10:00:00+00:00,4,0.951435,0.619585,0.0,38.5527
2026-05-12 11:00:00+00:00,4,0.951435,0.619585,0.0,38.5527
2026-05-12 12:00:00+00:00,4,0.951435,0.619585,0.0,38.5527
2026-05-12 13:00:00+00:00,4,0.951435,0.619585,0.0,38.5527
2026-05-12 14:00:00+00:00,4,0.951435,0.619585,0.0,38.5527
2026-05-12 15:00:00+00:00,4,0.951435,0.619585,0.0,38.5527
2026-05-12 16:00:00+00:00,4,0.951435,0.619585,0.0,38.5527
2026-05-12 17:00:00+00:00,4,0.951435,0.619585,0.0,38.5527
2026-05-12 18:00:00+00:00,4,0.951435,0.619585,0.0,38.5527
2026-05-12 19:00:00+00:00,4,0.951435,0.619585,0.0,38.5527
2026-05-12 20:00:00+00:00,4,0.951435,0.619585,0.0,38.5527
2026-05-12 21:00:00+00:00,4,0.951435,0.619585,0.0,38.5527
2026-05-12 22:00:00+00:00,4,0.951435,0.619585,0.0,38.5527
2026-05-12 23:00:00+00:00,4,0.951435,0.619585,0.0,38.5527
2026-05-13 00:00:00+00:00,4,0.951435,0.619585,0.0,38.5527
2026-05-13 01:00:00+00:00,4,0.951435,0.619585,0.0,38.5527
2026-05-13 02:00:00+00:00,4,0.951435,0.619585,0.0,38.5527
2026-05-13 03:00:00+00:00,4,0.951435,0.619585,0.0,38.5527
2026-05-13 04:00:00+00:00,4,0.951435,0.619585,0.0,38.5527
2026-05-13 05:00:00+00:00,4,0.951435,0.619585,0.0,38.5527
2026-05-13 06:00:00+00:00,4,0.951435,0.619585,0.0,38.5527
2026-05-13 07:00:00+00:00,4,0.951435,0.619585,0.0,38.5527
2026-05-13 08:00:00+00:00,4,0.951435,0.619585,0.0,38.5527
2026-05-13 09:00:00+00:00,4,0.951435,0.619585,0.0,38.5527
2026-05-13 10:00:00+00:00,4,0.951435,0.619585,0.0,38.5527
2026-05-13 11:00:00+00:00,4,0.951435,0.619585,0.0,38.5527
2026-05-13 12:00:00+00:00,4,0.951435,0.619585,0.0,38.5527
2026-05-13 13:00:00+00:00,4,0.951435,0.619585,0.0,38.5527
2026-05-13 14:00:00+00:00,4,0.951435,0.619585,0.0,38.5527
2026-05-13 15:00:00+00:00,4,0.951435,0.619585,0.0,38.5527
2026-05-13 16:00:00+00:00,4,0.951435,0.619585,0.0,38.5527
2026-05-13 17:00:00+00:00,4,0.951435,0.619585,0.0,38.5527
2026-05-13 18:00:00+00:00,4,0.951435,0.619585,0.0,38.5527
2026-05-13 19:00:00+00:00,4,0.951435,0.619585,0.0,38.5527
2026-05-13 20:00:00+00:00,4,0.951435,0.619585,0.0,38.5527
2026-05-13 21:00:00+00:00,4,0.951435,0.619585,0.0,38.5527
2026-05-13 22:00:00+00:00,4,0.951435,0.619585,0.0,38.5527
2026-05-13 23:00:00+00:00,4,0.951435,0.619585,0.0,38.5527
2026-05-14 00:00:00+00:00,4,0.951435,0.619585,0.0,38.5527
2026-05-14 01:00:00+00:00,4,0.951435,0.619585,0.0,38.5527
2026-05-14 02:00:00+00:00,4,0.951435,0.619585,0.0,38.5527
2026-05-14 03:00:00+00:00,4,0.952447,0.620244,0.001064,38.4873
2026-05-14 04:00:00+00:00,4,0.951847,0.619854,-0.00063,38.526
2026-05-14 05:00:00+00:00,4,0.951847,0.619854,0.0,38.526
2026-05-14 06:00:00+00:00,4,0.951847,0.619854,0.0,38.526
2026-05-14 07:00:00+00:00,4,0.951847,0.619854,0.0,38.526
2026-05-14 08:00:00+00:00,4,0.951847,0.619854,0.0,38.526
2026-05-14 09:00:00+00:00,4,0.951847,0.619854,0.0,38.526
2026-05-14 10:00:00+00:00,4,0.951847,0.619854,0.0,38.526
2026-05-14 11:00:00+00:00,4,0.951847,0.619854,0.0,38.526
2026-05-14 12:00:00+00:00,4,0.951847,0.619854,0.0,38.526
2026-05-14 13:00:00+00:00,4,0.951847,0.619854,0.0,38.526
2026-05-14 14:00:00+00:00,4,0.951847,0.619854,0.0,38.526
2026-05-14 15:00:00+00:00,4,0.951847,0.619854,0.0,38.526
2026-05-14 16:00:00+00:00,4,0.951847,0.619854,0.0,38.526
2026-05-14 17:00:00+00:00,4,0.951847,0.619854,0.0,38.526
2026-05-14 18:00:00+00:00,4,0.951847,0.619854,0.0,38.526
2026-05-14 19:00:00+00:00,4,0.951847,0.619854,0.0,38.526
2026-05-14 20:00:00+00:00,4,0.951847,0.619854,0.0,38.526
2026-05-14 21:00:00+00:00,4,0.951847,0.619854,0.0,38.526
2026-05-14 22:00:00+00:00,4,0.951847,0.619854,0.0,38.526
2026-05-14 23:00:00+00:00,4,0.951847,0.619854,0.0,38.526
2026-05-15 00:00:00+00:00,4,0.951847,0.619854,0.0,38.526
2026-05-15 01:00:00+00:00,4,0.951847,0.619854,0.0,38.526
2026-05-15 02:00:00+00:00,4,0.951847,0.619854,0.0,38.526
2026-05-15 03:00:00+00:00,4,0.951847,0.619854,0.0,38.526
2026-05-15 04:00:00+00:00,4,0.951847,0.619854,0.0,38.526
2026-05-15 05:00:00+00:00,4,0.951847,0.619854,0.0,38.526
2026-05-15 06:00:00+00:00,4,0.951847,0.619854,0.0,38.526
2026-05-15 07:00:00+00:00,4,0.951847,0.619854,0.0,38.526
2026-05-15 08:00:00+00:00,4,0.951847,0.619854,0.0,38.526
2026-05-20 08:00:00+00:00,5,1.0,0.619854,0.0,38.526
2026-05-20 09:00:00+00:00,5,1.0,0.619854,0.0,38.526
2026-05-20 10:00:00+00:00,5,1.0,0.619854,0.0,38.526
2026-05-20 11:00:00+00:00,5,1.0,0.619854,0.0,38.526
2026-05-20 12:00:00+00:00,5,1.0,0.619854,0.0,38.526
2026-05-20 13:00:00+00:00,5,1.0,0.619854,0.0,38.526
2026-05-20 14:00:00+00:00,5,1.0,0.619854,0.0,38.526
2026-05-20 15:00:00+00:00,5,1.0,0.619854,0.0,38.526
2026-05-20 16:00:00+00:00,5,1.0,0.619854,0.0,38.526
2026-05-20 17:00:00+00:00,5,1.0,0.619854,0.0,38.526
2026-05-20 18:00:00+00:00,5,1.0,0.619854,0.0,38.526
2026-05-20 19:00:00+00:00,5,1.0,0.619854,0.0,38.526
2026-05-20 20:00:00+00:00,5,1.0,0.619854,0.0,38.526
2026-05-20 21:00:00+00:00,5,1.0,0.619854,0.0,38.526
2026-05-20 22:00:00+00:00,5,1.0,0.619854,0.0,38.526
2026-05-20 23:00:00+00:00,5,1.0,0.619854,0.0,38.526
2026-05-21 00:00:00+00:00,5,1.0,0.619854,0.0,38.526
2026-05-21 01:00:00+00:00,5,1.0,0.619854,0.0,38.526
2026-05-21 02:00:00+00:00,5,1.0,0.619854,0.0,38.526
2026-05-21 03:00:00+00:00,5,1.0,0.619854,0.0,38.526
2026-05-21 04:00:00+00:00,5,1.0,0.619854,0.0,38.526
2026-05-21 05:00:00+00:00,5,1.0,0.619854,0.0,38.526
2026-05-21 06:00:00+00:00,5,1.0,0.619854,0.0,38.526
2026-05-21 07:00:00+00:00,5,1.0,0.619854,0.0,38.526
2026-05-21 08:00:00+00:00,5,1.0,0.619854,0.0,38.526
2026-05-21 09:00:00+00:00,5,1.0,0.619854,0.0,38.526
2026-05-21 10:00:00+00:00,5,1.0,0.619854,0.0,38.526
2026-05-21 11:00:00+00:00,5,1.0,0.619854,0.0,38.526
2026-05-21 12:00:00+00:00,5,1.0,0.619854,0.0,38.526
2026-05-21 13:00:00+00:00,5,1.0,0.619854,0.0,38.526
2026-05-21 14:00:00+00:00,5,1.0,0.619854,0.0,38.526
2026-05-21 15:00:00+00:00,5,1.0,0.619854,0.0,38.526
2026-05-21 16:00:00+00:00,5,1.0,0.619854,0.0,38.526
2026-05-21 17:00:00+00:00,5,1.0,0.619854,0.0,38.526
2026-05-21 18:00:00+00:00,5,1.0,0.619854,0.0,38.526
2026-05-21 19:00:00+00:00,5,1.0,0.619854,0.0,38.526
2026-05-21 20:00:00+00:00,5,1.0,0.619854,0.0,38.526
2026-05-21 21:00:00+00:00,5,1.0,0.619854,0.0,38.526
2026-05-21 22:00:00+00:00,5,1.0,0.619854,0.0,38.526
2026-05-21 23:00:00+00:00,5,1.0,0.619854,0.0,38.526
2026-05-22 00:00:00+00:00,5,1.0,0.619854,0.0,38.526
2026-05-22 01:00:00+00:00,5,1.0,0.619854,0.0,38.526
2026-05-22 02:00:00+00:00,5,1.0,0.619854,0.0,38.526
2026-05-22 03:00:00+00:00,5,1.0,0.619854,0.0,38.526
2026-05-22 04:00:00+00:00,5,1.0,0.619854,0.0,38.526
2026-05-22 05:00:00+00:00,5,1.0,0.619854,0.0,38.526
2026-05-22 06:00:00+00:00,5,1.0,0.619854,0.0,38.526
2026-05-22 07:00:00+00:00,5,1.0,0.619854,0.0,38.526
2026-05-22 08:00:00+00:00,5,1.0,0.619854,0.0,38.526
2026-05-22 09:00:00+00:00,5,1.0,0.619854,0.0,38.526
2026-05-22 10:00:00+00:00,5,1.0,0.619854,0.0,38.526
2026-05-22 11:00:00+00:00,5,1.0,0.619854,0.0,38.526
2026-05-22 12:00:00+00:00,5,1.0,0.619854,0.0,38.526
2026-05-22 13:00:00+00:00,5,1.0,0.619854,0.0,38.526
2026-05-22 14:00:00+00:00,5,1.0,0.619854,0.0,38.526
2026-05-22 15:00:00+00:00,5,1.0,0.619854,0.0,38.526
2026-05-22 16:00:00+00:00,5,1.0,0.619854,0.0,38.526
2026-05-22 17:00:00+00:00,5,1.0,0.619854,0.0,38.526
2026-05-22 18:00:00+00:00,5,1.0,0.619854,0.0,38.526
2026-05-22 19:00:00+00:00,5,1.0,0.619854,0.0,38.526
2026-05-22 20:00:00+00:00,5,1.0,0.619854,0.0,38.526
2026-05-22 21:00:00+00:00,5,1.0,0.619854,0.0,38.526
2026-05-22 22:00:00+00:00,5,1.0,0.619854,0.0,38.526
2026-05-22 23:00:00+00:00,5,1.0,0.619854,0.0,38.526
2026-05-23 00:00:00+00:00,5,1.0,0.619854,0.0,38.526
2026-05-23 01:00:00+00:00,5,1.0,0.619854,0.0,38.526
2026-05-23 02:00:00+00:00,5,1.0,0.619854,0.0,38.526
2026-05-23 03:00:00+00:00,5,1.0,0.619854,0.0,38.526
2026-05-23 04:00:00+00:00,5,1.0,0.619854,0.0,38.526
2026-05-23 05:00:00+00:00,5,1.0,0.619854,0.0,38.526
2026-05-23 06:00:00+00:00,5,1.0,0.619854,0.0,38.526
2026-05-23 07:00:00+00:00,5,1.0,0.619854,0.0,38.526
2026-05-23 08:00:00+00:00,5,1.0,0.619854,0.0,38.526
2026-05-23 09:00:00+00:00,5,1.0,0.619854,0.0,38.526
2026-05-23 10:00:00+00:00,5,1.0,0.619854,0.0,38.526
2026-05-23 11:00:00+00:00,5,1.0,0.619854,0.0,38.526
2026-05-23 12:00:00+00:00,5,1.0,0.619854,0.0,38.526
2026-05-23 13:00:00+00:00,5,1.0,0.619854,0.0,38.526
2026-05-23 14:00:00+00:00,5,1.0,0.619854,0.0,38.526
2026-05-23 15:00:00+00:00,5,1.0,0.619854,0.0,38.526
2026-05-23 16:00:00+00:00,5,1.0,0.619854,0.0,38.526
2026-05-23 17:00:00+00:00,5,1.0,0.619854,0.0,38.526
2026-05-23 18:00:00+00:00,5,1.0,0.619854,0.0,38.526
2026-05-23 19:00:00+00:00,5,1.0,0.619854,0.0,38.526
2026-05-23 20:00:00+00:00,5,1.0,0.619854,0.0,38.526
2026-05-23 21:00:00+00:00,5,1.0,0.619854,0.0,38.526
2026-05-23 22:00:00+00:00,5,1.0,0.619854,0.0,38.526
2026-05-23 23:00:00+00:00,5,1.0,0.619854,0.0,38.526
2026-05-24 00:00:00+00:00,5,1.0,0.619854,0.0,38.526
2026-05-24 01:00:00+00:00,5,1.0,0.619854,0.0,38.526
2026-05-24 02:00:00+00:00,5,1.0,0.619854,0.0,38.526
2026-05-24 03:00:00+00:00,5,1.0,0.619854,0.0,38.526
2026-05-24 04:00:00+00:00,5,1.0,0.619854,0.0,38.526
2026-05-24 05:00:00+00:00,5,1.0,0.619854,0.0,38.526
2026-05-24 06:00:00+00:00,5,1.0,0.619854,0.0,38.526
2026-05-24 07:00:00+00:00,5,1.0,0.619854,0.0,38.526
2026-05-24 08:00:00+00:00,5,1.0,0.619854,0.0,38.526
2026-05-24 09:00:00+00:00,5,1.0,0.619854,0.0,38.526
2026-05-24 10:00:00+00:00,5,1.0,0.619854,0.0,38.526
2026-05-24 11:00:00+00:00,5,1.0,0.619854,0.0,38.526
2026-05-24 12:00:00+00:00,5,1.0,0.619854,0.0,38.526
2026-05-24 13:00:00+00:00,5,1.0,0.619854,0.0,38.526
2026-05-24 14:00:00+00:00,5,1.0,0.619854,0.0,38.526
2026-05-24 15:00:00+00:00,5,1.0,0.619854,0.0,38.526
2026-05-24 16:00:00+00:00,5,1.0,0.619854,0.0,38.526
2026-05-24 17:00:00+00:00,5,1.0,0.619854,0.0,38.526
2026-05-24 18:00:00+00:00,5,1.0,0.619854,0.0,38.526
2026-05-24 19:00:00+00:00,5,1.0,0.619854,0.0,38.526
2026-05-24 20:00:00+00:00,5,1.0,0.619854,0.0,38.526
2026-05-24 21:00:00+00:00,5,1.0,0.619854,0.0,38.526
2026-05-24 22:00:00+00:00,5,1.0,0.619854,0.0,38.526
2026-05-24 23:00:00+00:00,5,1.0,0.619854,0.0,38.526
2026-05-25 00:00:00+00:00,5,1.0,0.619854,0.0,38.526
2026-05-25 01:00:00+00:00,5,1.0,0.619854,0.0,38.526
2026-05-25 02:00:00+00:00,5,1.0,0.619854,0.0,38.526
2026-05-25 03:00:00+00:00,5,1.0,0.619854,0.0,38.526
2026-05-25 04:00:00+00:00,5,1.0,0.619854,0.0,38.526
2026-05-25 05:00:00+00:00,5,1.0,0.619854,0.0,38.526
2026-05-25 06:00:00+00:00,5,1.0,0.619854,0.0,38.526
2026-05-25 07:00:00+00:00,5,1.0,0.619854,0.0,38.526
2026-05-25 08:00:00+00:00,5,1.0,0.619854,0.0,38.526
2026-05-25 09:00:00+00:00,5,1.0,0.619854,0.0,38.526
2026-05-25 10:00:00+00:00,5,1.0,0.619854,0.0,38.526
2026-05-25 11:00:00+00:00,5,1.0,0.619854,0.0,38.526
2026-05-25 12:00:00+00:00,5,1.0,0.619854,0.0,38.526
2026-05-25 13:00:00+00:00,5,1.0,0.619854,0.0,38.526
2026-05-25 14:00:00+00:00,5,1.0,0.619854,0.0,38.526
2026-05-25 15:00:00+00:00,5,1.0,0.619854,0.0,38.526
2026-05-25 16:00:00+00:00,5,1.0,0.619854,0.0,38.526
2026-05-25 17:00:00+00:00,5,1.0,0.619854,0.0,38.526
2026-05-25 18:00:00+00:00,5,1.0,0.619854,0.0,38.526
2026-05-25 19:00:00+00:00,5,1.0,0.619854,0.0,38.526
2026-05-25 20:00:00+00:00,5,1.0,0.619854,0.0,38.526
2026-05-25 21:00:00+00:00,5,1.0,0.619854,0.0,38.526
2026-05-25 22:00:00+00:00,5,1.0,0.619854,0.0,38.526
2026-05-25 23:00:00+00:00,5,1.0,0.619854,0.0,38.526
2026-05-26 00:00:00+00:00,5,1.0,0.619854,0.0,38.526
2026-05-26 01:00:00+00:00,5,1.0,0.619854,0.0,38.526
2026-05-26 02:00:00+00:00,5,1.0,0.619854,0.0,38.526
2026-05-26 03:00:00+00:00,5,1.0,0.619854,0.0,38.526
2026-05-26 04:00:00+00:00,5,1.0,0.619854,0.0,38.526
2026-05-26 05:00:00+00:00,5,1.0,0.619854,0.0,38.526
2026-05-26 06:00:00+00:00,5,1.0,0.619854,0.0,38.526
2026-05-26 07:00:00+00:00,5,1.0,0.619854,0.0,38.526
2026-05-26 08:00:00+00:00,5,1.0,0.619854,0.0,38.526
2026-05-26 09:00:00+00:00,5,1.0,0.619854,0.0,38.526
2026-05-26 10:00:00+00:00,5,1.0,0.619854,0.0,38.526
2026-05-26 11:00:00+00:00,5,1.0,0.619854,0.0,38.526
2026-05-26 12:00:00+00:00,5,1.0,0.619854,0.0,38.526
2026-05-26 13:00:00+00:00,5,1.0,0.619854,0.0,38.526
2026-05-26 14:00:00+00:00,5,1.0,0.619854,0.0,38.526
2026-05-26 15:00:00+00:00,5,1.0,0.619854,0.0,38.526
2026-05-26 16:00:00+00:00,5,1.0,0.619854,0.0,38.526
2026-05-26 17:00:00+00:00,5,1.0,0.619854,0.0,38.526
2026-05-26 18:00:00+00:00,5,1.0,0.619854,0.0,38.526
2026-05-26 19:00:00+00:00,5,1.0,0.619854,0.0,38.526
2026-05-26 20:00:00+00:00,5,0.997972,0.618596,-0.002028,38.6508
2026-05-26 21:00:00+00:00,5,0.997372,0.618225,-0.000601,38.6876
2026-05-26 22:00:00+00:00,5,0.997372,0.618225,0.0,38.6876
2026-05-26 23:00:00+00:00,5,0.997372,0.618225,0.0,38.6876
2026-05-27 00:00:00+00:00,5,0.997372,0.618225,0.0,38.6876
2026-05-27 01:00:00+00:00,5,0.997372,0.618225,0.0,38.6876
2026-05-27 02:00:00+00:00,5,0.997372,0.618225,0.0,38.6876
2026-05-27 03:00:00+00:00,5,0.997372,0.618225,0.0,38.6876
2026-05-27 04:00:00+00:00,5,0.997372,0.618225,0.0,38.6876
2026-05-27 05:00:00+00:00,5,0.997372,0.618225,0.0,38.6876
2026-05-27 06:00:00+00:00,5,0.997372,0.618225,0.0,38.6876
2026-05-27 07:00:00+00:00,5,0.997372,0.618225,0.0,38.6876
2026-05-27 08:00:00+00:00,5,0.997372,0.618225,0.0,38.6876
2026-05-27 09:00:00+00:00,5,0.997372,0.618225,0.0,38.6876
2026-05-27 10:00:00+00:00,5,0.997372,0.618225,0.0,38.6876
2026-05-27 11:00:00+00:00,5,0.997372,0.618225,0.0,38.6876
2026-05-27 12:00:00+00:00,5,0.997372,0.618225,0.0,38.6876
2026-05-27 13:00:00+00:00,5,0.997372,0.618225,0.0,38.6876
2026-05-27 14:00:00+00:00,5,0.997372,0.618225,0.0,38.6876
2026-05-27 15:00:00+00:00,5,0.997372,0.618225,0.0,38.6876
2026-05-27 16:00:00+00:00,5,0.997372,0.618225,0.0,38.6876
2026-05-27 17:00:00+00:00,5,0.997372,0.618225,0.0,38.6876
2026-05-27 18:00:00+00:00,5,0.997372,0.618225,0.0,38.6876
2026-05-27 19:00:00+00:00,5,0.997372,0.618225,0.0,38.6876
2026-05-27 20:00:00+00:00,5,0.997372,0.618225,0.0,38.6876
2026-05-27 21:00:00+00:00,5,0.997372,0.618225,0.0,38.6876
2026-05-27 22:00:00+00:00,5,0.997372,0.618225,0.0,38.6876
2026-05-27 23:00:00+00:00,5,0.997372,0.618225,0.0,38.6876
2026-05-28 00:00:00+00:00,5,0.997372,0.618225,0.0,38.6876
2026-05-28 01:00:00+00:00,5,0.997372,0.618225,0.0,38.6876
2026-05-28 02:00:00+00:00,5,0.997372,0.618225,0.0,38.6876
2026-05-28 03:00:00+00:00,5,0.997372,0.618225,0.0,38.6876
2026-05-28 04:00:00+00:00,5,0.997372,0.618225,0.0,38.6876
2026-05-28 05:00:00+00:00,5,0.997372,0.618225,0.0,38.6876
2026-05-28 06:00:00+00:00,5,0.997372,0.618225,0.0,38.6876
2026-05-28 07:00:00+00:00,5,0.997372,0.618225,0.0,38.6876
2026-05-28 08:00:00+00:00,5,0.997372,0.618225,0.0,38.6876
2026-05-28 09:00:00+00:00,5,0.997372,0.618225,0.0,38.6876
2026-05-28 10:00:00+00:00,5,0.997372,0.618225,0.0,38.6876
2026-05-28 11:00:00+00:00,5,0.997372,0.618225,0.0,38.6876
2026-05-28 12:00:00+00:00,5,0.997372,0.618225,0.0,38.6876
2026-05-28 13:00:00+00:00,5,0.997372,0.618225,0.0,38.6876
2026-05-28 14:00:00+00:00,5,0.997372,0.618225,0.0,38.6876
2026-05-28 15:00:00+00:00,5,0.997372,0.618225,0.0,38.6876
2026-05-28 16:00:00+00:00,5,0.997372,0.618225,0.0,38.6876
2026-05-28 17:00:00+00:00,5,0.997372,0.618225,0.0,38.6876
2026-05-28 18:00:00+00:00,5,0.997372,0.618225,0.0,38.6876
2026-05-28 19:00:00+00:00,5,0.997372,0.618225,0.0,38.6876
2026-05-28 20:00:00+00:00,5,0.997372,0.618225,0.0,38.6876
2026-05-28 21:00:00+00:00,5,0.997372,0.618225,0.0,38.6876
2026-05-28 22:00:00+00:00,5,0.997372,0.618225,0.0,38.6876
2026-05-28 23:00:00+00:00,5,0.997372,0.618225,0.0,38.6876
2026-05-29 00:00:00+00:00,5,0.997372,0.618225,0.0,38.6876
2026-05-29 01:00:00+00:00,5,0.997372,0.618225,0.0,38.6876
2026-05-29 02:00:00+00:00,5,0.997372,0.618225,0.0,38.6876
2026-05-29 03:00:00+00:00,5,0.997372,0.618225,0.0,38.6876
2026-05-29 04:00:00+00:00,5,0.997372,0.618225,0.0,38.6876
2026-05-29 05:00:00+00:00,5,0.997372,0.618225,0.0,38.6876
2026-05-29 06:00:00+00:00,5,0.997372,0.618225,0.0,38.6876
2026-05-29 07:00:00+00:00,5,0.997372,0.618225,0.0,38.6876
2026-05-29 08:00:00+00:00,5,0.997372,0.618225,0.0,38.6876
2026-05-29 09:00:00+00:00,5,0.997372,0.618225,0.0,38.6876
2026-05-29 10:00:00+00:00,5,0.997372,0.618225,0.0,38.6876
2026-05-29 11:00:00+00:00,5,0.997372,0.618225,0.0,38.6876
2026-05-29 12:00:00+00:00,5,0.997372,0.618225,0.0,38.6876
2026-05-29 13:00:00+00:00,5,0.997372,0.618225,0.0,38.6876
2026-05-29 14:00:00+00:00,5,0.997372,0.618225,0.0,38.6876
2026-05-29 15:00:00+00:00,5,0.997372,0.618225,0.0,38.6876
2026-05-29 16:00:00+00:00,5,0.997372,0.618225,0.0,38.6876
2026-05-29 17:00:00+00:00,5,0.997372,0.618225,0.0,38.6876
2026-05-29 18:00:00+00:00,5,0.997372,0.618225,0.0,38.6876
2026-05-29 19:00:00+00:00,5,0.997372,0.618225,0.0,38.6876
2026-05-29 20:00:00+00:00,5,0.997372,0.618225,0.0,38.6876
2026-05-29 21:00:00+00:00,5,0.997372,0.618225,0.0,38.6876
2026-05-29 22:00:00+00:00,5,0.997372,0.618225,0.0,38.6876
2026-05-29 23:00:00+00:00,5,0.997372,0.618225,0.0,38.6876
2026-05-30 00:00:00+00:00,5,0.997372,0.618225,0.0,38.6876
2026-05-30 01:00:00+00:00,5,0.997372,0.618225,0.0,38.6876
2026-05-30 02:00:00+00:00,5,0.997372,0.618225,0.0,38.6876
2026-05-30 03:00:00+00:00,5,0.997372,0.618225,0.0,38.6876
2026-05-30 04:00:00+00:00,5,0.997372,0.618225,0.0,38.6876
2026-05-30 05:00:00+00:00,5,0.997372,0.618225,0.0,38.6876
2026-05-30 06:00:00+00:00,5,0.997372,0.618225,0.0,38.6876
2026-05-30 07:00:00+00:00,5,0.997372,0.618225,0.0,38.6876
2026-05-30 08:00:00+00:00,5,0.997372,0.618225,0.0,38.6876
2026-05-30 09:00:00+00:00,5,0.997372,0.618225,0.0,38.6876
2026-05-30 10:00:00+00:00,5,0.997372,0.618225,0.0,38.6876
2026-05-30 11:00:00+00:00,5,0.997372,0.618225,0.0,38.6876
2026-05-30 12:00:00+00:00,5,0.997372,0.618225,0.0,38.6876
2026-05-30 13:00:00+00:00,5,0.997372,0.618225,0.0,38.6876
2026-05-30 14:00:00+00:00,5,0.997372,0.618225,0.0,38.6876
2026-05-30 15:00:00+00:00,5,0.997372,0.618225,0.0,38.6876
2026-05-30 16:00:00+00:00,5,0.997372,0.618225,0.0,38.6876
2026-05-30 17:00:00+00:00,5,0.997372,0.618225,0.0,38.6876
2026-05-30 18:00:00+00:00,5,0.997372,0.618225,0.0,38.6876
2026-05-30 19:00:00+00:00,5,0.997372,0.618225,0.0,38.6876
2026-05-30 20:00:00+00:00,5,0.997372,0.618225,0.0,38.6876
2026-05-30 21:00:00+00:00,5,0.997372,0.618225,0.0,38.6876
2026-05-30 22:00:00+00:00,5,0.997372,0.618225,0.0,38.6876
2026-05-30 23:00:00+00:00,5,0.997372,0.618225,0.0,38.6876
2026-05-31 00:00:00+00:00,5,0.997372,0.618225,0.0,38.6876
2026-05-31 01:00:00+00:00,5,0.997372,0.618225,0.0,38.6876
2026-05-31 02:00:00+00:00,5,0.997372,0.618225,0.0,38.6876
2026-05-31 03:00:00+00:00,5,0.997372,0.618225,0.0,38.6876
2026-05-31 04:00:00+00:00,5,0.997372,0.618225,0.0,38.6876
2026-05-31 05:00:00+00:00,5,0.997372,0.618225,0.0,38.6876
2026-05-31 06:00:00+00:00,5,0.997372,0.618225,0.0,38.6876
2026-05-31 07:00:00+00:00,5,0.997372,0.618225,0.0,38.6876
2026-05-31 08:00:00+00:00,5,0.997372,0.618225,0.0,38.6876
2026-05-31 09:00:00+00:00,5,0.997372,0.618225,0.0,38.6876
2026-05-31 10:00:00+00:00,5,0.997372,0.618225,0.0,38.6876
2026-05-31 11:00:00+00:00,5,0.997372,0.618225,0.0,38.6876
2026-05-31 12:00:00+00:00,5,0.997372,0.618225,0.0,38.6876
2026-05-31 13:00:00+00:00,5,0.997372,0.618225,0.0,38.6876
2026-05-31 14:00:00+00:00,5,0.993121,0.615589,-0.004263,38.949
2026-05-31 15:00:00+00:00,5,0.992521,0.615217,-0.000604,38.9859
2026-05-31 16:00:00+00:00,5,0.992521,0.615217,0.0,38.9859
2026-05-31 17:00:00+00:00,5,0.992521,0.615217,0.0,38.9859
2026-05-31 18:00:00+00:00,5,0.992521,0.615217,0.0,38.9859
2026-05-31 19:00:00+00:00,5,0.992521,0.615217,0.0,38.9859
2026-05-31 20:00:00+00:00,5,0.992521,0.615217,0.0,38.9859
2026-05-31 21:00:00+00:00,5,0.992521,0.615217,0.0,38.9859
2026-05-31 22:00:00+00:00,5,0.992521,0.615217,0.0,38.9859
2026-05-31 23:00:00+00:00,5,0.992521,0.615217,0.0,38.9859
2026-06-01 00:00:00+00:00,5,0.992521,0.615217,0.0,38.9859
2026-06-01 01:00:00+00:00,5,0.992521,0.615217,0.0,38.9859
2026-06-01 02:00:00+00:00,5,0.992521,0.615217,0.0,38.9859
2026-06-01 03:00:00+00:00,5,0.992521,0.615217,0.0,38.9859
2026-06-01 04:00:00+00:00,5,0.992521,0.615217,0.0,38.9859
2026-06-01 05:00:00+00:00,5,0.992521,0.615217,0.0,38.9859
2026-06-01 06:00:00+00:00,5,0.992521,0.615217,0.0,38.9859
2026-06-01 07:00:00+00:00,5,0.992521,0.615217,0.0,38.9859
2026-06-01 08:00:00+00:00,5,0.992521,0.615217,0.0,38.9859
2026-06-01 09:00:00+00:00,5,0.992521,0.615217,0.0,38.9859
2026-06-01 10:00:00+00:00,5,0.992521,0.615217,0.0,38.9859
2026-06-01 11:00:00+00:00,5,0.992521,0.615217,0.0,38.9859
2026-06-01 12:00:00+00:00,5,0.992521,0.615217,0.0,38.9859
2026-06-01 13:00:00+00:00,5,0.992521,0.615217,0.0,38.9859
2026-06-01 14:00:00+00:00,5,0.992521,0.615217,0.0,38.9859
2026-06-01 15:00:00+00:00,5,0.992521,0.615217,0.0,38.9859
2026-06-01 16:00:00+00:00,5,0.992521,0.615217,0.0,38.9859
2026-06-01 17:00:00+00:00,5,0.992521,0.615217,0.0,38.9859
2026-06-01 18:00:00+00:00,5,0.992521,0.615217,0.0,38.9859
2026-06-01 19:00:00+00:00,5,0.992521,0.615217,0.0,38.9859
2026-06-01 20:00:00+00:00,5,0.992521,0.615217,0.0,38.9859
2026-06-01 21:00:00+00:00,5,0.992521,0.615217,0.0,38.9859
2026-06-01 22:00:00+00:00,5,0.992521,0.615217,0.0,38.9859
2026-06-01 23:00:00+00:00,5,0.992521,0.615217,0.0,38.9859
2026-06-02 00:00:00+00:00,5,0.992521,0.615217,0.0,38.9859
2026-06-02 01:00:00+00:00,5,0.992521,0.615217,0.0,38.9859
2026-06-02 02:00:00+00:00,5,0.992521,0.615217,0.0,38.9859
2026-06-02 03:00:00+00:00,5,0.993422,0.615776,0.000908,38.9304
2026-06-02 04:00:00+00:00,5,0.99141,0.614529,-0.002025,39.0541
2026-06-02 05:00:00+00:00,5,0.99081,0.614157,-0.000605,39.091
2026-06-02 06:00:00+00:00,5,0.99081,0.614157,0.0,39.091
2026-06-02 07:00:00+00:00,5,0.99081,0.614157,0.0,39.091
2026-06-02 08:00:00+00:00,5,0.99081,0.614157,0.0,39.091
2026-06-02 09:00:00+00:00,5,0.99081,0.614157,0.0,39.091
2026-06-02 10:00:00+00:00,5,0.99081,0.614157,0.0,39.091
2026-06-02 11:00:00+00:00,5,0.99081,0.614157,0.0,39.091
2026-06-02 12:00:00+00:00,5,0.983776,0.609797,-0.007099,39.5234
2026-06-02 13:00:00+00:00,5,0.983176,0.609425,-0.00061,39.5603
2026-06-02 14:00:00+00:00,5,0.983176,0.609425,0.0,39.5603
2026-06-02 15:00:00+00:00,5,0.983176,0.609425,0.0,39.5603
2026-06-02 16:00:00+00:00,5,0.983176,0.609425,0.0,39.5603
2026-06-02 17:00:00+00:00,5,0.983726,0.609766,0.000559,39.5265
2026-06-02 18:00:00+00:00,5,0.983126,0.609394,-0.00061,39.5634
2026-06-02 19:00:00+00:00,5,0.983126,0.609394,0.0,39.5634
2026-06-02 20:00:00+00:00,5,0.983126,0.609394,0.0,39.5634
2026-06-02 21:00:00+00:00,5,0.983126,0.609394,0.0,39.5634
2026-06-02 22:00:00+00:00,5,0.983126,0.609394,0.0,39.5634
2026-06-02 23:00:00+00:00,5,0.983126,0.609394,0.0,39.5634
2026-06-03 00:00:00+00:00,5,0.983126,0.609394,0.0,39.5634
2026-06-03 01:00:00+00:00,5,0.983126,0.609394,0.0,39.5634
2026-06-03 02:00:00+00:00,5,0.983126,0.609394,0.0,39.5634
2026-06-03 03:00:00+00:00,5,0.971169,0.601982,-0.012163,40.2985
2026-06-03 04:00:00+00:00,5,0.970569,0.60161,-0.000618,40.3354
2026-06-03 05:00:00+00:00,5,0.970569,0.60161,0.0,40.3354
2026-06-03 06:00:00+00:00,5,0.970569,0.60161,0.0,40.3354
2026-06-03 07:00:00+00:00,5,0.970569,0.60161,0.0,40.3354
2026-06-03 08:00:00+00:00,5,0.970569,0.60161,0.0,40.3354
2026-06-03 09:00:00+00:00,5,0.970569,0.60161,0.0,40.3354
2026-06-03 10:00:00+00:00,5,0.970569,0.60161,0.0,40.3354
2026-06-03 11:00:00+00:00,5,0.970569,0.60161,0.0,40.3354
2026-06-03 12:00:00+00:00,5,0.970569,0.60161,0.0,40.3354
2026-06-03 13:00:00+00:00,5,0.970569,0.60161,0.0,40.3354
2026-06-03 14:00:00+00:00,5,0.970569,0.60161,0.0,40.3354
2026-06-03 15:00:00+00:00,5,0.970569,0.60161,0.0,40.3354
2026-06-03 16:00:00+00:00,5,0.970569,0.60161,0.0,40.3354
2026-06-03 17:00:00+00:00,5,0.970569,0.60161,0.0,40.3354
2026-06-03 18:00:00+00:00,5,0.970569,0.60161,0.0,40.3354
2026-06-03 19:00:00+00:00,5,0.970569,0.60161,0.0,40.3354
2026-06-03 20:00:00+00:00,5,0.970569,0.60161,0.0,40.3354
2026-06-03 21:00:00+00:00,5,0.981332,0.608282,0.01109,39.6737
2026-06-03 22:00:00+00:00,5,0.980732,0.60791,-0.000611,39.7105
2026-06-03 23:00:00+00:00,5,0.980732,0.60791,0.0,39.7105
2026-06-04 00:00:00+00:00,5,0.980732,0.60791,0.0,39.7105
2026-06-04 01:00:00+00:00,5,0.980732,0.60791,0.0,39.7105
2026-06-04 02:00:00+00:00,5,0.980732,0.60791,0.0,39.7105
2026-06-04 03:00:00+00:00,5,0.980732,0.60791,0.0,39.7105
2026-06-04 04:00:00+00:00,5,0.980732,0.60791,0.0,39.7105
2026-06-04 05:00:00+00:00,5,0.980732,0.60791,0.0,39.7105
2026-06-04 06:00:00+00:00,5,0.980732,0.60791,0.0,39.7105
2026-06-04 07:00:00+00:00,5,0.980732,0.60791,0.0,39.7105
2026-06-04 08:00:00+00:00,5,0.980546,0.607795,-0.00019,39.722
2026-06-04 09:00:00+00:00,5,0.974937,0.604318,-0.00572,40.0668
2026-06-04 10:00:00+00:00,5,0.9619,0.596237,-0.013372,40.8682
2026-06-04 11:00:00+00:00,5,0.963842,0.59744,0.002018,40.7489
2026-06-04 12:00:00+00:00,5,0.982655,0.609102,0.019519,39.5923
2026-06-04 13:00:00+00:00,5,0.982055,0.60873,-0.000611,39.6292
2026-06-04 14:00:00+00:00,5,0.977313,0.605791,-0.004828,39.9207
2026-06-04 15:00:00+00:00,5,0.976713,0.605419,-0.000614,39.9576
2026-06-04 16:00:00+00:00,5,0.976713,0.605419,0.0,39.9576
2026-06-04 17:00:00+00:00,5,0.976713,0.605419,0.0,39.9576
2026-06-04 18:00:00+00:00,5,0.980394,0.6077,0.003768,39.7314
2026-06-04 19:00:00+00:00,5,0.979794,0.607328,-0.000612,39.7683
2026-06-04 20:00:00+00:00,5,0.979794,0.607328,0.0,39.7683
2026-06-04 21:00:00+00:00,5,0.979794,0.607328,0.0,39.7683
2026-06-04 22:00:00+00:00,5,0.979794,0.607328,0.0,39.7683
2026-06-04 23:00:00+00:00,5,0.979794,0.607328,0.0,39.7683
2026-06-05 00:00:00+00:00,5,0.979794,0.607328,0.0,39.7683
2026-06-05 01:00:00+00:00,5,0.979794,0.607328,0.0,39.7683
2026-06-05 02:00:00+00:00,5,0.979794,0.607328,0.0,39.7683
2026-06-05 03:00:00+00:00,5,0.979794,0.607328,0.0,39.7683
2026-06-05 04:00:00+00:00,5,0.979794,0.607328,0.0,39.7683
2026-06-05 05:00:00+00:00,5,0.979794,0.607328,0.0,39.7683
2026-06-05 06:00:00+00:00,5,0.979794,0.607328,0.0,39.7683
2026-06-05 07:00:00+00:00,5,0.997679,0.618414,0.018254,38.6688
2026-06-05 08:00:00+00:00,5,0.997079,0.618043,-0.000601,38.7056
2026-06-05 09:00:00+00:00,5,1.002948,0.62168,0.005886,38.3449
2026-06-05 10:00:00+00:00,5,1.002348,0.621309,-0.000598,38.3817
2026-06-05 11:00:00+00:00,5,1.002348,0.621309,0.0,38.3817
2026-06-05 12:00:00+00:00,5,1.001663,0.620884,-0.000683,38.4239
2026-06-05 13:00:00+00:00,5,0.981821,0.608585,-0.019809,39.6436
2026-06-05 14:00:00+00:00,5,0.981221,0.608213,-0.000611,39.6805
2026-06-05 15:00:00+00:00,5,0.973678,0.603538,-0.007687,40.1441
2026-06-05 16:00:00+00:00,5,0.973078,0.603166,-0.000616,40.181
2026-06-05 17:00:00+00:00,5,0.973078,0.603166,0.0,40.181
2026-06-05 18:00:00+00:00,5,0.949803,0.588739,-0.023919,41.6118
2026-06-05 19:00:00+00:00,5,0.964263,0.597702,0.015224,40.7229
2026-06-05 20:00:00+00:00,5,0.963663,0.59733,-0.000622,40.7598
2026-06-05 21:00:00+00:00,5,0.963663,0.59733,0.0,40.7598
2026-06-05 22:00:00+00:00,5,0.961721,0.596127,-0.002014,40.8791
2026-06-05 23:00:00+00:00,5,0.953476,0.591016,-0.008574,41.386
2026-06-06 00:00:00+00:00,5,0.956861,0.593115,0.003551,41.1778
2026-06-06 01:00:00+00:00,5,0.956261,0.592743,-0.000627,41.2147
2026-06-06 02:00:00+00:00,5,0.956261,0.592743,0.0,41.2147
2026-06-06 03:00:00+00:00,5,0.956261,0.592743,0.0,41.2147
2026-06-06 04:00:00+00:00,5,0.956261,0.592743,0.0,41.2147
2026-06-06 05:00:00+00:00,5,0.969036,0.600661,0.013359,40.4295
2026-06-06 06:00:00+00:00,5,0.968436,0.600289,-0.000619,40.4664
2026-06-06 07:00:00+00:00,5,0.971307,0.602069,0.002964,40.2898
2026-06-06 08:00:00+00:00,5,0.970707,0.601697,-0.000618,40.3267
2026-06-06 09:00:00+00:00,5,0.970707,0.601697,0.0,40.3267
2026-06-06 10:00:00+00:00,5,0.970707,0.601697,0.0,40.3267
2026-06-06 11:00:00+00:00,5,0.970707,0.601697,0.0,40.3267
2026-06-06 12:00:00+00:00,5,0.970707,0.601697,0.0,40.3267
2026-06-06 13:00:00+00:00,5,0.970707,0.601697,0.0,40.3267
2026-06-06 14:00:00+00:00,5,0.970707,0.601697,0.0,40.3267
2026-06-06 15:00:00+00:00,5,0.970707,0.601697,0.0,40.3267
2026-06-06 16:00:00+00:00,5,0.970707,0.601697,0.0,40.3267
2026-06-06 17:00:00+00:00,5,0.970707,0.601697,0.0,40.3267
2026-06-06 18:00:00+00:00,5,0.970707,0.601697,0.0,40.3267
2026-06-06 19:00:00+00:00,5,0.970707,0.601697,0.0,40.3267
2026-06-06 20:00:00+00:00,5,0.970707,0.601697,0.0,40.3267
2026-06-06 21:00:00+00:00,5,0.970707,0.601697,0.0,40.3267
2026-06-06 22:00:00+00:00,5,0.970707,0.601697,0.0,40.3267
2026-06-06 23:00:00+00:00,5,0.970707,0.601697,0.0,40.3267
2026-06-07 00:00:00+00:00,5,0.970707,0.601697,0.0,40.3267
2026-06-07 01:00:00+00:00,5,0.981243,0.608227,0.010854,39.6791
2026-06-07 02:00:00+00:00,5,0.981674,0.608494,0.000439,39.6526
2026-06-07 03:00:00+00:00,5,0.984775,0.610417,0.003159,39.4619
2026-06-07 04:00:00+00:00,5,0.984175,0.610045,-0.000609,39.4988
2026-06-07 05:00:00+00:00,5,0.984175,0.610045,0.0,39.4988
2026-06-07 06:00:00+00:00,5,0.984175,0.610045,0.0,39.4988
2026-06-07 07:00:00+00:00,5,0.984175,0.610045,0.0,39.4988
2026-06-07 08:00:00+00:00,5,0.984175,0.610045,0.0,39.4988
2026-06-07 09:00:00+00:00,5,0.984175,0.610045,0.0,39.4988
2026-06-07 10:00:00+00:00,5,0.984175,0.610045,0.0,39.4988
2026-06-07 11:00:00+00:00,5,0.984175,0.610045,0.0,39.4988
2026-06-07 12:00:00+00:00,5,0.984175,0.610045,0.0,39.4988
2026-06-07 13:00:00+00:00,5,0.980389,0.607698,-0.003847,39.7316
2026-06-07 14:00:00+00:00,5,0.979789,0.607326,-0.000612,39.7685
2026-06-07 15:00:00+00:00,5,0.979789,0.607326,0.0,39.7685
2026-06-07 16:00:00+00:00,5,0.979789,0.607326,0.0,39.7685
2026-06-07 17:00:00+00:00,5,0.979789,0.607326,0.0,39.7685
2026-06-07 18:00:00+00:00,5,0.979789,0.607326,0.0,39.7685
2026-06-07 19:00:00+00:00,5,0.979789,0.607326,0.0,39.7685
2026-06-07 20:00:00+00:00,5,0.979789,0.607326,0.0,39.7685
2026-06-07 21:00:00+00:00,5,0.979789,0.607326,0.0,39.7685
2026-06-07 22:00:00+00:00,5,0.979789,0.607326,0.0,39.7685
2026-06-07 23:00:00+00:00,5,0.979789,0.607326,0.0,39.7685
2026-06-08 00:00:00+00:00,5,0.979789,0.607326,0.0,39.7685
2026-06-08 01:00:00+00:00,5,0.979789,0.607326,0.0,39.7685
2026-06-08 02:00:00+00:00,5,0.979789,0.607326,0.0,39.7685
2026-06-08 03:00:00+00:00,5,0.979789,0.607326,0.0,39.7685
2026-06-08 04:00:00+00:00,5,0.979789,0.607326,0.0,39.7685
2026-06-08 05:00:00+00:00,5,0.979789,0.607326,0.0,39.7685
2026-06-08 06:00:00+00:00,5,0.979789,0.607326,0.0,39.7685
2026-06-08 07:00:00+00:00,5,0.979789,0.607326,0.0,39.7685
2026-06-08 08:00:00+00:00,5,0.979789,0.607326,0.0,39.7685
2026-06-08 09:00:00+00:00,5,0.979789,0.607326,0.0,39.7685
2026-06-08 10:00:00+00:00,5,0.979789,0.607326,0.0,39.7685
2026-06-08 11:00:00+00:00,5,0.979789,0.607326,0.0,39.7685
2026-06-08 12:00:00+00:00,5,0.979789,0.607326,0.0,39.7685
2026-06-08 13:00:00+00:00,5,0.979789,0.607326,0.0,39.7685
2026-06-08 14:00:00+00:00,5,0.979789,0.607326,0.0,39.7685
2026-06-08 15:00:00+00:00,5,0.979789,0.607326,0.0,39.7685
2026-06-08 16:00:00+00:00,5,0.979789,0.607326,0.0,39.7685
2026-06-08 17:00:00+00:00,5,0.979789,0.607326,0.0,39.7685
2026-06-08 18:00:00+00:00,5,0.979789,0.607326,0.0,39.7685
2026-06-08 19:00:00+00:00,5,0.979789,0.607326,0.0,39.7685
2026-06-08 20:00:00+00:00,5,0.979789,0.607326,0.0,39.7685
2026-06-08 21:00:00+00:00,5,0.979789,0.607326,0.0,39.7685
2026-06-08 22:00:00+00:00,5,0.979789,0.607326,0.0,39.7685
2026-06-08 23:00:00+00:00,5,0.979789,0.607326,0.0,39.7685
2026-06-09 00:00:00+00:00,5,0.979789,0.607326,0.0,39.7685
2026-06-09 01:00:00+00:00,5,0.979789,0.607326,0.0,39.7685
2026-06-09 02:00:00+00:00,5,0.979789,0.607326,0.0,39.7685
2026-06-09 03:00:00+00:00,5,0.979789,0.607326,0.0,39.7685
2026-06-09 04:00:00+00:00,5,0.979789,0.607326,0.0,39.7685
2026-06-09 05:00:00+00:00,5,0.979789,0.607326,0.0,39.7685
2026-06-09 06:00:00+00:00,5,0.979789,0.607326,0.0,39.7685
2026-06-09 07:00:00+00:00,5,0.979789,0.607326,0.0,39.7685
2026-06-09 08:00:00+00:00,5,0.979789,0.607326,0.0,39.7685
2026-06-09 09:00:00+00:00,5,0.979789,0.607326,0.0,39.7685
2026-06-09 10:00:00+00:00,5,0.979789,0.607326,0.0,39.7685
2026-06-09 11:00:00+00:00,5,0.979789,0.607326,0.0,39.7685
2026-06-09 12:00:00+00:00,5,0.979789,0.607326,0.0,39.7685
2026-06-09 13:00:00+00:00,5,0.979789,0.607326,0.0,39.7685
2026-06-09 14:00:00+00:00,5,0.979789,0.607326,0.0,39.7685
2026-06-09 15:00:00+00:00,5,0.979789,0.607326,0.0,39.7685
2026-06-09 16:00:00+00:00,5,0.979789,0.607326,0.0,39.7685
2026-06-09 17:00:00+00:00,5,0.979789,0.607326,0.0,39.7685
2026-06-09 18:00:00+00:00,5,0.979789,0.607326,0.0,39.7685
2026-06-09 19:00:00+00:00,5,0.979789,0.607326,0.0,39.7685
2026-06-09 20:00:00+00:00,5,0.979789,0.607326,0.0,39.7685
2026-06-09 21:00:00+00:00,5,0.979789,0.607326,0.0,39.7685
2026-06-09 22:00:00+00:00,5,0.979789,0.607326,0.0,39.7685
2026-06-09 23:00:00+00:00,5,0.979789,0.607326,0.0,39.7685
2026-06-10 00:00:00+00:00,5,0.979789,0.607326,0.0,39.7685
2026-06-10 01:00:00+00:00,5,0.979789,0.607326,0.0,39.7685
2026-06-10 02:00:00+00:00,5,0.979789,0.607326,0.0,39.7685
2026-06-10 03:00:00+00:00,5,0.979789,0.607326,0.0,39.7685
2026-06-10 04:00:00+00:00,5,0.979789,0.607326,0.0,39.7685
2026-06-10 05:00:00+00:00,5,0.979789,0.607326,0.0,39.7685
2026-06-10 06:00:00+00:00,5,0.979789,0.607326,0.0,39.7685
2026-06-10 07:00:00+00:00,5,0.979789,0.607326,0.0,39.7685
2026-06-10 08:00:00+00:00,5,0.979789,0.607326,0.0,39.7685
2026-06-10 09:00:00+00:00,5,0.979789,0.607326,0.0,39.7685
2026-06-10 10:00:00+00:00,5,0.979789,0.607326,0.0,39.7685
2026-06-10 11:00:00+00:00,5,0.979789,0.607326,0.0,39.7685
2026-06-10 12:00:00+00:00,5,0.979789,0.607326,0.0,39.7685
2026-06-10 13:00:00+00:00,5,0.979789,0.607326,0.0,39.7685
2026-06-10 14:00:00+00:00,5,0.979789,0.607326,0.0,39.7685
2026-06-10 15:00:00+00:00,5,0.979789,0.607326,0.0,39.7685
2026-06-10 16:00:00+00:00,5,0.979789,0.607326,0.0,39.7685
2026-06-10 17:00:00+00:00,5,0.979789,0.607326,0.0,39.7685
2026-06-10 18:00:00+00:00,5,0.979789,0.607326,0.0,39.7685
2026-06-10 19:00:00+00:00,5,0.979789,0.607326,0.0,39.7685
2026-06-10 20:00:00+00:00,5,0.979789,0.607326,0.0,39.7685
2026-06-10 21:00:00+00:00,5,0.979789,0.607326,0.0,39.7685
2026-06-10 22:00:00+00:00,5,0.979789,0.607326,0.0,39.7685
2026-06-10 23:00:00+00:00,5,0.979789,0.607326,0.0,39.7685
2026-06-11 00:00:00+00:00,5,0.979789,0.607326,0.0,39.7685
2026-06-11 01:00:00+00:00,5,0.979789,0.607326,0.0,39.7685
2026-06-11 02:00:00+00:00,5,0.979789,0.607326,0.0,39.7685
2026-06-11 03:00:00+00:00,5,0.979789,0.607326,0.0,39.7685
2026-06-11 04:00:00+00:00,5,0.979789,0.607326,0.0,39.7685
2026-06-11 05:00:00+00:00,5,0.979789,0.607326,0.0,39.7685
2026-06-11 06:00:00+00:00,5,0.979789,0.607326,0.0,39.7685
2026-06-11 07:00:00+00:00,5,0.979789,0.607326,0.0,39.7685
2026-06-11 08:00:00+00:00,5,0.979789,0.607326,0.0,39.7685
2026-06-11 09:00:00+00:00,5,0.979789,0.607326,0.0,39.7685
2026-06-11 10:00:00+00:00,5,0.979789,0.607326,0.0,39.7685
2026-06-11 11:00:00+00:00,5,0.979789,0.607326,0.0,39.7685
2026-06-11 12:00:00+00:00,5,0.979789,0.607326,0.0,39.7685
2026-06-11 13:00:00+00:00,5,0.979789,0.607326,0.0,39.7685
2026-06-11 14:00:00+00:00,5,0.979789,0.607326,0.0,39.7685
2026-06-11 15:00:00+00:00,5,0.979789,0.607326,0.0,39.7685
2026-06-11 16:00:00+00:00,5,0.979789,0.607326,0.0,39.7685
2026-06-11 17:00:00+00:00,5,0.979789,0.607326,0.0,39.7685
2026-06-11 18:00:00+00:00,5,0.979789,0.607326,0.0,39.7685
2026-06-11 19:00:00+00:00,5,0.979789,0.607326,0.0,39.7685
2026-06-11 20:00:00+00:00,5,0.979789,0.607326,0.0,39.7685
2026-06-11 21:00:00+00:00,5,0.979789,0.607326,0.0,39.7685
2026-06-11 22:00:00+00:00,5,0.979789,0.607326,0.0,39.7685
2026-06-11 23:00:00+00:00,5,0.979789,0.607326,0.0,39.7685
2026-06-12 00:00:00+00:00,5,0.979789,0.607326,0.0,39.7685
2026-06-12 01:00:00+00:00,5,0.979789,0.607326,0.0,39.7685
2026-06-12 02:00:00+00:00,5,0.979789,0.607326,0.0,39.7685
2026-06-12 03:00:00+00:00,5,0.979789,0.607326,0.0,39.7685
2026-06-12 04:00:00+00:00,5,0.979789,0.607326,0.0,39.7685
2026-06-12 05:00:00+00:00,5,0.979789,0.607326,0.0,39.7685
2026-06-12 06:00:00+00:00,5,0.979789,0.607326,0.0,39.7685
2026-06-12 07:00:00+00:00,5,0.979789,0.607326,0.0,39.7685
2026-06-12 08:00:00+00:00,5,0.979789,0.607326,0.0,39.7685
2026-06-12 09:00:00+00:00,5,0.979789,0.607326,0.0,39.7685
2026-06-12 10:00:00+00:00,5,0.979789,0.607326,0.0,39.7685
2026-06-12 11:00:00+00:00,5,0.979789,0.607326,0.0,39.7685
2026-06-12 12:00:00+00:00,5,0.979789,0.607326,0.0,39.7685
2026-06-12 13:00:00+00:00,5,0.979789,0.607326,0.0,39.7685
2026-06-12 14:00:00+00:00,5,0.979789,0.607326,0.0,39.7685
2026-06-12 15:00:00+00:00,5,0.979789,0.607326,0.0,39.7685
2026-06-12 16:00:00+00:00,5,0.985186,0.610671,0.005508,39.4367
2026-06-12 17:00:00+00:00,5,0.984586,0.610299,-0.000609,39.4736
2026-06-12 18:00:00+00:00,5,0.984586,0.610299,0.0,39.4736
2026-06-12 19:00:00+00:00,5,0.984586,0.610299,0.0,39.4736
2026-06-12 20:00:00+00:00,5,0.984586,0.610299,0.0,39.4736
2026-06-12 21:00:00+00:00,5,0.984586,0.610299,0.0,39.4736
2026-06-12 22:00:00+00:00,5,0.984586,0.610299,0.0,39.4736
2026-06-12 23:00:00+00:00,5,0.984586,0.610299,0.0,39.4736
2026-06-13 00:00:00+00:00,5,0.984586,0.610299,0.0,39.4736
2026-06-13 01:00:00+00:00,5,0.984586,0.610299,0.0,39.4736
2026-06-13 02:00:00+00:00,5,0.984586,0.610299,0.0,39.4736
2026-06-13 03:00:00+00:00,5,0.984586,0.610299,0.0,39.4736
2026-06-13 04:00:00+00:00,5,0.984586,0.610299,0.0,39.4736
2026-06-13 05:00:00+00:00,5,0.984586,0.610299,0.0,39.4736
2026-06-13 06:00:00+00:00,5,0.984586,0.610299,0.0,39.4736
2026-06-13 07:00:00+00:00,5,0.984586,0.610299,0.0,39.4736
2026-06-13 08:00:00+00:00,5,0.984586,0.610299,0.0,39.4736
2026-06-13 09:00:00+00:00,5,0.984586,0.610299,0.0,39.4736
2026-06-13 10:00:00+00:00,5,0.984586,0.610299,0.0,39.4736
2026-06-13 11:00:00+00:00,5,0.984586,0.610299,0.0,39.4736
2026-06-13 12:00:00+00:00,5,0.984586,0.610299,0.0,39.4736
2026-06-13 13:00:00+00:00,5,0.984586,0.610299,0.0,39.4736
2026-06-13 14:00:00+00:00,5,0.984586,0.610299,0.0,39.4736
2026-06-13 15:00:00+00:00,5,0.984586,0.610299,0.0,39.4736
2026-06-13 16:00:00+00:00,5,0.984586,0.610299,0.0,39.4736
2026-06-13 17:00:00+00:00,5,0.984586,0.610299,0.0,39.4736
2026-06-13 18:00:00+00:00,5,0.984586,0.610299,0.0,39.4736
2026-06-13 19:00:00+00:00,5,0.984586,0.610299,0.0,39.4736
2026-06-13 20:00:00+00:00,5,0.984586,0.610299,0.0,39.4736
2026-06-13 21:00:00+00:00,5,0.984586,0.610299,0.0,39.4736
2026-06-13 22:00:00+00:00,5,0.984586,0.610299,0.0,39.4736
2026-06-13 23:00:00+00:00,5,0.984586,0.610299,0.0,39.4736
2026-06-14 00:00:00+00:00,5,0.984586,0.610299,0.0,39.4736
2026-06-14 01:00:00+00:00,5,0.984586,0.610299,0.0,39.4736
2026-06-14 02:00:00+00:00,5,0.984586,0.610299,0.0,39.4736
2026-06-14 03:00:00+00:00,5,0.984586,0.610299,0.0,39.4736
2026-06-14 04:00:00+00:00,5,0.984586,0.610299,0.0,39.4736
2026-06-14 05:00:00+00:00,5,0.984586,0.610299,0.0,39.4736
2026-06-14 06:00:00+00:00,5,0.984586,0.610299,0.0,39.4736
2026-06-14 07:00:00+00:00,5,0.984586,0.610299,0.0,39.4736
2026-06-14 08:00:00+00:00,5,0.984586,0.610299,0.0,39.4736
2026-06-14 09:00:00+00:00,5,0.984586,0.610299,0.0,39.4736
2026-06-14 10:00:00+00:00,5,0.984586,0.610299,0.0,39.4736
2026-06-14 11:00:00+00:00,5,0.984586,0.610299,0.0,39.4736
2026-06-14 12:00:00+00:00,5,0.984586,0.610299,0.0,39.4736
2026-06-14 13:00:00+00:00,5,0.984586,0.610299,0.0,39.4736
2026-06-14 14:00:00+00:00,5,0.984586,0.610299,0.0,39.4736
2026-06-14 15:00:00+00:00,5,0.984586,0.610299,0.0,39.4736
2026-06-14 16:00:00+00:00,5,0.984586,0.610299,0.0,39.4736
2026-06-14 17:00:00+00:00,5,0.984586,0.610299,0.0,39.4736
2026-06-14 18:00:00+00:00,5,0.984586,0.610299,0.0,39.4736
2026-06-14 19:00:00+00:00,5,0.984586,0.610299,0.0,39.4736
2026-06-14 20:00:00+00:00,5,0.984586,0.610299,0.0,39.4736
2026-06-14 21:00:00+00:00,5,0.984586,0.610299,0.0,39.4736
2026-06-14 22:00:00+00:00,5,0.984586,0.610299,0.0,39.4736
2026-06-14 23:00:00+00:00,5,0.984586,0.610299,0.0,39.4736
2026-06-15 00:00:00+00:00,5,0.984586,0.610299,0.0,39.4736
2026-06-15 01:00:00+00:00,5,0.984586,0.610299,0.0,39.4736
2026-06-15 02:00:00+00:00,5,0.984586,0.610299,0.0,39.4736
2026-06-15 03:00:00+00:00,5,0.984586,0.610299,0.0,39.4736
2026-06-15 04:00:00+00:00,5,0.984586,0.610299,0.0,39.4736
2026-06-15 05:00:00+00:00,5,0.984586,0.610299,0.0,39.4736
2026-06-15 06:00:00+00:00,5,0.984586,0.610299,0.0,39.4736
2026-06-15 07:00:00+00:00,5,0.984586,0.610299,0.0,39.4736
2026-06-15 08:00:00+00:00,5,0.984586,0.610299,0.0,39.4736
2026-06-15 09:00:00+00:00,5,0.984586,0.610299,0.0,39.4736
2026-06-15 10:00:00+00:00,5,0.984586,0.610299,0.0,39.4736
2026-06-15 11:00:00+00:00,5,0.984586,0.610299,0.0,39.4736
2026-06-15 12:00:00+00:00,5,0.984586,0.610299,0.0,39.4736
2026-06-15 13:00:00+00:00,5,0.984586,0.610299,0.0,39.4736
2026-06-15 14:00:00+00:00,5,0.984586,0.610299,0.0,39.4736
2026-06-15 15:00:00+00:00,5,0.984586,0.610299,0.0,39.4736
2026-06-15 16:00:00+00:00,5,0.984586,0.610299,0.0,39.4736
2026-06-15 17:00:00+00:00,5,0.984586,0.610299,0.0,39.4736
2026-06-15 18:00:00+00:00,5,0.984586,0.610299,0.0,39.4736
2026-06-15 19:00:00+00:00,5,0.984586,0.610299,0.0,39.4736
2026-06-15 20:00:00+00:00,5,0.982592,0.609064,-0.002025,39.5961
2026-06-15 21:00:00+00:00,5,0.981992,0.608691,-0.000611,39.6331
2026-06-15 22:00:00+00:00,5,0.981992,0.608691,0.0,39.6331
2026-06-15 23:00:00+00:00,5,0.981992,0.608691,0.0,39.6331
2026-06-16 00:00:00+00:00,5,0.981992,0.608691,0.0,39.6331
2026-06-16 01:00:00+00:00,5,0.981992,0.608691,0.0,39.6331
2026-06-16 02:00:00+00:00,5,0.981992,0.608691,0.0,39.6331
2026-06-16 03:00:00+00:00,5,0.981992,0.608691,0.0,39.6331
2026-06-16 04:00:00+00:00,5,0.981992,0.608691,0.0,39.6331
2026-06-16 05:00:00+00:00,5,0.981992,0.608691,0.0,39.6331
2026-06-16 06:00:00+00:00,5,0.981992,0.608691,0.0,39.6331
2026-06-16 07:00:00+00:00,5,0.981992,0.608691,0.0,39.6331
2026-06-16 08:00:00+00:00,5,0.981992,0.608691,0.0,39.6331
2026-06-16 09:00:00+00:00,5,0.981992,0.608691,0.0,39.6331
2026-06-16 10:00:00+00:00,5,0.981992,0.608691,0.0,39.6331
2026-06-16 11:00:00+00:00,5,0.981992,0.608691,0.0,39.6331
2026-06-16 12:00:00+00:00,5,0.981992,0.608691,0.0,39.6331
2026-06-16 13:00:00+00:00,5,0.981992,0.608691,0.0,39.6331
2026-06-16 14:00:00+00:00,5,0.981992,0.608691,0.0,39.6331
2026-06-16 15:00:00+00:00,5,0.981992,0.608691,0.0,39.6331
2026-06-16 16:00:00+00:00,5,0.981992,0.608691,0.0,39.6331
2026-06-16 17:00:00+00:00,5,0.981992,0.608691,0.0,39.6331
2026-06-16 18:00:00+00:00,5,0.981992,0.608691,0.0,39.6331
2026-06-16 19:00:00+00:00,5,0.981992,0.608691,0.0,39.6331
2026-06-16 20:00:00+00:00,5,0.981992,0.608691,0.0,39.6331
2026-06-16 21:00:00+00:00,5,0.981992,0.608691,0.0,39.6331
2026-06-16 22:00:00+00:00,5,0.981992,0.608691,0.0,39.6331
2026-06-16 23:00:00+00:00,5,0.981992,0.608691,0.0,39.6331
2026-06-17 00:00:00+00:00,5,0.981992,0.608691,0.0,39.6331
2026-06-17 01:00:00+00:00,5,0.981992,0.608691,0.0,39.6331
2026-06-17 02:00:00+00:00,5,0.981992,0.608691,0.0,39.6331
2026-06-17 03:00:00+00:00,5,0.981992,0.608691,0.0,39.6331
2026-06-17 04:00:00+00:00,5,0.981992,0.608691,0.0,39.6331
2026-06-17 05:00:00+00:00,5,0.981992,0.608691,0.0,39.6331
2026-06-17 06:00:00+00:00,5,0.981992,0.608691,0.0,39.6331
2026-06-17 07:00:00+00:00,5,0.981992,0.608691,0.0,39.6331
2026-06-17 08:00:00+00:00,5,0.981992,0.608691,0.0,39.6331
2026-06-17 09:00:00+00:00,5,0.981992,0.608691,0.0,39.6331
2026-06-17 10:00:00+00:00,5,0.981992,0.608691,0.0,39.6331
2026-06-17 11:00:00+00:00,5,0.981992,0.608691,0.0,39.6331
2026-06-17 12:00:00+00:00,5,0.981992,0.608691,0.0,39.6331
2026-06-17 13:00:00+00:00,5,0.981992,0.608691,0.0,39.6331
2026-06-17 14:00:00+00:00,5,0.981992,0.608691,0.0,39.6331
2026-06-17 15:00:00+00:00,5,0.981992,0.608691,0.0,39.6331
2026-06-17 16:00:00+00:00,5,0.981992,0.608691,0.0,39.6331
2026-06-17 17:00:00+00:00,5,0.981992,0.608691,0.0,39.6331
2026-06-17 18:00:00+00:00,5,0.981992,0.608691,0.0,39.6331
2026-06-17 19:00:00+00:00,5,0.981992,0.608691,0.0,39.6331
2026-06-17 20:00:00+00:00,5,0.981992,0.608691,0.0,39.6331
2026-06-17 21:00:00+00:00,5,0.981992,0.608691,0.0,39.6331
2026-06-17 22:00:00+00:00,5,0.981992,0.608691,0.0,39.6331
2026-06-17 23:00:00+00:00,5,0.981992,0.608691,0.0,39.6331
2026-06-18 00:00:00+00:00,5,0.981992,0.608691,0.0,39.6331
2026-06-18 01:00:00+00:00,5,0.981992,0.608691,0.0,39.6331
2026-06-18 02:00:00+00:00,5,0.981992,0.608691,0.0,39.6331
2026-06-18 03:00:00+00:00,5,0.981992,0.608691,0.0,39.6331
2026-06-18 04:00:00+00:00,5,0.981992,0.608691,0.0,39.6331
2026-06-18 05:00:00+00:00,5,0.981992,0.608691,0.0,39.6331
2026-06-18 06:00:00+00:00,5,0.982763,0.609169,0.000785,39.5857
2026-06-18 07:00:00+00:00,5,0.982163,0.608797,-0.000611,39.6226
2026-06-18 08:00:00+00:00,5,0.982163,0.608797,0.0,39.6226
2026-06-18 09:00:00+00:00,5,0.982163,0.608797,0.0,39.6226
2026-06-18 10:00:00+00:00,5,0.982163,0.608797,0.0,39.6226
2026-06-18 11:00:00+00:00,5,0.982163,0.608797,0.0,39.6226
2026-06-18 12:00:00+00:00,5,0.982163,0.608797,0.0,39.6226
2026-06-18 13:00:00+00:00,5,0.982163,0.608797,0.0,39.6226
2026-06-18 14:00:00+00:00,5,0.982163,0.608797,0.0,39.6226
2026-06-18 15:00:00+00:00,5,0.982163,0.608797,0.0,39.6226
2026-06-18 16:00:00+00:00,5,0.982163,0.608797,0.0,39.6226
2026-06-18 17:00:00+00:00,5,0.982163,0.608797,0.0,39.6226
2026-06-18 18:00:00+00:00,5,0.982163,0.608797,0.0,39.6226
2026-06-18 19:00:00+00:00,5,0.982163,0.608797,0.0,39.6226
2026-06-18 20:00:00+00:00,5,0.982163,0.608797,0.0,39.6226
2026-06-18 21:00:00+00:00,5,0.982163,0.608797,0.0,39.6226
2026-06-18 22:00:00+00:00,5,0.982163,0.608797,0.0,39.6226
2026-06-18 23:00:00+00:00,5,0.982163,0.608797,0.0,39.6226
2026-06-19 00:00:00+00:00,5,0.982163,0.608797,0.0,39.6226
2026-06-19 01:00:00+00:00,5,0.982163,0.608797,0.0,39.6226
2026-06-19 02:00:00+00:00,5,0.982163,0.608797,0.0,39.6226
2026-06-19 03:00:00+00:00,5,0.982163,0.608797,0.0,39.6226
2026-06-19 04:00:00+00:00,5,0.982163,0.608797,0.0,39.6226
2026-06-19 05:00:00+00:00,5,0.982163,0.608797,0.0,39.6226
2026-06-19 06:00:00+00:00,5,0.982163,0.608797,0.0,39.6226
2026-06-19 07:00:00+00:00,5,0.982163,0.608797,0.0,39.6226
2026-06-19 08:00:00+00:00,5,0.982163,0.608797,0.0,39.6226
2026-06-19 09:00:00+00:00,5,0.982163,0.608797,0.0,39.6226
2026-06-19 10:00:00+00:00,5,0.982163,0.608797,0.0,39.6226
2026-06-19 11:00:00+00:00,5,0.982163,0.608797,0.0,39.6226
2026-06-19 12:00:00+00:00,5,0.982163,0.608797,0.0,39.6226
2026-06-19 13:00:00+00:00,5,0.982163,0.608797,0.0,39.6226
2026-06-19 14:00:00+00:00,5,0.982163,0.608797,0.0,39.6226
2026-06-19 15:00:00+00:00,5,0.982163,0.608797,0.0,39.6226
2026-06-19 16:00:00+00:00,5,0.982163,0.608797,0.0,39.6226
2026-06-19 17:00:00+00:00,5,0.982163,0.608797,0.0,39.6226
2026-06-19 18:00:00+00:00,5,0.982163,0.608797,0.0,39.6226
2026-06-19 19:00:00+00:00,5,0.982163,0.608797,0.0,39.6226
2026-06-19 20:00:00+00:00,5,0.982163,0.608797,0.0,39.6226
2026-06-19 21:00:00+00:00,5,0.982163,0.608797,0.0,39.6226
2026-06-19 22:00:00+00:00,5,0.982163,0.608797,0.0,39.6226
2026-06-19 23:00:00+00:00,5,0.982163,0.608797,0.0,39.6226
2026-06-20 00:00:00+00:00,5,0.982163,0.608797,0.0,39.6226
2026-06-20 01:00:00+00:00,5,0.982163,0.608797,0.0,39.6226
2026-06-20 02:00:00+00:00,5,0.982163,0.608797,0.0,39.6226
2026-06-20 03:00:00+00:00,5,0.982163,0.608797,0.0,39.6226
2026-06-20 04:00:00+00:00,5,0.982163,0.608797,0.0,39.6226
2026-06-20 05:00:00+00:00,5,0.982163,0.608797,0.0,39.6226
2026-06-20 06:00:00+00:00,5,0.982163,0.608797,0.0,39.6226
2026-06-20 07:00:00+00:00,5,0.982163,0.608797,0.0,39.6226
2026-06-20 08:00:00+00:00,5,0.982163,0.608797,0.0,39.6226
2026-06-20 09:00:00+00:00,5,0.982163,0.608797,0.0,39.6226
2026-06-20 10:00:00+00:00,5,0.982163,0.608797,0.0,39.6226
2026-06-20 11:00:00+00:00,5,0.982163,0.608797,0.0,39.6226
2026-06-20 12:00:00+00:00,5,0.982163,0.608797,0.0,39.6226
2026-06-20 13:00:00+00:00,5,0.982163,0.608797,0.0,39.6226
2026-06-20 14:00:00+00:00,5,0.982163,0.608797,0.0,39.6226
2026-06-20 15:00:00+00:00,5,0.982163,0.608797,0.0,39.6226
2026-06-20 16:00:00+00:00,5,0.982163,0.608797,0.0,39.6226
2026-06-20 17:00:00+00:00,5,0.982163,0.608797,0.0,39.6226
2026-06-20 18:00:00+00:00,5,0.982163,0.608797,0.0,39.6226
2026-06-20 19:00:00+00:00,5,0.982163,0.608797,0.0,39.6226
2026-06-20 20:00:00+00:00,5,0.982163,0.608797,0.0,39.6226
2026-06-20 21:00:00+00:00,5,0.982163,0.608797,0.0,39.6226
2026-06-20 22:00:00+00:00,5,0.982163,0.608797,0.0,39.6226
2026-06-20 23:00:00+00:00,5,0.982163,0.608797,0.0,39.6226
2026-06-21 00:00:00+00:00,5,0.982163,0.608797,0.0,39.6226
2026-06-21 01:00:00+00:00,5,0.982163,0.608797,0.0,39.6226
2026-06-21 02:00:00+00:00,5,0.982163,0.608797,0.0,39.6226
2026-06-21 03:00:00+00:00,5,0.982163,0.608797,0.0,39.6226
2026-06-21 04:00:00+00:00,5,0.982163,0.608797,0.0,39.6226
2026-06-21 05:00:00+00:00,5,0.982163,0.608797,0.0,39.6226
2026-06-21 06:00:00+00:00,5,0.982163,0.608797,0.0,39.6226
2026-06-21 07:00:00+00:00,5,0.982163,0.608797,0.0,39.6226
2026-06-21 08:00:00+00:00,5,0.982163,0.608797,0.0,39.6226
2026-06-21 09:00:00+00:00,5,0.982163,0.608797,0.0,39.6226
2026-06-21 10:00:00+00:00,5,0.982163,0.608797,0.0,39.6226
2026-06-21 11:00:00+00:00,5,0.982163,0.608797,0.0,39.6226
2026-06-21 12:00:00+00:00,5,0.982163,0.608797,0.0,39.6226
2026-06-21 13:00:00+00:00,5,0.982163,0.608797,0.0,39.6226
2026-06-21 14:00:00+00:00,5,0.982163,0.608797,0.0,39.6226
2026-06-21 15:00:00+00:00,5,0.982163,0.608797,0.0,39.6226
2026-06-21 16:00:00+00:00,5,0.982163,0.608797,0.0,39.6226
2026-06-21 17:00:00+00:00,5,0.982163,0.608797,0.0,39.6226
2026-06-21 18:00:00+00:00,5,0.982163,0.608797,0.0,39.6226
2026-06-21 19:00:00+00:00,5,0.982163,0.608797,0.0,39.6226
2026-06-21 20:00:00+00:00,5,0.982163,0.608797,0.0,39.6226
2026-06-21 21:00:00+00:00,5,0.982163,0.608797,0.0,39.6226
2026-06-21 22:00:00+00:00,5,0.982163,0.608797,0.0,39.6226
2026-06-21 23:00:00+00:00,5,0.982163,0.608797,0.0,39.6226
2026-06-22 00:00:00+00:00,5,0.982163,0.608797,0.0,39.6226
2026-06-22 01:00:00+00:00,5,0.982163,0.608797,0.0,39.6226
2026-06-22 02:00:00+00:00,5,0.982163,0.608797,0.0,39.6226
2026-06-22 03:00:00+00:00,5,0.982163,0.608797,0.0,39.6226
2026-06-22 04:00:00+00:00,5,0.982163,0.608797,0.0,39.6226
2026-06-22 05:00:00+00:00,5,0.982163,0.608797,0.0,39.6226
2026-06-22 06:00:00+00:00,5,0.982163,0.608797,0.0,39.6226
2026-06-22 07:00:00+00:00,5,0.982163,0.608797,0.0,39.6226
2026-06-22 08:00:00+00:00,5,0.982163,0.608797,0.0,39.6226
2026-06-22 09:00:00+00:00,5,0.982163,0.608797,0.0,39.6226
2026-06-22 10:00:00+00:00,5,0.982163,0.608797,0.0,39.6226
2026-06-22 11:00:00+00:00,5,0.982163,0.608797,0.0,39.6226
2026-06-22 12:00:00+00:00,5,0.982163,0.608797,0.0,39.6226
2026-06-22 13:00:00+00:00,5,0.982163,0.608797,0.0,39.6226
2026-06-22 14:00:00+00:00,5,0.982163,0.608797,0.0,39.6226
2026-06-22 15:00:00+00:00,5,0.982163,0.608797,0.0,39.6226
2026-06-22 16:00:00+00:00,5,0.982163,0.608797,0.0,39.6226
2026-06-22 17:00:00+00:00,5,0.982163,0.608797,0.0,39.6226
2026-06-22 18:00:00+00:00,5,0.982163,0.608797,0.0,39.6226
2026-06-22 19:00:00+00:00,5,0.982163,0.608797,0.0,39.6226
2026-06-22 20:00:00+00:00,5,0.982163,0.608797,0.0,39.6226
2026-06-22 21:00:00+00:00,5,0.982163,0.608797,0.0,39.6226
2026-06-22 22:00:00+00:00,5,0.982163,0.608797,0.0,39.6226
2026-06-22 23:00:00+00:00,5,0.982163,0.608797,0.0,39.6226
2026-06-23 00:00:00+00:00,5,0.982163,0.608797,0.0,39.6226
2026-06-23 01:00:00+00:00,5,0.982163,0.608797,0.0,39.6226
2026-06-23 02:00:00+00:00,5,0.982163,0.608797,0.0,39.6226
2026-06-23 03:00:00+00:00,5,0.982163,0.608797,0.0,39.6226
2026-06-23 04:00:00+00:00,5,0.982163,0.608797,0.0,39.6226
2026-06-23 05:00:00+00:00,5,0.982163,0.608797,0.0,39.6226
2026-06-23 06:00:00+00:00,5,0.982163,0.608797,0.0,39.6226
2026-06-23 07:00:00+00:00,5,0.982163,0.608797,0.0,39.6226
2026-06-23 08:00:00+00:00,5,0.982163,0.608797,0.0,39.6226
2026-06-23 09:00:00+00:00,5,0.982163,0.608797,0.0,39.6226
2026-06-23 10:00:00+00:00,5,0.98065,0.60786,-0.00154,39.7155
2026-06-23 11:00:00+00:00,5,0.983467,0.609606,0.002873,39.5423
2026-06-23 12:00:00+00:00,5,0.982867,0.609234,-0.00061,39.5792
2026-06-23 13:00:00+00:00,5,0.985729,0.611008,0.002911,39.4033
2026-06-23 14:00:00+00:00,5,0.985129,0.610635,-0.000609,39.4403
2026-06-23 15:00:00+00:00,5,0.985129,0.610635,0.0,39.4403
2026-06-23 16:00:00+00:00,5,0.985129,0.610635,0.0,39.4403
2026-06-23 17:00:00+00:00,5,0.985129,0.610635,0.0,39.4403
2026-06-23 18:00:00+00:00,5,0.985129,0.610635,0.0,39.4403
2026-06-23 19:00:00+00:00,5,0.986846,0.6117,0.001743,39.3347
2026-06-23 20:00:00+00:00,5,0.986246,0.611328,-0.000608,39.3716
2026-06-23 21:00:00+00:00,5,0.986246,0.611328,0.0,39.3716
2026-06-23 22:00:00+00:00,5,0.986246,0.611328,0.0,39.3716
2026-06-23 23:00:00+00:00,5,0.986246,0.611328,0.0,39.3716
2026-06-24 00:00:00+00:00,5,0.986246,0.611328,0.0,39.3716
2026-06-24 01:00:00+00:00,5,0.986246,0.611328,0.0,39.3716
2026-06-24 02:00:00+00:00,5,0.986246,0.611328,0.0,39.3716
2026-06-24 03:00:00+00:00,5,0.986246,0.611328,0.0,39.3716
2026-06-24 04:00:00+00:00,5,0.986246,0.611328,0.0,39.3716
2026-06-24 05:00:00+00:00,5,0.986246,0.611328,0.0,39.3716
2026-06-24 06:00:00+00:00,5,0.986246,0.611328,0.0,39.3716
2026-06-24 07:00:00+00:00,5,0.986246,0.611328,0.0,39.3716
2026-06-24 08:00:00+00:00,5,0.986246,0.611328,0.0,39.3716
2026-06-24 09:00:00+00:00,5,0.986246,0.611328,0.0,39.3716
2026-06-24 10:00:00+00:00,5,0.986246,0.611328,0.0,39.3716
2026-06-24 11:00:00+00:00,5,0.986246,0.611328,0.0,39.3716
2026-06-24 12:00:00+00:00,5,0.986246,0.611328,0.0,39.3716
2026-06-24 13:00:00+00:00,5,0.986246,0.611328,0.0,39.3716
2026-06-24 14:00:00+00:00,5,0.986246,0.611328,0.0,39.3716
2026-06-24 15:00:00+00:00,5,0.986246,0.611328,0.0,39.3716
2026-06-24 16:00:00+00:00,5,0.979103,0.6069,-0.007243,39.8107
2026-06-24 17:00:00+00:00,5,0.971806,0.602377,-0.007452,40.2593
2026-06-24 18:00:00+00:00,5,0.971206,0.602006,-0.000617,40.2961
2026-06-24 19:00:00+00:00,5,0.976441,0.605251,0.00539,39.9743
2026-06-24 20:00:00+00:00,5,0.975841,0.604879,-0.000614,40.0111
2026-06-24 21:00:00+00:00,5,0.975841,0.604879,0.0,40.0111
2026-06-24 22:00:00+00:00,5,0.971475,0.602172,-0.004475,40.2796
2026-06-24 23:00:00+00:00,5,0.970875,0.6018,-0.000618,40.3165
2026-06-25 00:00:00+00:00,5,0.970875,0.6018,0.0,40.3165
2026-06-25 01:00:00+00:00,5,0.970875,0.6018,0.0,40.3165
2026-06-25 02:00:00+00:00,5,0.970875,0.6018,0.0,40.3165
2026-06-25 03:00:00+00:00,5,0.970875,0.6018,0.0,40.3165
2026-06-25 04:00:00+00:00,5,0.970875,0.6018,0.0,40.3165
2026-06-25 05:00:00+00:00,5,0.970875,0.6018,0.0,40.3165
2026-06-25 06:00:00+00:00,5,0.970875,0.6018,0.0,40.3165
2026-06-25 07:00:00+00:00,5,0.970875,0.6018,0.0,40.3165
2026-06-25 08:00:00+00:00,5,0.970875,0.6018,0.0,40.3165
2026-06-25 09:00:00+00:00,5,0.970875,0.6018,0.0,40.3165
2026-06-25 10:00:00+00:00,5,0.970875,0.6018,0.0,40.3165
2026-06-25 11:00:00+00:00,5,0.970875,0.6018,0.0,40.3165
2026-06-25 12:00:00+00:00,5,0.970875,0.6018,0.0,40.3165
2026-06-25 13:00:00+00:00,5,0.970875,0.6018,0.0,40.3165
2026-06-25 14:00:00+00:00,5,0.989939,0.613617,0.019636,39.1446
2026-06-25 15:00:00+00:00,5,0.991379,0.614509,0.001454,39.0561
2026-06-25 16:00:00+00:00,5,0.987295,0.611977,-0.00412,39.3072
2026-06-25 17:00:00+00:00,5,0.993343,0.615726,0.006126,38.9354
2026-06-25 18:00:00+00:00,5,0.990625,0.614042,-0.002736,39.1024
2026-06-25 19:00:00+00:00,5,0.990025,0.61367,-0.000606,39.1393
2026-06-25 20:00:00+00:00,5,0.990025,0.61367,0.0,39.1393
2026-06-25 21:00:00+00:00,5,0.990025,0.61367,0.0,39.1393
2026-06-25 22:00:00+00:00,5,0.990025,0.61367,0.0,39.1393
2026-06-25 23:00:00+00:00,5,0.990025,0.61367,0.0,39.1393
2026-06-26 00:00:00+00:00,5,0.990025,0.61367,0.0,39.1393
2026-06-26 01:00:00+00:00,5,0.990025,0.61367,0.0,39.1393
2026-06-26 02:00:00+00:00,5,0.990025,0.61367,0.0,39.1393
2026-06-26 03:00:00+00:00,5,0.990025,0.61367,0.0,39.1393
2026-06-26 04:00:00+00:00,5,0.990025,0.61367,0.0,39.1393
2026-06-26 05:00:00+00:00,5,0.990025,0.61367,0.0,39.1393
2026-06-26 06:00:00+00:00,5,0.990025,0.61367,0.0,39.1393
2026-06-26 07:00:00+00:00,5,0.992837,0.615412,0.00284,38.9665
2026-06-26 08:00:00+00:00,5,0.98814,0.612501,-0.00473,39.2552
2026-06-26 09:00:00+00:00,5,0.98754,0.61213,-0.000607,39.292
2026-06-26 10:00:00+00:00,5,0.98754,0.61213,0.0,39.292
2026-06-26 11:00:00+00:00,5,0.988604,0.612789,0.001077,39.2267
2026-06-26 12:00:00+00:00,5,0.984806,0.610435,-0.003841,39.4601
2026-06-26 13:00:00+00:00,5,1.001286,0.62065,0.016734,38.4471
2026-06-26 14:00:00+00:00,5,1.000686,0.620278,-0.000599,38.484
2026-06-26 15:00:00+00:00,5,1.012465,0.62758,0.011771,37.7598
2026-06-26 16:00:00+00:00,5,1.011865,0.627208,-0.000593,37.7967
2026-06-26 17:00:00+00:00,5,1.010965,0.62665,-0.000889,37.852
2026-06-26 18:00:00+00:00,5,1.010365,0.626278,-0.000593,37.8889
2026-06-26 19:00:00+00:00,5,1.010365,0.626278,0.0,37.8889
2026-06-26 20:00:00+00:00,5,1.010365,0.626278,0.0,37.8889
2026-06-26 21:00:00+00:00,5,1.010365,0.626278,0.0,37.8889
2026-06-26 22:00:00+00:00,5,1.010365,0.626278,0.0,37.8889
2026-06-26 23:00:00+00:00,5,1.010365,0.626278,0.0,37.8889
2026-06-27 00:00:00+00:00,5,1.010365,0.626278,0.0,37.8889
2026-06-27 01:00:00+00:00,5,1.010365,0.626278,0.0,37.8889
2026-06-27 02:00:00+00:00,5,1.010365,0.626278,0.0,37.8889
2026-06-27 03:00:00+00:00,5,1.010365,0.626278,0.0,37.8889
2026-06-27 04:00:00+00:00,5,1.010365,0.626278,0.0,37.8889
2026-06-27 05:00:00+00:00,5,1.010365,0.626278,0.0,37.8889
2026-06-27 06:00:00+00:00,5,1.010365,0.626278,0.0,37.8889
2026-06-27 07:00:00+00:00,5,1.012733,0.627746,0.002344,37.7433
2026-06-27 08:00:00+00:00,5,1.012133,0.627375,-0.000592,37.7801
2026-06-27 09:00:00+00:00,5,1.012133,0.627375,0.0,37.7801
2026-06-27 10:00:00+00:00,5,1.012133,0.627375,0.0,37.7801
2026-06-27 11:00:00+00:00,5,1.012133,0.627375,0.0,37.7801
2026-06-27 12:00:00+00:00,5,1.012133,0.627375,0.0,37.7801
2026-06-27 13:00:00+00:00,5,1.012133,0.627375,0.0,37.7801
2026-06-27 14:00:00+00:00,5,1.012133,0.627375,0.0,37.7801
2026-06-27 15:00:00+00:00,5,1.012133,0.627375,0.0,37.7801
2026-06-27 16:00:00+00:00,5,1.012133,0.627375,0.0,37.7801
2026-06-27 17:00:00+00:00,5,1.012133,0.627375,0.0,37.7801
2026-06-27 18:00:00+00:00,5,1.012133,0.627375,0.0,37.7801
2026-06-27 19:00:00+00:00,5,1.012133,0.627375,0.0,37.7801
2026-06-27 20:00:00+00:00,5,1.012133,0.627375,0.0,37.7801
2026-06-27 21:00:00+00:00,5,1.012133,0.627375,0.0,37.7801
2026-06-27 22:00:00+00:00,5,1.012133,0.627375,0.0,37.7801
2026-06-27 23:00:00+00:00,5,1.012133,0.627375,0.0,37.7801
2026-06-28 00:00:00+00:00,5,1.012133,0.627375,0.0,37.7801
2026-06-28 01:00:00+00:00,5,1.012133,0.627375,0.0,37.7801
2026-06-28 02:00:00+00:00,5,1.012133,0.627375,0.0,37.7801
2026-06-28 03:00:00+00:00,5,1.012133,0.627375,0.0,37.7801
2026-06-28 04:00:00+00:00,5,1.012133,0.627375,0.0,37.7801
2026-06-28 05:00:00+00:00,5,1.012133,0.627375,0.0,37.7801
2026-06-28 06:00:00+00:00,5,1.012133,0.627375,0.0,37.7801
2026-06-28 07:00:00+00:00,5,1.012133,0.627375,0.0,37.7801
2026-06-28 08:00:00+00:00,5,1.012133,0.627375,0.0,37.7801
2026-06-28 09:00:00+00:00,5,1.012133,0.627375,0.0,37.7801
2026-06-28 10:00:00+00:00,5,1.012133,0.627375,0.0,37.7801
2026-06-28 11:00:00+00:00,5,1.012133,0.627375,0.0,37.7801
2026-06-28 12:00:00+00:00,5,1.012133,0.627375,0.0,37.7801
2026-06-28 13:00:00+00:00,5,1.012133,0.627375,0.0,37.7801
2026-06-28 14:00:00+00:00,5,1.012133,0.627375,0.0,37.7801
2026-06-28 15:00:00+00:00,5,1.012133,0.627375,0.0,37.7801
2026-06-28 16:00:00+00:00,5,1.012133,0.627375,0.0,37.7801
2026-06-28 17:00:00+00:00,5,1.012133,0.627375,0.0,37.7801
2026-06-28 18:00:00+00:00,5,1.012133,0.627375,0.0,37.7801
2026-06-28 19:00:00+00:00,5,1.012133,0.627375,0.0,37.7801
2026-06-28 20:00:00+00:00,5,1.012133,0.627375,0.0,37.7801
2026-06-28 21:00:00+00:00,5,1.012133,0.627375,0.0,37.7801
2026-06-28 22:00:00+00:00,5,1.012133,0.627375,0.0,37.7801
2026-06-28 23:00:00+00:00,5,1.012133,0.627375,0.0,37.7801
2026-06-29 00:00:00+00:00,5,1.012133,0.627375,0.0,37.7801
2026-06-29 01:00:00+00:00,5,1.012133,0.627375,0.0,37.7801
2026-06-29 02:00:00+00:00,5,1.012133,0.627375,0.0,37.7801
2026-06-29 03:00:00+00:00,5,1.012133,0.627375,0.0,37.7801
2026-06-29 04:00:00+00:00,5,1.012133,0.627375,0.0,37.7801
2026-06-29 05:00:00+00:00,5,1.012133,0.627375,0.0,37.7801
2026-06-29 06:00:00+00:00,5,1.012133,0.627375,0.0,37.7801
2026-06-29 07:00:00+00:00,5,1.012133,0.627375,0.0,37.7801
2026-06-29 08:00:00+00:00,5,1.012133,0.627375,0.0,37.7801
2026-06-29 09:00:00+00:00,5,1.012133,0.627375,0.0,37.7801
2026-06-29 10:00:00+00:00,5,1.012133,0.627375,0.0,37.7801
2026-06-29 11:00:00+00:00,5,1.012133,0.627375,0.0,37.7801
2026-06-29 12:00:00+00:00,5,1.012133,0.627375,0.0,37.7801
2026-06-29 13:00:00+00:00,5,1.012133,0.627375,0.0,37.7801
2026-06-29 14:00:00+00:00,5,1.012133,0.627375,0.0,37.7801
2026-06-29 15:00:00+00:00,5,1.012133,0.627375,0.0,37.7801
2026-06-29 16:00:00+00:00,5,1.012133,0.627375,0.0,37.7801
2026-06-29 17:00:00+00:00,5,1.012133,0.627375,0.0,37.7801
2026-06-29 18:00:00+00:00,5,1.012133,0.627375,0.0,37.7801
2026-06-29 19:00:00+00:00,5,1.012133,0.627375,0.0,37.7801
2026-06-29 20:00:00+00:00,5,1.012133,0.627375,0.0,37.7801
2026-06-29 21:00:00+00:00,5,1.012133,0.627375,0.0,37.7801
2026-06-29 22:00:00+00:00,5,1.012133,0.627375,0.0,37.7801
2026-06-29 23:00:00+00:00,5,1.012133,0.627375,0.0,37.7801
2026-06-30 00:00:00+00:00,5,1.012133,0.627375,0.0,37.7801
2026-06-30 01:00:00+00:00,5,1.012133,0.627375,0.0,37.7801
2026-06-30 02:00:00+00:00,5,1.012133,0.627375,0.0,37.7801
2026-06-30 03:00:00+00:00,5,1.012133,0.627375,0.0,37.7801
2026-06-30 04:00:00+00:00,5,1.012133,0.627375,0.0,37.7801
2026-06-30 05:00:00+00:00,5,1.012133,0.627375,0.0,37.7801
2026-06-30 06:00:00+00:00,5,1.012133,0.627375,0.0,37.7801
2026-06-30 07:00:00+00:00,5,1.012133,0.627375,0.0,37.7801
2026-06-30 08:00:00+00:00,5,1.012133,0.627375,0.0,37.7801
2026-06-30 09:00:00+00:00,5,1.012133,0.627375,0.0,37.7801
2026-06-30 10:00:00+00:00,5,1.012133,0.627375,0.0,37.7801
2026-06-30 11:00:00+00:00,5,1.012133,0.627375,0.0,37.7801
2026-06-30 12:00:00+00:00,5,1.012133,0.627375,0.0,37.7801
2026-06-30 13:00:00+00:00,5,1.012133,0.627375,0.0,37.7801
2026-06-30 14:00:00+00:00,5,1.012133,0.627375,0.0,37.7801
2026-06-30 15:00:00+00:00,5,1.012133,0.627375,0.0,37.7801
2026-06-30 16:00:00+00:00,5,1.012133,0.627375,0.0,37.7801
2026-06-30 17:00:00+00:00,5,1.012133,0.627375,0.0,37.7801
2026-06-30 18:00:00+00:00,5,1.016085,0.629825,0.003905,37.5371
2026-06-30 19:00:00+00:00,5,1.015485,0.629452,-0.000591,37.5741
2026-06-30 20:00:00+00:00,5,1.015485,0.629452,0.0,37.5741
2026-06-30 21:00:00+00:00,5,1.015485,0.629452,0.0,37.5741
2026-06-30 22:00:00+00:00,5,1.015485,0.629452,0.0,37.5741
2026-06-30 23:00:00+00:00,5,1.015485,0.629452,0.0,37.5741
2026-07-01 00:00:00+00:00,5,1.015485,0.629452,0.0,37.5741
2026-07-01 01:00:00+00:00,5,1.015485,0.629452,0.0,37.5741
2026-07-01 02:00:00+00:00,5,1.015485,0.629452,0.0,37.5741
2026-07-01 03:00:00+00:00,5,1.015485,0.629452,0.0,37.5741
2026-07-01 04:00:00+00:00,5,1.015485,0.629452,0.0,37.5741
2026-07-01 05:00:00+00:00,5,1.015485,0.629452,0.0,37.5741
2026-07-01 06:00:00+00:00,5,1.015485,0.629452,0.0,37.5741
2026-07-01 07:00:00+00:00,5,1.015485,0.629452,0.0,37.5741
2026-07-01 08:00:00+00:00,5,1.015485,0.629452,0.0,37.5741
2026-07-01 09:00:00+00:00,5,1.015485,0.629452,0.0,37.5741
2026-07-01 10:00:00+00:00,5,1.015485,0.629452,0.0,37.5741
2026-07-01 11:00:00+00:00,5,1.015485,0.629452,0.0,37.5741
2026-07-01 12:00:00+00:00,5,1.015485,0.629452,0.0,37.5741
2026-07-01 13:00:00+00:00,5,1.015485,0.629452,0.0,37.5741
2026-07-01 14:00:00+00:00,5,1.015485,0.629452,0.0,37.5741
2026-07-01 15:00:00+00:00,5,1.015485,0.629452,0.0,37.5741
2026-07-01 16:00:00+00:00,5,1.015485,0.629452,0.0,37.5741
2026-07-01 17:00:00+00:00,5,1.015485,0.629452,0.0,37.5741
2026-07-01 18:00:00+00:00,5,1.015485,0.629452,0.0,37.5741
2026-07-01 19:00:00+00:00,5,1.015485,0.629452,0.0,37.5741
2026-07-01 20:00:00+00:00,5,1.015485,0.629452,0.0,37.5741
2026-07-01 21:00:00+00:00,5,1.015485,0.629452,0.0,37.5741
2026-07-01 22:00:00+00:00,5,1.015485,0.629452,0.0,37.5741
2026-07-01 23:00:00+00:00,5,1.015485,0.629452,0.0,37.5741
2026-07-02 00:00:00+00:00,5,1.015485,0.629452,0.0,37.5741
2026-07-02 01:00:00+00:00,5,1.015485,0.629452,0.0,37.5741
2026-07-02 02:00:00+00:00,5,1.015485,0.629452,0.0,37.5741
2026-07-02 03:00:00+00:00,5,1.015485,0.629452,0.0,37.5741
2026-07-02 04:00:00+00:00,5,1.015485,0.629452,0.0,37.5741
2026-07-02 05:00:00+00:00,5,1.015485,0.629452,0.0,37.5741
2026-07-02 06:00:00+00:00,5,1.015485,0.629452,0.0,37.5741
2026-07-02 07:00:00+00:00,5,1.015485,0.629452,0.0,37.5741
2026-07-02 08:00:00+00:00,5,1.015485,0.629452,0.0,37.5741
2026-07-02 09:00:00+00:00,5,1.015485,0.629452,0.0,37.5741
2026-07-02 10:00:00+00:00,5,1.015485,0.629452,0.0,37.5741
2026-07-02 11:00:00+00:00,5,1.015485,0.629452,0.0,37.5741
2026-07-02 12:00:00+00:00,5,1.015485,0.629452,0.0,37.5741
2026-07-02 13:00:00+00:00,5,1.015485,0.629452,0.0,37.5741
2026-07-02 14:00:00+00:00,5,1.015485,0.629452,0.0,37.5741
2026-07-02 15:00:00+00:00,5,1.015485,0.629452,0.0,37.5741
2026-07-02 16:00:00+00:00,5,1.015485,0.629452,0.0,37.5741
2026-07-02 17:00:00+00:00,5,1.015485,0.629452,0.0,37.5741
2026-07-02 18:00:00+00:00,5,1.015485,0.629452,0.0,37.5741
2026-07-02 19:00:00+00:00,5,1.015485,0.629452,0.0,37.5741
2026-07-02 20:00:00+00:00,5,1.015485,0.629452,0.0,37.5741
2026-07-02 21:00:00+00:00,5,1.015485,0.629452,0.0,37.5741
2026-07-02 22:00:00+00:00,5,1.015485,0.629452,0.0,37.5741
2026-07-02 23:00:00+00:00,5,1.015485,0.629452,0.0,37.5741
2026-07-03 00:00:00+00:00,5,1.015485,0.629452,0.0,37.5741
2026-07-03 01:00:00+00:00,5,1.015485,0.629452,0.0,37.5741
2026-07-03 02:00:00+00:00,5,1.015485,0.629452,0.0,37.5741
2026-07-03 03:00:00+00:00,5,1.015485,0.629452,0.0,37.5741
2026-07-03 04:00:00+00:00,5,1.015485,0.629452,0.0,37.5741
2026-07-03 05:00:00+00:00,5,1.015485,0.629452,0.0,37.5741
2026-07-03 06:00:00+00:00,5,1.015485,0.629452,0.0,37.5741
2026-07-03 07:00:00+00:00,5,1.015485,0.629452,0.0,37.5741
2026-07-03 08:00:00+00:00,5,1.015485,0.629452,0.0,37.5741
2026-07-03 09:00:00+00:00,5,1.015485,0.629452,0.0,37.5741
2026-07-03 10:00:00+00:00,5,1.015485,0.629452,0.0,37.5741
2026-07-03 11:00:00+00:00,5,1.015485,0.629452,0.0,37.5741
2026-07-03 12:00:00+00:00,5,1.015485,0.629452,0.0,37.5741
2026-07-03 13:00:00+00:00,5,1.015485,0.629452,0.0,37.5741
2026-07-03 14:00:00+00:00,5,1.015485,0.629452,0.0,37.5741
2026-07-03 15:00:00+00:00,5,1.015485,0.629452,0.0,37.5741
2026-07-03 16:00:00+00:00,5,1.015485,0.629452,0.0,37.5741
2026-07-03 17:00:00+00:00,5,1.015485,0.629452,0.0,37.5741
2026-07-03 18:00:00+00:00,5,1.015485,0.629452,0.0,37.5741
2026-07-03 19:00:00+00:00,5,1.015485,0.629452,0.0,37.5741
2026-07-03 20:00:00+00:00,5,1.015485,0.629452,0.0,37.5741
2026-07-03 21:00:00+00:00,5,1.015485,0.629452,0.0,37.5741
2026-07-03 22:00:00+00:00,5,1.015485,0.629452,0.0,37.5741
2026-07-03 23:00:00+00:00,5,1.015485,0.629452,0.0,37.5741
2026-07-04 00:00:00+00:00,5,1.015485,0.629452,0.0,37.5741
2026-07-04 01:00:00+00:00,5,1.015485,0.629452,0.0,37.5741
2026-07-04 02:00:00+00:00,5,1.015485,0.629452,0.0,37.5741
2026-07-04 03:00:00+00:00,5,1.015485,0.629452,0.0,37.5741
2026-07-04 04:00:00+00:00,5,1.015485,0.629452,0.0,37.5741
2026-07-04 05:00:00+00:00,5,1.015485,0.629452,0.0,37.5741
2026-07-04 06:00:00+00:00,5,1.015485,0.629452,0.0,37.5741
2026-07-04 07:00:00+00:00,5,1.015485,0.629452,0.0,37.5741
2026-07-04 08:00:00+00:00,5,1.015485,0.629452,0.0,37.5741
2026-07-04 09:00:00+00:00,5,1.015485,0.629452,0.0,37.5741
2026-07-04 10:00:00+00:00,5,1.015485,0.629452,0.0,37.5741
2026-07-04 11:00:00+00:00,5,1.015485,0.629452,0.0,37.5741
2026-07-04 12:00:00+00:00,5,1.015485,0.629452,0.0,37.5741
2026-07-04 13:00:00+00:00,5,1.015485,0.629452,0.0,37.5741
2026-07-04 14:00:00+00:00,5,1.015485,0.629452,0.0,37.5741
2026-07-04 15:00:00+00:00,5,1.015485,0.629452,0.0,37.5741
2026-07-04 16:00:00+00:00,5,1.015485,0.629452,0.0,37.5741
2026-07-04 17:00:00+00:00,5,1.015485,0.629452,0.0,37.5741
2026-07-04 18:00:00+00:00,5,1.015485,0.629452,0.0,37.5741
2026-07-04 19:00:00+00:00,5,1.015485,0.629452,0.0,37.5741
2026-07-04 20:00:00+00:00,5,1.015485,0.629452,0.0,37.5741
2026-07-04 21:00:00+00:00,5,1.015485,0.629452,0.0,37.5741
2026-07-04 22:00:00+00:00,5,1.015485,0.629452,0.0,37.5741
2026-07-04 23:00:00+00:00,5,1.015485,0.629452,0.0,37.5741
2026-07-05 00:00:00+00:00,5,1.015485,0.629452,0.0,37.5741
2026-07-05 01:00:00+00:00,5,1.015485,0.629452,0.0,37.5741
2026-07-05 02:00:00+00:00,5,1.015485,0.629452,0.0,37.5741
2026-07-05 03:00:00+00:00,5,1.015485,0.629452,0.0,37.5741
2026-07-05 04:00:00+00:00,5,1.015485,0.629452,0.0,37.5741
2026-07-05 05:00:00+00:00,5,1.015485,0.629452,0.0,37.5741
2026-07-05 06:00:00+00:00,5,1.015485,0.629452,0.0,37.5741
2026-07-05 07:00:00+00:00,5,1.015485,0.629452,0.0,37.5741
2026-07-05 08:00:00+00:00,5,1.015485,0.629452,0.0,37.5741
2026-07-05 09:00:00+00:00,5,1.015485,0.629452,0.0,37.5741
2026-07-05 10:00:00+00:00,5,1.015485,0.629452,0.0,37.5741
2026-07-05 11:00:00+00:00,5,1.015485,0.629452,0.0,37.5741
2026-07-05 12:00:00+00:00,5,1.015485,0.629452,0.0,37.5741
2026-07-05 13:00:00+00:00,5,1.015485,0.629452,0.0,37.5741
2026-07-05 14:00:00+00:00,5,1.015485,0.629452,0.0,37.5741
2026-07-05 15:00:00+00:00,5,1.015485,0.629452,0.0,37.5741
2026-07-05 16:00:00+00:00,5,1.015485,0.629452,0.0,37.5741
2026-07-05 17:00:00+00:00,5,1.015485,0.629452,0.0,37.5741
2026-07-05 18:00:00+00:00,5,1.015485,0.629452,0.0,37.5741
2026-07-05 19:00:00+00:00,5,1.015485,0.629452,0.0,37.5741
2026-07-05 20:00:00+00:00,5,1.015485,0.629452,0.0,37.5741
2026-07-05 21:00:00+00:00,5,1.015485,0.629452,0.0,37.5741
2026-07-05 22:00:00+00:00,5,1.015485,0.629452,0.0,37.5741
2026-07-05 23:00:00+00:00,5,1.015485,0.629452,0.0,37.5741
2026-07-06 00:00:00+00:00,5,1.015485,0.629452,0.0,37.5741
2026-07-06 01:00:00+00:00,5,1.015485,0.629452,0.0,37.5741
2026-07-06 02:00:00+00:00,5,1.015485,0.629452,0.0,37.5741
2026-07-06 03:00:00+00:00,5,1.015485,0.629452,0.0,37.5741
2026-07-06 04:00:00+00:00,5,1.015485,0.629452,0.0,37.5741
2026-07-06 05:00:00+00:00,5,1.015485,0.629452,0.0,37.5741
2026-07-06 06:00:00+00:00,5,1.015485,0.629452,0.0,37.5741
2026-07-06 07:00:00+00:00,5,1.015485,0.629452,0.0,37.5741
2026-07-06 08:00:00+00:00,5,1.015485,0.629452,0.0,37.5741
2026-07-06 09:00:00+00:00,5,1.015485,0.629452,0.0,37.5741
2026-07-06 10:00:00+00:00,5,1.015485,0.629452,0.0,37.5741
2026-07-06 11:00:00+00:00,5,1.015485,0.629452,0.0,37.5741
2026-07-06 12:00:00+00:00,5,1.015485,0.629452,0.0,37.5741
2026-07-06 13:00:00+00:00,5,1.015485,0.629452,0.0,37.5741
2026-07-06 14:00:00+00:00,5,1.015485,0.629452,0.0,37.5741
2026-07-06 15:00:00+00:00,5,1.015485,0.629452,0.0,37.5741
2026-07-06 16:00:00+00:00,5,1.015485,0.629452,0.0,37.5741
2026-07-06 17:00:00+00:00,5,1.015485,0.629452,0.0,37.5741
2026-07-06 18:00:00+00:00,5,1.015485,0.629452,0.0,37.5741
2026-07-06 19:00:00+00:00,5,1.015485,0.629452,0.0,37.5741
2026-07-06 20:00:00+00:00,5,1.015485,0.629452,0.0,37.5741
2026-07-06 21:00:00+00:00,5,1.015485,0.629452,0.0,37.5741
2026-07-06 22:00:00+00:00,5,1.015485,0.629452,0.0,37.5741
2026-07-06 23:00:00+00:00,5,1.015485,0.629452,0.0,37.5741
2026-07-07 00:00:00+00:00,5,1.015485,0.629452,0.0,37.5741
2026-07-07 01:00:00+00:00,5,1.015485,0.629452,0.0,37.5741
2026-07-07 02:00:00+00:00,5,1.015485,0.629452,0.0,37.5741
2026-07-07 03:00:00+00:00,5,1.015485,0.629452,0.0,37.5741
2026-07-07 04:00:00+00:00,5,1.015485,0.629452,0.0,37.5741
2026-07-07 05:00:00+00:00,5,1.015485,0.629452,0.0,37.5741
2026-07-07 06:00:00+00:00,5,1.015485,0.629452,0.0,37.5741
2026-07-07 07:00:00+00:00,5,1.015485,0.629452,0.0,37.5741
2026-07-07 08:00:00+00:00,5,1.015485,0.629452,0.0,37.5741
2026-07-07 09:00:00+00:00,5,1.015485,0.629452,0.0,37.5741
2026-07-07 10:00:00+00:00,5,1.015485,0.629452,0.0,37.5741
2026-07-07 11:00:00+00:00,5,1.015485,0.629452,0.0,37.5741
2026-07-07 12:00:00+00:00,5,1.015485,0.629452,0.0,37.5741
2026-07-07 13:00:00+00:00,5,1.015485,0.629452,0.0,37.5741
2026-07-07 14:00:00+00:00,5,1.015485,0.629452,0.0,37.5741
2026-07-07 15:00:00+00:00,5,1.015485,0.629452,0.0,37.5741
2026-07-07 16:00:00+00:00,5,1.015485,0.629452,0.0,37.5741
2026-07-07 17:00:00+00:00,5,1.015485,0.629452,0.0,37.5741
2026-07-07 18:00:00+00:00,5,1.015485,0.629452,0.0,37.5741
2026-07-07 19:00:00+00:00,5,1.015485,0.629452,0.0,37.5741
2026-07-07 20:00:00+00:00,5,1.015485,0.629452,0.0,37.5741
2026-07-07 21:00:00+00:00,5,1.015485,0.629452,0.0,37.5741
2026-07-07 22:00:00+00:00,5,1.015485,0.629452,0.0,37.5741
2026-07-07 23:00:00+00:00,5,1.015485,0.629452,0.0,37.5741
2026-07-08 00:00:00+00:00,5,1.015485,0.629452,0.0,37.5741
2026-07-08 01:00:00+00:00,5,1.015485,0.629452,0.0,37.5741
2026-07-08 02:00:00+00:00,5,1.015485,0.629452,0.0,37.5741
2026-07-08 03:00:00+00:00,5,1.015485,0.629452,0.0,37.5741
2026-07-08 04:00:00+00:00,5,1.015485,0.629452,0.0,37.5741
2026-07-08 05:00:00+00:00,5,1.015485,0.629452,0.0,37.5741
2026-07-08 06:00:00+00:00,5,1.015485,0.629452,0.0,37.5741
2026-07-08 07:00:00+00:00,5,1.015485,0.629452,0.0,37.5741
2026-07-08 08:00:00+00:00,5,1.015485,0.629452,0.0,37.5741
2026-07-08 09:00:00+00:00,5,1.015485,0.629452,0.0,37.5741
2026-07-08 10:00:00+00:00,5,1.015485,0.629452,0.0,37.5741
2026-07-08 11:00:00+00:00,5,1.015485,0.629452,0.0,37.5741
2026-07-08 12:00:00+00:00,5,1.015485,0.629452,0.0,37.5741
2026-07-08 13:00:00+00:00,5,1.015485,0.629452,0.0,37.5741
2026-07-08 14:00:00+00:00,5,1.015485,0.629452,0.0,37.5741
2026-07-08 15:00:00+00:00,5,1.015485,0.629452,0.0,37.5741
2026-07-08 16:00:00+00:00,5,1.015485,0.629452,0.0,37.5741
2026-07-08 17:00:00+00:00,5,1.015485,0.629452,0.0,37.5741
2026-07-08 18:00:00+00:00,5,1.015485,0.629452,0.0,37.5741
2026-07-08 19:00:00+00:00,5,1.015485,0.629452,0.0,37.5741
2026-07-08 20:00:00+00:00,5,1.015485,0.629452,0.0,37.5741
2026-07-08 21:00:00+00:00,5,1.015485,0.629452,0.0,37.5741
2026-07-08 22:00:00+00:00,5,1.015485,0.629452,0.0,37.5741
2026-07-08 23:00:00+00:00,5,1.015485,0.629452,0.0,37.5741
2026-07-09 00:00:00+00:00,5,1.015485,0.629452,0.0,37.5741
2026-07-09 01:00:00+00:00,5,1.015485,0.629452,0.0,37.5741
2026-07-09 02:00:00+00:00,5,1.015485,0.629452,0.0,37.5741
2026-07-09 03:00:00+00:00,5,1.015485,0.629452,0.0,37.5741
2026-07-09 04:00:00+00:00,5,1.015485,0.629452,0.0,37.5741
2026-07-09 05:00:00+00:00,5,1.015485,0.629452,0.0,37.5741
2026-07-09 06:00:00+00:00,5,1.015485,0.629452,0.0,37.5741
2026-07-09 07:00:00+00:00,5,1.015485,0.629452,0.0,37.5741
2026-07-09 08:00:00+00:00,5,1.015485,0.629452,0.0,37.5741
2026-07-09 09:00:00+00:00,5,1.015485,0.629452,0.0,37.5741
2026-07-09 10:00:00+00:00,5,1.015485,0.629452,0.0,37.5741
2026-07-09 11:00:00+00:00,5,1.015485,0.629452,0.0,37.5741
2026-07-09 12:00:00+00:00,5,1.015485,0.629452,0.0,37.5741
2026-07-09 13:00:00+00:00,5,1.015485,0.629452,0.0,37.5741
2026-07-09 14:00:00+00:00,5,1.015485,0.629452,0.0,37.5741
2026-07-09 15:00:00+00:00,5,1.015485,0.629452,0.0,37.5741
2026-07-09 16:00:00+00:00,5,1.015485,0.629452,0.0,37.5741
2026-07-09 17:00:00+00:00,5,1.015485,0.629452,0.0,37.5741
2026-07-09 18:00:00+00:00,5,1.015485,0.629452,0.0,37.5741
2026-07-09 19:00:00+00:00,5,1.015485,0.629452,0.0,37.5741
2026-07-09 20:00:00+00:00,5,1.015485,0.629452,0.0,37.5741
2026-07-09 21:00:00+00:00,5,1.015485,0.629452,0.0,37.5741
2026-07-09 22:00:00+00:00,5,1.015485,0.629452,0.0,37.5741
2026-07-09 23:00:00+00:00,5,1.015485,0.629452,0.0,37.5741
2026-07-10 00:00:00+00:00,5,1.015485,0.629452,0.0,37.5741
2026-07-10 01:00:00+00:00,5,1.015485,0.629452,0.0,37.5741
2026-07-10 02:00:00+00:00,5,1.015485,0.629452,0.0,37.5741
2026-07-10 03:00:00+00:00,5,1.015485,0.629452,0.0,37.5741
2026-07-10 04:00:00+00:00,5,1.015485,0.629452,0.0,37.5741
2026-07-10 05:00:00+00:00,5,1.015485,0.629452,0.0,37.5741
2026-07-10 06:00:00+00:00,5,1.015485,0.629452,0.0,37.5741
2026-07-10 07:00:00+00:00,5,1.015485,0.629452,0.0,37.5741
2026-07-10 08:00:00+00:00,5,1.015485,0.629452,0.0,37.5741
2026-07-10 09:00:00+00:00,5,1.015485,0.629452,0.0,37.5741
2026-07-10 10:00:00+00:00,5,1.015485,0.629452,0.0,37.5741
2026-07-10 11:00:00+00:00,5,1.015485,0.629452,0.0,37.5741
2026-07-10 12:00:00+00:00,5,1.015485,0.629452,0.0,37.5741
2026-07-10 13:00:00+00:00,5,1.015485,0.629452,0.0,37.5741
2026-07-10 14:00:00+00:00,5,1.015485,0.629452,0.0,37.5741
2026-07-10 15:00:00+00:00,5,1.015485,0.629452,0.0,37.5741
2026-07-10 16:00:00+00:00,5,1.015485,0.629452,0.0,37.5741
2026-07-10 17:00:00+00:00,5,1.015485,0.629452,0.0,37.5741
2026-07-10 18:00:00+00:00,5,1.015485,0.629452,0.0,37.5741
2026-07-10 19:00:00+00:00,5,1.015485,0.629452,0.0,37.5741
2026-07-10 20:00:00+00:00,5,1.015485,0.629452,0.0,37.5741
2026-07-10 21:00:00+00:00,5,1.015485,0.629452,0.0,37.5741
2026-07-10 22:00:00+00:00,5,1.015485,0.629452,0.0,37.5741
2026-07-10 23:00:00+00:00,5,1.015485,0.629452,0.0,37.5741
2026-07-11 00:00:00+00:00,5,1.015485,0.629452,0.0,37.5741
2026-07-11 01:00:00+00:00,5,1.015485,0.629452,0.0,37.5741
2026-07-11 02:00:00+00:00,5,1.015485,0.629452,0.0,37.5741
2026-07-11 03:00:00+00:00,5,1.015485,0.629452,0.0,37.5741
2026-07-11 04:00:00+00:00,5,1.015485,0.629452,0.0,37.5741
2026-07-11 05:00:00+00:00,5,1.015485,0.629452,0.0,37.5741
2026-07-11 06:00:00+00:00,5,1.015485,0.629452,0.0,37.5741
2026-07-11 07:00:00+00:00,5,1.015485,0.629452,0.0,37.5741
2026-07-11 08:00:00+00:00,5,1.015485,0.629452,0.0,37.5741
2026-07-11 09:00:00+00:00,5,1.015485,0.629452,0.0,37.5741
2026-07-11 10:00:00+00:00,5,1.015485,0.629452,0.0,37.5741
2026-07-11 11:00:00+00:00,5,1.015485,0.629452,0.0,37.5741
2026-07-11 12:00:00+00:00,5,1.015485,0.629452,0.0,37.5741
2026-07-11 13:00:00+00:00,5,1.015485,0.629452,0.0,37.5741
2026-07-11 14:00:00+00:00,5,1.015485,0.629452,0.0,37.5741
2026-07-11 15:00:00+00:00,5,1.015485,0.629452,0.0,37.5741
2026-07-11 16:00:00+00:00,5,1.015485,0.629452,0.0,37.5741
2026-07-11 17:00:00+00:00,5,1.015485,0.629452,0.0,37.5741
2026-07-11 18:00:00+00:00,5,1.015485,0.629452,0.0,37.5741
2026-07-11 19:00:00+00:00,5,1.015485,0.629452,0.0,37.5741
2026-07-11 20:00:00+00:00,5,1.015485,0.629452,0.0,37.5741
2026-07-11 21:00:00+00:00,5,1.015485,0.629452,0.0,37.5741
2026-07-11 22:00:00+00:00,5,1.015485,0.629452,0.0,37.5741
2026-07-11 23:00:00+00:00,5,1.015485,0.629452,0.0,37.5741
2026-07-12 00:00:00+00:00,5,1.015485,0.629452,0.0,37.5741
2026-07-12 01:00:00+00:00,5,1.015485,0.629452,0.0,37.5741
2026-07-12 02:00:00+00:00,5,1.015485,0.629452,0.0,37.5741
2026-07-12 03:00:00+00:00,5,1.015485,0.629452,0.0,37.5741
2026-07-12 04:00:00+00:00,5,1.015485,0.629452,0.0,37.5741
2026-07-12 05:00:00+00:00,5,1.015485,0.629452,0.0,37.5741
2026-07-12 06:00:00+00:00,5,1.015485,0.629452,0.0,37.5741
2026-07-12 07:00:00+00:00,5,1.015485,0.629452,0.0,37.5741
2026-07-12 08:00:00+00:00,5,1.015485,0.629452,0.0,37.5741
2026-07-12 09:00:00+00:00,5,1.015485,0.629452,0.0,37.5741
2026-07-12 10:00:00+00:00,5,1.015485,0.629452,0.0,37.5741
2026-07-12 11:00:00+00:00,5,1.015485,0.629452,0.0,37.5741
2026-07-12 12:00:00+00:00,5,1.015485,0.629452,0.0,37.5741
2026-07-12 13:00:00+00:00,5,1.015485,0.629452,0.0,37.5741
2026-07-12 14:00:00+00:00,5,1.015485,0.629452,0.0,37.5741
2026-07-12 15:00:00+00:00,5,1.015485,0.629452,0.0,37.5741
2026-07-12 16:00:00+00:00,5,1.015485,0.629452,0.0,37.5741
2026-07-12 17:00:00+00:00,5,1.015485,0.629452,0.0,37.5741
2026-07-12 18:00:00+00:00,5,1.015485,0.629452,0.0,37.5741
2026-07-12 19:00:00+00:00,5,1.015485,0.629452,0.0,37.5741
2026-07-12 20:00:00+00:00,5,1.015485,0.629452,0.0,37.5741
2026-07-12 21:00:00+00:00,5,1.015485,0.629452,0.0,37.5741
2026-07-12 22:00:00+00:00,5,1.015485,0.629452,0.0,37.5741
2026-07-12 23:00:00+00:00,5,1.015485,0.629452,0.0,37.5741
2026-07-13 00:00:00+00:00,5,1.015485,0.629452,0.0,37.5741
2026-07-13 01:00:00+00:00,5,1.015485,0.629452,0.0,37.5741
2026-07-13 02:00:00+00:00,5,1.015485,0.629452,0.0,37.5741
2026-07-13 03:00:00+00:00,5,1.015485,0.629452,0.0,37.5741
2026-07-13 04:00:00+00:00,5,1.015485,0.629452,0.0,37.5741
2026-07-13 05:00:00+00:00,5,1.015485,0.629452,0.0,37.5741
2026-07-13 06:00:00+00:00,5,1.015485,0.629452,0.0,37.5741
2026-07-13 07:00:00+00:00,5,1.015485,0.629452,0.0,37.5741
2026-07-13 08:00:00+00:00,5,1.015485,0.629452,0.0,37.5741
2026-07-13 09:00:00+00:00,5,1.015485,0.629452,0.0,37.5741
2026-07-13 10:00:00+00:00,5,1.015485,0.629452,0.0,37.5741
2026-07-13 11:00:00+00:00,5,1.015485,0.629452,0.0,37.5741
2026-07-13 12:00:00+00:00,5,1.015485,0.629452,0.0,37.5741
2026-07-13 13:00:00+00:00,5,1.015485,0.629452,0.0,37.5741
2026-07-13 14:00:00+00:00,5,1.015485,0.629452,0.0,37.5741
2026-07-13 15:00:00+00:00,5,1.015485,0.629452,0.0,37.5741
2026-07-13 16:00:00+00:00,5,1.015485,0.629452,0.0,37.5741
2026-07-13 17:00:00+00:00,5,1.015485,0.629452,0.0,37.5741
2026-07-13 18:00:00+00:00,5,1.015485,0.629452,0.0,37.5741
2026-07-13 19:00:00+00:00,5,1.019275,0.631801,0.003731,37.3412
2026-07-13 20:00:00+00:00,5,1.018675,0.631429,-0.000589,37.3781
2026-07-13 21:00:00+00:00,5,1.018675,0.631429,0.0,37.3781
2026-07-13 22:00:00+00:00,5,1.015761,0.629623,-0.00286,37.5572
2026-07-13 23:00:00+00:00,5,1.022495,0.633797,0.006629,37.1432
2026-07-14 00:00:00+00:00,5,1.021895,0.633425,-0.000587,37.1801
2026-07-14 01:00:00+00:00,5,1.021895,0.633425,0.0,37.1801
2026-07-14 02:00:00+00:00,5,1.021895,0.633425,0.0,37.1801
2026-07-14 03:00:00+00:00,5,1.021895,0.633425,0.0,37.1801
2026-07-14 04:00:00+00:00,5,1.021895,0.633425,0.0,37.1801
2026-07-14 05:00:00+00:00,5,1.021895,0.633425,0.0,37.1801
2026-07-14 06:00:00+00:00,5,1.021895,0.633425,0.0,37.1801
2026-07-14 07:00:00+00:00,5,1.021895,0.633425,0.0,37.1801
2026-07-14 08:00:00+00:00,5,1.021895,0.633425,0.0,37.1801
2026-07-14 09:00:00+00:00,5,1.021895,0.633425,0.0,37.1801
2026-07-14 10:00:00+00:00,5,1.021895,0.633425,0.0,37.1801
2026-07-14 11:00:00+00:00,5,1.021895,0.633425,0.0,37.1801
2026-07-14 12:00:00+00:00,5,1.021895,0.633425,0.0,37.1801
2026-07-14 13:00:00+00:00,5,1.021895,0.633425,0.0,37.1801
2026-07-14 14:00:00+00:00,5,1.021895,0.633425,0.0,37.1801
2026-07-14 15:00:00+00:00,5,1.021895,0.633425,0.0,37.1801
2026-07-14 16:00:00+00:00,5,1.021895,0.633425,0.0,37.1801
2026-07-14 17:00:00+00:00,5,1.021895,0.633425,0.0,37.1801
2026-07-14 18:00:00+00:00,5,1.021895,0.633425,0.0,37.1801
2026-07-14 19:00:00+00:00,5,1.021895,0.633425,0.0,37.1801
2026-07-14 20:00:00+00:00,5,1.021895,0.633425,0.0,37.1801
2026-07-14 21:00:00+00:00,5,1.021895,0.633425,0.0,37.1801
2026-07-14 22:00:00+00:00,5,1.021895,0.633425,0.0,37.1801
2026-07-14 23:00:00+00:00,5,1.021895,0.633425,0.0,37.1801
2026-07-15 00:00:00+00:00,5,1.021895,0.633425,0.0,37.1801
2026-07-15 01:00:00+00:00,5,1.021895,0.633425,0.0,37.1801
2026-07-15 02:00:00+00:00,5,1.021895,0.633425,0.0,37.1801
2026-07-15 03:00:00+00:00,5,1.021895,0.633425,0.0,37.1801
2026-07-15 04:00:00+00:00,5,1.021895,0.633425,0.0,37.1801
2026-07-15 05:00:00+00:00,5,1.021895,0.633425,0.0,37.1801
2026-07-15 06:00:00+00:00,5,1.021895,0.633425,0.0,37.1801
2026-07-15 07:00:00+00:00,5,1.021895,0.633425,0.0,37.1801
2026-07-15 08:00:00+00:00,5,1.021895,0.633425,0.0,37.1801
2026-07-15 09:00:00+00:00,5,1.021895,0.633425,0.0,37.1801
2026-07-15 10:00:00+00:00,5,1.021895,0.633425,0.0,37.1801
2026-07-15 11:00:00+00:00,5,1.021895,0.633425,0.0,37.1801
2026-07-15 12:00:00+00:00,5,1.021895,0.633425,0.0,37.1801
2026-07-15 13:00:00+00:00,5,1.021895,0.633425,0.0,37.1801
2026-07-15 14:00:00+00:00,5,1.021895,0.633425,0.0,37.1801
2026-07-15 15:00:00+00:00,5,1.021895,0.633425,0.0,37.1801
2026-07-15 16:00:00+00:00,5,1.021895,0.633425,0.0,37.1801
2026-07-15 17:00:00+00:00,5,1.021895,0.633425,0.0,37.1801
2026-07-15 18:00:00+00:00,5,1.021895,0.633425,0.0,37.1801
2026-07-15 19:00:00+00:00,5,1.021895,0.633425,0.0,37.1801
2026-07-15 20:00:00+00:00,5,1.021895,0.633425,0.0,37.1801
2026-07-15 21:00:00+00:00,5,1.021895,0.633425,0.0,37.1801
2026-07-15 22:00:00+00:00,5,1.021895,0.633425,0.0,37.1801
2026-07-15 23:00:00+00:00,5,1.021895,0.633425,0.0,37.1801
2026-07-16 00:00:00+00:00,5,1.021895,0.633425,0.0,37.1801
2026-07-16 01:00:00+00:00,5,1.021895,0.633425,0.0,37.1801
2026-07-16 02:00:00+00:00,5,1.021895,0.633425,0.0,37.1801
2026-07-16 03:00:00+00:00,5,1.021895,0.633425,0.0,37.1801
2026-07-16 04:00:00+00:00,5,1.021895,0.633425,0.0,37.1801
2026-07-16 05:00:00+00:00,5,1.021895,0.633425,0.0,37.1801
2026-07-16 06:00:00+00:00,5,1.021895,0.633425,0.0,37.1801
2026-07-16 07:00:00+00:00,5,1.021895,0.633425,0.0,37.1801
2026-07-16 08:00:00+00:00,5,1.021895,0.633425,0.0,37.1801
2026-07-16 09:00:00+00:00,5,1.021895,0.633425,0.0,37.1801
2026-07-16 10:00:00+00:00,5,1.021895,0.633425,0.0,37.1801
2026-07-16 11:00:00+00:00,5,1.021895,0.633425,0.0,37.1801
2026-07-16 12:00:00+00:00,5,1.021895,0.633425,0.0,37.1801
2026-07-16 13:00:00+00:00,5,1.021895,0.633425,0.0,37.1801
2026-07-16 14:00:00+00:00,5,1.021895,0.633425,0.0,37.1801
2026-07-16 15:00:00+00:00,5,1.021895,0.633425,0.0,37.1801
2026-07-16 16:00:00+00:00,5,1.021895,0.633425,0.0,37.1801
2026-07-16 17:00:00+00:00,5,1.021895,0.633425,0.0,37.1801
2026-07-16 18:00:00+00:00,5,1.021895,0.633425,0.0,37.1801
2026-07-16 19:00:00+00:00,5,1.021895,0.633425,0.0,37.1801
2026-07-16 20:00:00+00:00,5,1.021895,0.633425,0.0,37.1801
2026-07-16 21:00:00+00:00,5,1.021895,0.633425,0.0,37.1801
2026-07-16 22:00:00+00:00,5,1.021895,0.633425,0.0,37.1801
2026-07-16 23:00:00+00:00,5,1.021895,0.633425,0.0,37.1801
2026-07-17 00:00:00+00:00,5,1.021895,0.633425,0.0,37.1801
2026-07-17 01:00:00+00:00,5,1.021895,0.633425,0.0,37.1801
2026-07-17 02:00:00+00:00,5,1.021895,0.633425,0.0,37.1801
2026-07-17 03:00:00+00:00,5,1.021895,0.633425,0.0,37.1801
2026-07-17 04:00:00+00:00,5,1.021895,0.633425,0.0,37.1801
2026-07-17 05:00:00+00:00,5,1.021895,0.633425,0.0,37.1801
2026-07-17 06:00:00+00:00,5,1.021895,0.633425,0.0,37.1801
2026-07-17 07:00:00+00:00,5,1.021895,0.633425,0.0,37.1801
2026-07-17 08:00:00+00:00,5,1.021895,0.633425,0.0,37.1801
2026-07-17 09:00:00+00:00,5,1.021895,0.633425,0.0,37.1801
2026-07-17 10:00:00+00:00,5,1.021895,0.633425,0.0,37.1801
2026-07-17 11:00:00+00:00,5,1.021895,0.633425,0.0,37.1801
2026-07-17 12:00:00+00:00,5,1.021895,0.633425,0.0,37.1801
2026-07-17 13:00:00+00:00,5,1.021895,0.633425,0.0,37.1801
2026-07-17 14:00:00+00:00,5,1.021895,0.633425,0.0,37.1801
2026-07-17 15:00:00+00:00,5,1.021895,0.633425,0.0,37.1801
2026-07-17 16:00:00+00:00,5,1.021895,0.633425,0.0,37.1801
2026-07-17 17:00:00+00:00,5,1.021895,0.633425,0.0,37.1801
2026-07-17 18:00:00+00:00,5,1.021895,0.633425,0.0,37.1801
2026-07-17 19:00:00+00:00,5,1.021895,0.633425,0.0,37.1801
2026-07-17 20:00:00+00:00,5,1.021895,0.633425,0.0,37.1801
2026-07-17 21:00:00+00:00,5,1.021895,0.633425,0.0,37.1801
2026-07-17 22:00:00+00:00,5,1.021895,0.633425,0.0,37.1801
2026-07-17 23:00:00+00:00,5,1.021895,0.633425,0.0,37.1801
2026-07-18 00:00:00+00:00,5,1.021895,0.633425,0.0,37.1801
2026-07-18 01:00:00+00:00,5,1.021895,0.633425,0.0,37.1801
2026-07-18 02:00:00+00:00,5,1.021895,0.633425,0.0,37.1801
2026-07-18 03:00:00+00:00,5,1.021895,0.633425,0.0,37.1801
2026-07-18 04:00:00+00:00,5,1.021895,0.633425,0.0,37.1801
2026-07-18 05:00:00+00:00,5,1.021895,0.633425,0.0,37.1801
2026-07-18 06:00:00+00:00,5,1.021895,0.633425,0.0,37.1801
2026-07-18 07:00:00+00:00,5,1.021895,0.633425,0.0,37.1801
2026-07-18 08:00:00+00:00,5,1.021895,0.633425,0.0,37.1801
2026-07-18 09:00:00+00:00,5,1.021895,0.633425,0.0,37.1801
2026-07-18 10:00:00+00:00,5,1.021895,0.633425,0.0,37.1801
2026-07-18 11:00:00+00:00,5,1.021895,0.633425,0.0,37.1801
2026-07-18 12:00:00+00:00,5,1.021895,0.633425,0.0,37.1801
2026-07-18 13:00:00+00:00,5,1.021895,0.633425,0.0,37.1801
2026-07-18 14:00:00+00:00,5,1.021895,0.633425,0.0,37.1801
2026-07-18 15:00:00+00:00,5,1.021895,0.633425,0.0,37.1801
2026-07-18 16:00:00+00:00,5,1.021895,0.633425,0.0,37.1801
2026-07-18 17:00:00+00:00,5,1.021895,0.633425,0.0,37.1801
2026-07-18 18:00:00+00:00,5,1.021895,0.633425,0.0,37.1801
2026-07-18 19:00:00+00:00,5,1.021895,0.633425,0.0,37.1801
2026-07-18 20:00:00+00:00,5,1.021895,0.633425,0.0,37.1801
2026-07-18 21:00:00+00:00,5,1.021895,0.633425,0.0,37.1801
2026-07-18 22:00:00+00:00,5,1.021895,0.633425,0.0,37.1801
2026-07-18 23:00:00+00:00,5,1.021895,0.633425,0.0,37.1801
2026-07-19 00:00:00+00:00,5,1.021895,0.633425,0.0,37.1801
2026-07-19 01:00:00+00:00,5,1.021895,0.633425,0.0,37.1801
2026-07-19 02:00:00+00:00,5,1.021895,0.633425,0.0,37.1801
2026-07-19 03:00:00+00:00,5,1.021895,0.633425,0.0,37.1801
2026-07-19 04:00:00+00:00,5,1.021895,0.633425,0.0,37.1801
2026-07-19 05:00:00+00:00,5,1.021895,0.633425,0.0,37.1801
2026-07-19 06:00:00+00:00,5,1.021895,0.633425,0.0,37.1801
2026-07-19 07:00:00+00:00,5,1.021895,0.633425,0.0,37.1801
2026-07-19 08:00:00+00:00,5,1.021895,0.633425,0.0,37.1801
2026-07-19 09:00:00+00:00,5,1.021895,0.633425,0.0,37.1801
2026-07-19 10:00:00+00:00,5,1.021895,0.633425,0.0,37.1801
2026-07-19 11:00:00+00:00,5,1.021895,0.633425,0.0,37.1801
2026-07-19 12:00:00+00:00,5,1.021895,0.633425,0.0,37.1801
2026-07-19 13:00:00+00:00,5,1.021895,0.633425,0.0,37.1801
2026-07-19 14:00:00+00:00,5,1.021895,0.633425,0.0,37.1801
2026-07-19 15:00:00+00:00,5,1.021895,0.633425,0.0,37.1801
2026-07-19 16:00:00+00:00,5,1.021895,0.633425,0.0,37.1801
2026-07-19 17:00:00+00:00,5,1.021895,0.633425,0.0,37.1801
2026-07-19 18:00:00+00:00,5,1.021895,0.633425,0.0,37.1801
2026-07-19 19:00:00+00:00,5,1.021895,0.633425,0.0,37.1801
2026-07-19 20:00:00+00:00,5,1.021895,0.633425,0.0,37.1801
2026-07-19 21:00:00+00:00,5,1.021895,0.633425,0.0,37.1801
2026-07-19 22:00:00+00:00,5,1.021895,0.633425,0.0,37.1801
2026-07-19 23:00:00+00:00,5,1.022051,0.633522,0.000153,37.1705
2026-07-20 00:00:00+00:00,5,1.021451,0.63315,-0.000587,37.2074
2026-07-20 01:00:00+00:00,5,1.021451,0.63315,0.0,37.2074
2026-07-20 02:00:00+00:00,5,1.021451,0.63315,0.0,37.2074
2026-07-20 03:00:00+00:00,5,1.021451,0.63315,0.0,37.2074
2026-07-20 04:00:00+00:00,5,1.021451,0.63315,0.0,37.2074
2026-07-20 05:00:00+00:00,5,1.021451,0.63315,0.0,37.2074
2026-07-20 06:00:00+00:00,5,1.021451,0.63315,0.0,37.2074
2026-07-20 07:00:00+00:00,5,1.021451,0.63315,0.0,37.2074
2026-07-20 08:00:00+00:00,5,1.021451,0.63315,0.0,37.2074
2026-07-20 09:00:00+00:00,5,1.021451,0.63315,0.0,37.2074
2026-07-20 10:00:00+00:00,5,1.021451,0.63315,0.0,37.2074
2026-07-20 11:00:00+00:00,5,1.021451,0.63315,0.0,37.2074
2026-07-20 12:00:00+00:00,5,1.021451,0.63315,0.0,37.2074
2026-07-20 13:00:00+00:00,5,1.021451,0.63315,0.0,37.2074
2026-07-20 14:00:00+00:00,5,1.021451,0.63315,0.0,37.2074
2026-07-20 15:00:00+00:00,5,1.021451,0.63315,0.0,37.2074
2026-07-20 16:00:00+00:00,5,1.021451,0.63315,0.0,37.2074
2026-07-20 17:00:00+00:00,5,1.021451,0.63315,0.0,37.2074
2026-07-20 18:00:00+00:00,5,1.021451,0.63315,0.0,37.2074
2026-07-20 19:00:00+00:00,5,1.021451,0.63315,0.0,37.2074
2026-07-20 20:00:00+00:00,5,1.021451,0.63315,0.0,37.2074
2026-07-20 21:00:00+00:00,5,1.021451,0.63315,0.0,37.2074
2026-07-20 22:00:00+00:00,5,1.021451,0.63315,0.0,37.2074
2026-07-20 23:00:00+00:00,5,1.021451,0.63315,0.0,37.2074
2026-07-21 00:00:00+00:00,5,1.021451,0.63315,0.0,37.2074
2026-07-21 01:00:00+00:00,5,1.021451,0.63315,0.0,37.2074
2026-07-21 02:00:00+00:00,5,1.021451,0.63315,0.0,37.2074
2026-07-21 03:00:00+00:00,5,1.021451,0.63315,0.0,37.2074
2026-07-21 04:00:00+00:00,5,1.021451,0.63315,0.0,37.2074
2026-07-21 05:00:00+00:00,5,1.021451,0.63315,0.0,37.2074
2026-07-21 06:00:00+00:00,5,1.021451,0.63315,0.0,37.2074
2026-07-21 07:00:00+00:00,5,1.021451,0.63315,0.0,37.2074
2026-07-21 08:00:00+00:00,5,1.021451,0.63315,0.0,37.2074
2026-07-21 09:00:00+00:00,5,1.021451,0.63315,0.0,37.2074
2026-07-21 10:00:00+00:00,5,1.021451,0.63315,0.0,37.2074
2026-07-21 11:00:00+00:00,5,1.021451,0.63315,0.0,37.2074
2026-07-21 12:00:00+00:00,5,1.021451,0.63315,0.0,37.2074
2026-07-21 13:00:00+00:00,5,1.021451,0.63315,0.0,37.2074
2026-07-21 14:00:00+00:00,5,1.021451,0.63315,0.0,37.2074
2026-07-21 15:00:00+00:00,5,1.021451,0.63315,0.0,37.2074
2026-07-21 16:00:00+00:00,5,1.021451,0.63315,0.0,37.2074
2026-07-21 17:00:00+00:00,5,1.021451,0.63315,0.0,37.2074
2026-07-21 18:00:00+00:00,5,1.021451,0.63315,0.0,37.2074
2026-07-21 19:00:00+00:00,5,1.021451,0.63315,0.0,37.2074
2026-07-21 20:00:00+00:00,5,1.021451,0.63315,0.0,37.2074
2026-07-21 21:00:00+00:00,5,1.021451,0.63315,0.0,37.2074
2026-07-21 22:00:00+00:00,5,1.021451,0.63315,0.0,37.2074
2026-07-21 23:00:00+00:00,5,1.021451,0.63315,0.0,37.2074
2026-07-22 00:00:00+00:00,5,1.021451,0.63315,0.0,37.2074
2026-07-22 01:00:00+00:00,5,1.021451,0.63315,0.0,37.2074
2026-07-22 02:00:00+00:00,5,1.021451,0.63315,0.0,37.2074
2026-07-22 03:00:00+00:00,5,1.021451,0.63315,0.0,37.2074
2026-07-22 04:00:00+00:00,5,1.021451,0.63315,0.0,37.2074
2026-07-22 05:00:00+00:00,5,1.021451,0.63315,0.0,37.2074
2026-07-22 06:00:00+00:00,5,1.021451,0.63315,0.0,37.2074
2026-07-22 07:00:00+00:00,5,1.021451,0.63315,0.0,37.2074
2026-07-22 08:00:00+00:00,5,1.021451,0.63315,0.0,37.2074
2026-07-22 09:00:00+00:00,5,1.021451,0.63315,0.0,37.2074
2026-07-22 10:00:00+00:00,5,1.021451,0.63315,0.0,37.2074
2026-07-22 11:00:00+00:00,5,1.021451,0.63315,0.0,37.2074
2026-07-22 12:00:00+00:00,5,1.021451,0.63315,0.0,37.2074
2026-07-22 13:00:00+00:00,5,1.021451,0.63315,0.0,37.2074
2026-07-22 14:00:00+00:00,5,1.021451,0.63315,0.0,37.2074
2026-07-22 15:00:00+00:00,5,1.021451,0.63315,0.0,37.2074
2026-07-22 16:00:00+00:00,5,1.021451,0.63315,0.0,37.2074
2026-07-22 17:00:00+00:00,5,1.021451,0.63315,0.0,37.2074
2026-07-22 18:00:00+00:00,5,1.021451,0.63315,0.0,37.2074
2026-07-22 19:00:00+00:00,5,1.021451,0.63315,0.0,37.2074
2026-07-22 20:00:00+00:00,5,1.021451,0.63315,0.0,37.2074
2026-07-22 21:00:00+00:00,5,1.021451,0.63315,0.0,37.2074
2026-07-22 22:00:00+00:00,5,1.021451,0.63315,0.0,37.2074
2026-07-22 23:00:00+00:00,5,1.021451,0.63315,0.0,37.2074
2026-07-23 00:00:00+00:00,5,1.021451,0.63315,0.0,37.2074
2026-07-23 01:00:00+00:00,5,1.021451,0.63315,0.0,37.2074
2026-07-23 02:00:00+00:00,5,1.021451,0.63315,0.0,37.2074
2026-07-23 03:00:00+00:00,5,1.021451,0.63315,0.0,37.2074
2026-07-23 04:00:00+00:00,5,1.021451,0.63315,0.0,37.2074
2026-07-23 05:00:00+00:00,5,1.021451,0.63315,0.0,37.2074
2026-07-23 06:00:00+00:00,5,1.021451,0.63315,0.0,37.2074
2026-07-23 07:00:00+00:00,5,1.021451,0.63315,0.0,37.2074
2026-07-23 08:00:00+00:00,5,1.021451,0.63315,0.0,37.2074
2026-07-23 09:00:00+00:00,5,1.021451,0.63315,0.0,37.2074
2026-07-23 10:00:00+00:00,5,1.021451,0.63315,0.0,37.2074
2026-07-23 11:00:00+00:00,5,1.021451,0.63315,0.0,37.2074
2026-07-23 12:00:00+00:00,5,1.021451,0.63315,0.0,37.2074
2026-07-23 13:00:00+00:00,5,1.021451,0.63315,0.0,37.2074
2026-07-23 14:00:00+00:00,5,1.021451,0.63315,0.0,37.2074
2026-07-23 15:00:00+00:00,5,1.021451,0.63315,0.0,37.2074
2026-07-23 16:00:00+00:00,5,1.021451,0.63315,0.0,37.2074
2026-07-23 17:00:00+00:00,5,1.021451,0.63315,0.0,37.2074
2026-07-23 18:00:00+00:00,5,1.021451,0.63315,0.0,37.2074
2026-07-23 19:00:00+00:00,5,1.021451,0.63315,0.0,37.2074
2026-07-23 20:00:00+00:00,5,1.021451,0.63315,0.0,37.2074
2026-07-23 21:00:00+00:00,5,1.021451,0.63315,0.0,37.2074
2026-07-23 22:00:00+00:00,5,1.021451,0.63315,0.0,37.2074
2026-07-23 23:00:00+00:00,5,1.021451,0.63315,0.0,37.2074
2026-07-24 00:00:00+00:00,5,1.021451,0.63315,0.0,37.2074
2026-07-24 01:00:00+00:00,5,1.021451,0.63315,0.0,37.2074
2026-07-24 02:00:00+00:00,5,1.021451,0.63315,0.0,37.2074
2026-07-24 03:00:00+00:00,5,1.021451,0.63315,0.0,37.2074
2026-07-24 04:00:00+00:00,5,1.021451,0.63315,0.0,37.2074
2026-07-24 05:00:00+00:00,5,1.021451,0.63315,0.0,37.2074
2026-07-24 06:00:00+00:00,5,1.021451,0.63315,0.0,37.2074
2026-07-24 07:00:00+00:00,5,1.021451,0.63315,0.0,37.2074
2026-07-24 08:00:00+00:00,5,1.021451,0.63315,0.0,37.2074
2026-07-24 09:00:00+00:00,5,1.021451,0.63315,0.0,37.2074
2026-07-24 10:00:00+00:00,5,1.021451,0.63315,0.0,37.2074
2026-07-24 11:00:00+00:00,5,1.021451,0.63315,0.0,37.2074
2026-07-24 12:00:00+00:00,5,1.021451,0.63315,0.0,37.2074
2026-07-24 13:00:00+00:00,5,1.021451,0.63315,0.0,37.2074
2026-07-24 14:00:00+00:00,5,1.021451,0.63315,0.0,37.2074
2026-07-24 15:00:00+00:00,5,1.021451,0.63315,0.0,37.2074
2026-07-24 16:00:00+00:00,5,1.021451,0.63315,0.0,37.2074
2026-07-24 17:00:00+00:00,5,1.021451,0.63315,0.0,37.2074
2026-07-24 18:00:00+00:00,5,1.021451,0.63315,0.0,37.2074
2026-07-24 19:00:00+00:00,5,1.021451,0.63315,0.0,37.2074
2026-07-24 20:00:00+00:00,5,1.021451,0.63315,0.0,37.2074
2026-07-24 21:00:00+00:00,5,1.021451,0.63315,0.0,37.2074
2026-07-24 22:00:00+00:00,5,1.021451,0.63315,0.0,37.2074
2026-07-24 23:00:00+00:00,5,1.021451,0.63315,0.0,37.2074
2026-07-25 00:00:00+00:00,5,1.021451,0.63315,0.0,37.2074
2026-07-25 01:00:00+00:00,5,1.021451,0.63315,0.0,37.2074
2026-07-25 02:00:00+00:00,5,1.021451,0.63315,0.0,37.2074
2026-07-25 03:00:00+00:00,5,1.021451,0.63315,0.0,37.2074
2026-07-25 04:00:00+00:00,5,1.021451,0.63315,0.0,37.2074
2026-07-25 05:00:00+00:00,5,1.021451,0.63315,0.0,37.2074
2026-07-25 06:00:00+00:00,5,1.021451,0.63315,0.0,37.2074
2026-07-25 07:00:00+00:00,5,1.021451,0.63315,0.0,37.2074
2026-07-25 08:00:00+00:00,5,1.021451,0.63315,0.0,37.2074
2026-07-25 09:00:00+00:00,5,1.021451,0.63315,0.0,37.2074
2026-07-25 10:00:00+00:00,5,1.021451,0.63315,0.0,37.2074
2026-07-25 11:00:00+00:00,5,1.021451,0.63315,0.0,37.2074
2026-07-25 12:00:00+00:00,5,1.021451,0.63315,0.0,37.2074
2026-07-25 13:00:00+00:00,5,1.021451,0.63315,0.0,37.2074
2026-07-25 14:00:00+00:00,5,1.021451,0.63315,0.0,37.2074
2026-07-25 15:00:00+00:00,5,1.021451,0.63315,0.0,37.2074
2026-07-25 16:00:00+00:00,5,1.021451,0.63315,0.0,37.2074
2026-07-25 17:00:00+00:00,5,1.021451,0.63315,0.0,37.2074
2026-07-25 18:00:00+00:00,5,1.021451,0.63315,0.0,37.2074
2026-07-25 19:00:00+00:00,5,1.021451,0.63315,0.0,37.2074
2026-07-25 20:00:00+00:00,5,1.021451,0.63315,0.0,37.2074
2026-07-25 21:00:00+00:00,5,1.021451,0.63315,0.0,37.2074
2026-07-25 22:00:00+00:00,5,1.021451,0.63315,0.0,37.2074
2026-07-25 23:00:00+00:00,5,1.021451,0.63315,0.0,37.2074
2026-07-26 00:00:00+00:00,5,1.021451,0.63315,0.0,37.2074
2026-07-26 01:00:00+00:00,5,1.021451,0.63315,0.0,37.2074
2026-07-26 02:00:00+00:00,5,1.021451,0.63315,0.0,37.2074
2026-07-26 03:00:00+00:00,5,1.021451,0.63315,0.0,37.2074
2026-07-26 04:00:00+00:00,5,1.021451,0.63315,0.0,37.2074
2026-07-26 05:00:00+00:00,5,1.021451,0.63315,0.0,37.2074
2026-07-26 06:00:00+00:00,5,1.021451,0.63315,0.0,37.2074
2026-07-26 07:00:00+00:00,5,1.021451,0.63315,0.0,37.2074
2026-07-26 08:00:00+00:00,5,1.021451,0.63315,0.0,37.2074
2026-07-26 09:00:00+00:00,5,1.021451,0.63315,0.0,37.2074
2026-07-26 10:00:00+00:00,5,1.021451,0.63315,0.0,37.2074
2026-07-26 11:00:00+00:00,5,1.021451,0.63315,0.0,37.2074
2026-07-26 12:00:00+00:00,5,1.021451,0.63315,0.0,37.2074
2026-07-26 13:00:00+00:00,5,1.021451,0.63315,0.0,37.2074
2026-07-26 14:00:00+00:00,5,1.021451,0.63315,0.0,37.2074
2026-07-26 15:00:00+00:00,5,1.021451,0.63315,0.0,37.2074
2026-07-26 16:00:00+00:00,5,1.021451,0.63315,0.0,37.2074
2026-07-26 17:00:00+00:00,5,1.021451,0.63315,0.0,37.2074
2026-07-26 18:00:00+00:00,5,1.021451,0.63315,0.0,37.2074
2026-07-26 19:00:00+00:00,5,1.021451,0.63315,0.0,37.2074
2026-07-26 20:00:00+00:00,5,1.021451,0.63315,0.0,37.2074
2026-07-26 21:00:00+00:00,5,1.021451,0.63315,0.0,37.2074
2026-07-26 22:00:00+00:00,5,1.021451,0.63315,0.0,37.2074
2026-07-26 23:00:00+00:00,5,1.021451,0.63315,0.0,37.2074
2026-07-27 00:00:00+00:00,5,1.021451,0.63315,0.0,37.2074
2026-07-27 01:00:00+00:00,5,1.021451,0.63315,0.0,37.2074
2026-07-27 02:00:00+00:00,5,1.021451,0.63315,0.0,37.2074
2026-07-27 03:00:00+00:00,5,1.021451,0.63315,0.0,37.2074
2026-07-27 04:00:00+00:00,5,1.021451,0.63315,0.0,37.2074
2026-07-27 05:00:00+00:00,5,1.021451,0.63315,0.0,37.2074
2026-07-27 06:00:00+00:00,5,1.021451,0.63315,0.0,37.2074
2026-07-27 07:00:00+00:00,5,1.021451,0.63315,0.0,37.2074
2026-07-27 08:00:00+00:00,5,1.021451,0.63315,0.0,37.2074
2026-07-27 09:00:00+00:00,5,1.021451,0.63315,0.0,37.2074
2026-07-27 10:00:00+00:00,5,1.021451,0.63315,0.0,37.2074
2026-07-27 11:00:00+00:00,5,1.021451,0.63315,0.0,37.2074
2026-07-27 12:00:00+00:00,5,1.021451,0.63315,0.0,37.2074
2026-07-27 13:00:00+00:00,5,1.021451,0.63315,0.0,37.2074
2026-07-27 14:00:00+00:00,5,1.021451,0.63315,0.0,37.2074
2026-07-27 15:00:00+00:00,5,1.021451,0.63315,0.0,37.2074
2026-07-27 16:00:00+00:00,5,1.021451,0.63315,0.0,37.2074
2026-07-27 17:00:00+00:00,5,1.021451,0.63315,0.0,37.2074
2026-07-27 18:00:00+00:00,5,1.021451,0.63315,0.0,37.2074
2026-07-27 19:00:00+00:00,5,1.021451,0.63315,0.0,37.2074
2026-07-27 20:00:00+00:00,5,1.021451,0.63315,0.0,37.2074
2026-07-27 21:00:00+00:00,5,1.021451,0.63315,0.0,37.2074
2026-07-27 22:00:00+00:00,5,1.021451,0.63315,0.0,37.2074
2026-07-27 23:00:00+00:00,5,1.021451,0.63315,0.0,37.2074
2026-07-28 00:00:00+00:00,5,1.021451,0.63315,0.0,37.2074
2026-07-28 01:00:00+00:00,5,1.021451,0.63315,0.0,37.2074
2026-07-28 02:00:00+00:00,5,1.021451,0.63315,0.0,37.2074
2026-07-28 03:00:00+00:00,5,1.021451,0.63315,0.0,37.2074
2026-07-28 04:00:00+00:00,5,1.021451,0.63315,0.0,37.2074
2026-07-28 05:00:00+00:00,5,1.022473,0.633784,0.001001,37.1445
2026-07-28 06:00:00+00:00,5,1.025519,0.635672,0.002979,36.9573
2026-07-28 07:00:00+00:00,5,1.024919,0.6353,-0.000585,36.9941
2026-07-28 08:00:00+00:00,5,1.024919,0.6353,0.0,36.9941
2026-07-28 09:00:00+00:00,5,1.024919,0.6353,0.0,36.9941
2026-07-28 10:00:00+00:00,5,1.024919,0.6353,0.0,36.9941
2026-07-28 11:00:00+00:00,5,1.024919,0.6353,0.0,36.9941
2026-07-28 12:00:00+00:00,5,1.024919,0.6353,0.0,36.9941
2026-07-28 13:00:00+00:00,5,1.024919,0.6353,0.0,36.9941
2026-07-28 14:00:00+00:00,5,1.024919,0.6353,0.0,36.9941
2026-07-28 15:00:00+00:00,5,1.024919,0.6353,0.0,36.9941
2026-07-28 16:00:00+00:00,5,1.024919,0.6353,0.0,36.9941
2026-07-28 17:00:00+00:00,5,1.024919,0.6353,0.0,36.9941
2026-07-28 18:00:00+00:00,5,1.024919,0.6353,0.0,36.9941
2026-07-28 19:00:00+00:00,5,1.024919,0.6353,0.0,36.9941
2026-07-28 20:00:00+00:00,5,1.024919,0.6353,0.0,36.9941
2026-07-28 21:00:00+00:00,5,1.024919,0.6353,0.0,36.9941
2026-07-28 22:00:00+00:00,5,1.024919,0.6353,0.0,36.9941
2026-07-28 23:00:00+00:00,5,1.024919,0.6353,0.0,36.9941
2026-07-29 00:00:00+00:00,5,1.024919,0.6353,0.0,36.9941
2026-07-29 01:00:00+00:00,5,1.024919,0.6353,0.0,36.9941
2026-07-29 02:00:00+00:00,5,1.024919,0.6353,0.0,36.9941
2026-07-29 03:00:00+00:00,5,1.024919,0.6353,0.0,36.9941
2026-07-29 04:00:00+00:00,5,1.024919,0.6353,0.0,36.9941
2026-07-29 05:00:00+00:00,5,1.024919,0.6353,0.0,36.9941
2026-07-29 06:00:00+00:00,5,1.024919,0.6353,0.0,36.9941
2026-07-29 07:00:00+00:00,5,1.024919,0.6353,0.0,36.9941
2026-07-29 08:00:00+00:00,5,1.024919,0.6353,0.0,36.9941
2026-07-29 09:00:00+00:00,5,1.024919,0.6353,0.0,36.9941
2026-07-29 10:00:00+00:00,5,1.024919,0.6353,0.0,36.9941
2026-07-29 11:00:00+00:00,5,1.024919,0.6353,0.0,36.9941
2026-07-29 12:00:00+00:00,5,1.024919,0.6353,0.0,36.9941
2026-07-29 13:00:00+00:00,5,1.024919,0.6353,0.0,36.9941
2026-07-29 14:00:00+00:00,5,1.024919,0.6353,0.0,36.9941
2026-07-29 15:00:00+00:00,5,1.024919,0.6353,0.0,36.9941
2026-07-29 16:00:00+00:00,5,1.024919,0.6353,0.0,36.9941
2026-07-29 17:00:00+00:00,5,1.024919,0.6353,0.0,36.9941
2026-07-29 18:00:00+00:00,5,1.024919,0.6353,0.0,36.9941
2026-07-29 19:00:00+00:00,5,1.024919,0.6353,0.0,36.9941
2026-07-29 20:00:00+00:00,5,1.024919,0.6353,0.0,36.9941
2026-07-29 21:00:00+00:00,5,1.024919,0.6353,0.0,36.9941
2026-07-29 22:00:00+00:00,5,1.024919,0.6353,0.0,36.9941
2026-07-29 23:00:00+00:00,5,1.024919,0.6353,0.0,36.9941
2026-07-30 00:00:00+00:00,5,1.024919,0.6353,0.0,36.9941
2026-07-30 01:00:00+00:00,5,1.024919,0.6353,0.0,36.9941
2026-07-30 02:00:00+00:00,5,1.024919,0.6353,0.0,36.9941
2026-07-30 03:00:00+00:00,5,1.024919,0.6353,0.0,36.9941
2026-07-30 04:00:00+00:00,5,1.024919,0.6353,0.0,36.9941
2026-07-30 05:00:00+00:00,5,1.024919,0.6353,0.0,36.9941
2026-07-30 06:00:00+00:00,5,1.024919,0.6353,0.0,36.9941
2026-07-30 07:00:00+00:00,5,1.024919,0.6353,0.0,36.9941
2026-07-30 08:00:00+00:00,5,1.024919,0.6353,0.0,36.9941
2026-07-30 09:00:00+00:00,5,1.024919,0.6353,0.0,36.9941
2026-07-30 10:00:00+00:00,5,1.024919,0.6353,0.0,36.9941
2026-07-30 11:00:00+00:00,5,1.024919,0.6353,0.0,36.9941
2026-07-30 12:00:00+00:00,5,1.024919,0.6353,0.0,36.9941
2026-07-30 13:00:00+00:00,5,1.024919,0.6353,0.0,36.9941
2026-07-30 14:00:00+00:00,5,1.024919,0.6353,0.0,36.9941
2026-07-30 15:00:00+00:00,5,1.024919,0.6353,0.0,36.9941
2026-07-30 16:00:00+00:00,5,1.024919,0.6353,0.0,36.9941
2026-07-30 17:00:00+00:00,5,1.024919,0.6353,0.0,36.9941
2026-07-30 18:00:00+00:00,5,1.024919,0.6353,0.0,36.9941
2026-07-30 19:00:00+00:00,5,1.024919,0.6353,0.0,36.9941
2026-07-30 20:00:00+00:00,5,1.024919,0.6353,0.0,36.9941
2026-07-30 21:00:00+00:00,5,1.024919,0.6353,0.0,36.9941
2026-07-30 22:00:00+00:00,5,1.024919,0.6353,0.0,36.9941
2026-07-30 23:00:00+00:00,5,1.024919,0.6353,0.0,36.9941
2026-07-31 00:00:00+00:00,5,1.024919,0.6353,0.0,36.9941
2026-07-31 01:00:00+00:00,5,1.024919,0.6353,0.0,36.9941
2026-07-31 02:00:00+00:00,5,1.024919,0.6353,0.0,36.9941
2026-07-31 03:00:00+00:00,5,1.024919,0.6353,0.0,36.9941
2026-07-31 04:00:00+00:00,5,1.024919,0.6353,0.0,36.9941
2026-07-31 05:00:00+00:00,5,1.024919,0.6353,0.0,36.9941
2026-07-31 06:00:00+00:00,5,1.024919,0.6353,0.0,36.9941
2026-07-31 07:00:00+00:00,5,1.024919,0.6353,0.0,36.9941
2026-07-31 08:00:00+00:00,5,1.024919,0.6353,0.0,36.9941
2026-07-31 09:00:00+00:00,5,1.024919,0.6353,0.0,36.9941
2026-07-31 10:00:00+00:00,5,1.024919,0.6353,0.0,36.9941
2026-07-31 11:00:00+00:00,5,1.024919,0.6353,0.0,36.9941
2026-07-31 12:00:00+00:00,5,1.024919,0.6353,0.0,36.9941
2026-07-31 13:00:00+00:00,5,1.024919,0.6353,0.0,36.9941
2026-07-31 14:00:00+00:00,5,1.024919,0.6353,0.0,36.9941
2026-07-31 15:00:00+00:00,5,1.024919,0.6353,0.0,36.9941
2026-07-31 16:00:00+00:00,5,1.024919,0.6353,0.0,36.9941
2026-07-31 17:00:00+00:00,5,1.024919,0.6353,0.0,36.9941
2026-07-31 18:00:00+00:00,5,1.024919,0.6353,0.0,36.9941
2026-07-31 19:00:00+00:00,5,1.024919,0.6353,0.0,36.9941
2026-07-31 20:00:00+00:00,5,1.024919,0.6353,0.0,36.9941
2026-07-31 21:00:00+00:00,5,1.024919,0.6353,0.0,36.9941
2026-07-31 22:00:00+00:00,5,1.024919,0.6353,0.0,36.9941
2026-07-31 23:00:00+00:00,5,1.024919,0.6353,0.0,36.9941
2026-08-01 00:00:00+00:00,5,1.024919,0.6353,0.0,36.9941
2026-08-01 01:00:00+00:00,5,1.024919,0.6353,0.0,36.9941
2026-08-01 02:00:00+00:00,5,1.024919,0.6353,0.0,36.9941
2026-08-01 03:00:00+00:00,5,1.024919,0.6353,0.0,36.9941
2026-08-01 04:00:00+00:00,5,1.024919,0.6353,0.0,36.9941
2026-08-01 05:00:00+00:00,5,1.024919,0.6353,0.0,36.9941
2026-08-01 06:00:00+00:00,5,1.024919,0.6353,0.0,36.9941
2026-08-01 07:00:00+00:00,5,1.024919,0.6353,0.0,36.9941
2026-08-01 08:00:00+00:00,5,1.024919,0.6353,0.0,36.9941
2026-08-01 09:00:00+00:00,5,1.024919,0.6353,0.0,36.9941
2026-08-01 10:00:00+00:00,5,1.024919,0.6353,0.0,36.9941
2026-08-01 11:00:00+00:00,5,1.024919,0.6353,0.0,36.9941
2026-08-01 12:00:00+00:00,5,1.024919,0.6353,0.0,36.9941
2026-08-01 13:00:00+00:00,5,1.024919,0.6353,0.0,36.9941
2026-08-01 14:00:00+00:00,5,1.024919,0.6353,0.0,36.9941
2026-08-01 15:00:00+00:00,5,1.024919,0.6353,0.0,36.9941
2026-08-01 16:00:00+00:00,5,1.024919,0.6353,0.0,36.9941
2026-08-01 17:00:00+00:00,5,1.024919,0.6353,0.0,36.9941
2026-08-01 18:00:00+00:00,5,1.024919,0.6353,0.0,36.9941
2026-08-01 19:00:00+00:00,5,1.024919,0.6353,0.0,36.9941
2026-08-01 20:00:00+00:00,5,1.024919,0.6353,0.0,36.9941
2026-08-01 21:00:00+00:00,5,1.024919,0.6353,0.0,36.9941
2026-08-01 22:00:00+00:00,5,1.024919,0.6353,0.0,36.9941
2026-08-01 23:00:00+00:00,5,1.024919,0.6353,0.0,36.9941
2026-08-02 00:00:00+00:00,5,1.024919,0.6353,0.0,36.9941
2026-08-02 01:00:00+00:00,5,1.024919,0.6353,0.0,36.9941
2026-08-02 02:00:00+00:00,5,1.024919,0.6353,0.0,36.9941
2026-08-02 03:00:00+00:00,5,1.024919,0.6353,0.0,36.9941
2026-08-02 04:00:00+00:00,5,1.024919,0.6353,0.0,36.9941
2026-08-02 05:00:00+00:00,5,1.024919,0.6353,0.0,36.9941
2026-08-02 06:00:00+00:00,5,1.024919,0.6353,0.0,36.9941
2026-08-02 07:00:00+00:00,5,1.024919,0.6353,0.0,36.9941
2026-08-02 08:00:00+00:00,5,1.024919,0.6353,0.0,36.9941
2026-08-02 09:00:00+00:00,5,1.024919,0.6353,0.0,36.9941
2026-08-02 10:00:00+00:00,5,1.024919,0.6353,0.0,36.9941
2026-08-02 11:00:00+00:00,5,1.024919,0.6353,0.0,36.9941
2026-08-02 12:00:00+00:00,5,1.024919,0.6353,0.0,36.9941
2026-08-02 13:00:00+00:00,5,1.024919,0.6353,0.0,36.9941
2026-08-02 14:00:00+00:00,5,1.024919,0.6353,0.0,36.9941
2026-08-02 15:00:00+00:00,5,1.024919,0.6353,0.0,36.9941
2026-08-02 16:00:00+00:00,5,1.024919,0.6353,0.0,36.9941
2026-08-02 17:00:00+00:00,5,1.024919,0.6353,0.0,36.9941
2026-08-02 18:00:00+00:00,5,1.024919,0.6353,0.0,36.9941
2026-08-02 19:00:00+00:00,5,1.024919,0.6353,0.0,36.9941
2026-08-02 20:00:00+00:00,5,1.024919,0.6353,0.0,36.9941
2026-08-02 21:00:00+00:00,5,1.024919,0.6353,0.0,36.9941
2026-08-02 22:00:00+00:00,5,1.024919,0.6353,0.0,36.9941
2026-08-02 23:00:00+00:00,5,1.024919,0.6353,0.0,36.9941
2026-08-03 00:00:00+00:00,5,1.024919,0.6353,0.0,36.9941
2026-08-03 01:00:00+00:00,5,1.024919,0.6353,0.0,36.9941
2026-08-03 02:00:00+00:00,5,1.024919,0.6353,0.0,36.9941
2026-08-03 03:00:00+00:00,5,1.024919,0.6353,0.0,36.9941
2026-08-03 04:00:00+00:00,5,1.024919,0.6353,0.0,36.9941
2026-08-03 05:00:00+00:00,5,1.024919,0.6353,0.0,36.9941
2026-08-03 06:00:00+00:00,5,1.024919,0.6353,0.0,36.9941
2026-08-03 07:00:00+00:00,5,1.024919,0.6353,0.0,36.9941
2026-08-03 08:00:00+00:00,5,1.024919,0.6353,0.0,36.9941
2026-08-03 09:00:00+00:00,5,1.024919,0.6353,0.0,36.9941
2026-08-03 10:00:00+00:00,5,1.024919,0.6353,0.0,36.9941
2026-08-03 11:00:00+00:00,5,1.024919,0.6353,0.0,36.9941
2026-08-03 12:00:00+00:00,5,1.024919,0.6353,0.0,36.9941
2026-08-03 13:00:00+00:00,5,1.024919,0.6353,0.0,36.9941
2026-08-03 14:00:00+00:00,5,1.024919,0.6353,0.0,36.9941
2026-08-03 15:00:00+00:00,5,1.024919,0.6353,0.0,36.9941
2026-08-03 16:00:00+00:00,5,1.024919,0.6353,0.0,36.9941
2026-08-03 17:00:00+00:00,5,1.024919,0.6353,0.0,36.9941
2026-08-03 18:00:00+00:00,5,1.024919,0.6353,0.0,36.9941
2026-08-03 19:00:00+00:00,5,1.024919,0.6353,0.0,36.9941
2026-08-03 20:00:00+00:00,5,1.024919,0.6353,0.0,36.9941
2026-08-03 21:00:00+00:00,5,1.024919,0.6353,0.0,36.9941
2026-08-03 22:00:00+00:00,5,1.024919,0.6353,0.0,36.9941
2026-08-03 23:00:00+00:00,5,1.024919,0.6353,0.0,36.9941
2026-08-04 00:00:00+00:00,5,1.024919,0.6353,0.0,36.9941
2026-08-04 01:00:00+00:00,5,1.024919,0.6353,0.0,36.9941
2026-08-04 02:00:00+00:00,5,1.024919,0.6353,0.0,36.9941
2026-08-04 03:00:00+00:00,5,1.024919,0.6353,0.0,36.9941
2026-08-04 04:00:00+00:00,5,1.024919,0.6353,0.0,36.9941
2026-08-04 05:00:00+00:00,5,1.024919,0.6353,0.0,36.9941
2026-08-04 06:00:00+00:00,5,1.024919,0.6353,0.0,36.9941
2026-08-04 07:00:00+00:00,5,1.024919,0.6353,0.0,36.9941
2026-08-04 08:00:00+00:00,5,1.024919,0.6353,0.0,36.9941
2026-08-04 09:00:00+00:00,5,1.024919,0.6353,0.0,36.9941
2026-08-04 10:00:00+00:00,5,1.024919,0.6353,0.0,36.9941
2026-08-04 11:00:00+00:00,5,1.024919,0.6353,0.0,36.9941
2026-08-04 12:00:00+00:00,5,1.024919,0.6353,0.0,36.9941
2026-08-04 13:00:00+00:00,5,1.024919,0.6353,0.0,36.9941
2026-08-04 14:00:00+00:00,5,1.024919,0.6353,0.0,36.9941
2026-08-04 15:00:00+00:00,5,1.024919,0.6353,0.0,36.9941
2026-08-04 16:00:00+00:00,5,1.024919,0.6353,0.0,36.9941
2026-08-04 17:00:00+00:00,5,1.024919,0.6353,0.0,36.9941
2026-08-04 18:00:00+00:00,5,1.024919,0.6353,0.0,36.9941
2026-08-04 19:00:00+00:00,5,1.024919,0.6353,0.0,36.9941
2026-08-04 20:00:00+00:00,5,1.024919,0.6353,0.0,36.9941
2026-08-04 21:00:00+00:00,5,1.024919,0.6353,0.0,36.9941
2026-08-04 22:00:00+00:00,5,1.024919,0.6353,0.0,36.9941
2026-08-04 23:00:00+00:00,5,1.024919,0.6353,0.0,36.9941
2026-08-05 00:00:00+00:00,5,1.024919,0.6353,0.0,36.9941
2026-08-05 01:00:00+00:00,5,1.024919,0.6353,0.0,36.9941
2026-08-05 02:00:00+00:00,5,1.024919,0.6353,0.0,36.9941
2026-08-05 03:00:00+00:00,5,1.024919,0.6353,0.0,36.9941
2026-08-05 04:00:00+00:00,5,1.024919,0.6353,0.0,36.9941
2026-08-05 05:00:00+00:00,5,1.024919,0.6353,0.0,36.9941
2026-08-05 06:00:00+00:00,5,1.024919,0.6353,0.0,36.9941
2026-08-05 07:00:00+00:00,5,1.024919,0.6353,0.0,36.9941
2026-08-05 08:00:00+00:00,5,1.024919,0.6353,0.0,36.9941
2026-08-05 09:00:00+00:00,5,1.024919,0.6353,0.0,36.9941
2026-08-05 10:00:00+00:00,5,1.024919,0.6353,0.0,36.9941
2026-08-05 11:00:00+00:00,5,1.024919,0.6353,0.0,36.9941
2026-08-05 12:00:00+00:00,5,1.024919,0.6353,0.0,36.9941
2026-08-05 13:00:00+00:00,5,1.024919,0.6353,0.0,36.9941
2026-08-05 14:00:00+00:00,5,1.024919,0.6353,0.0,36.9941
2026-08-05 15:00:00+00:00,5,1.024919,0.6353,0.0,36.9941
2026-08-05 16:00:00+00:00,5,1.024919,0.6353,0.0,36.9941
2026-08-05 17:00:00+00:00,5,1.024919,0.6353,0.0,36.9941
2026-08-05 18:00:00+00:00,5,1.024919,0.6353,0.0,36.9941
2026-08-05 19:00:00+00:00,5,1.024919,0.6353,0.0,36.9941
2026-08-05 20:00:00+00:00,5,1.024919,0.6353,0.0,36.9941
2026-08-05 21:00:00+00:00,5,1.024919,0.6353,0.0,36.9941
2026-08-05 22:00:00+00:00,5,1.024919,0.6353,0.0,36.9941
2026-08-05 23:00:00+00:00,5,1.024919,0.6353,0.0,36.9941
2026-08-06 00:00:00+00:00,5,1.024919,0.6353,0.0,36.9941
2026-08-06 01:00:00+00:00,5,1.024919,0.6353,0.0,36.9941
2026-08-06 02:00:00+00:00,5,1.024919,0.6353,0.0,36.9941
2026-08-06 03:00:00+00:00,5,1.024919,0.6353,0.0,36.9941
2026-08-06 04:00:00+00:00,5,1.024919,0.6353,0.0,36.9941
2026-08-06 05:00:00+00:00,5,1.024919,0.6353,0.0,36.9941
2026-08-06 06:00:00+00:00,5,1.024919,0.6353,0.0,36.9941
2026-08-06 07:00:00+00:00,5,1.024919,0.6353,0.0,36.9941
2026-08-06 08:00:00+00:00,5,1.024919,0.6353,0.0,36.9941
